tree
version=v4
num_class=1
num_tree_per_iteration=1
label_index=0
max_feature_idx=29
objective=binary sigmoid:1
feature_names=asof_pitcher_n asof_pitcher_success_rate asof_pitcher_reverse_rate asof_pitcher_middle_rate asof_pitcher_ball_rate asof_pitcher_strike_rate asof_pitcher_prev1_game_success_rate asof_pitcher_prev3_game_success_rate asof_pitcher_prev5_game_success_rate asof_pitcher_prev1_game_middle_rate asof_pitcher_prev3_game_middle_rate asof_pitcher_prev5_game_middle_rate asof_batter_n asof_batter_success_rate asof_batter_middle_rate asof_pitcher_pitchmix_n asof_pitcher_fastball_rate asof_pitcher_breaking_rate asof_pitcher_offspeed_rate matchup_1_1 matchup_1_2 matchup_2_1 matchup_2_2 same_hand balls_before strikes_before inning home_win_expectancy num_runners_on li
feature_infos=[0:11946] [0:1] [0:1] [0:1] [0:1] [0:1] [0:1] [0.15384600000000001:0.84999999999999998] [0.15384600000000001:0.84999999999999998] [0:1] [0:0.47826099999999999] [0:0.47826099999999999] [0:11972] [0:1] [0:1] [0:11946] [0:1] [0:1] [0:0.80000000000000004] [0:1] [0:1] [0:1] [0:1] [0:1] [0:3] [0:2] [1:13] [0:100] [0:3] [0:10.83]
tree_sizes=1751 1800 1792 1790 1796 1798 1793 1793 1786 1807 1792 1803 1782 1796 1800 1773 1787 1799 1795 1779 1793 1793 1806 1792 1799 1782 1798 1788 1778 1789 1796 1790 1804 1799 1792 1784 1801 1808 1802 1786 1778 1801 1780 1787 1795 1794 1792 1791 1794 1790 1787 1792 1793 1779 1788 1785 1791 1775 1782 1787 1802 1780 1796 1773 1794 1773 1786 1782 1792 1789 1790 1790 1757 1796 1793 1780 1792 1779 1745 1788 1776 1786 1787 1776 1782

Tree=0
num_leaves=15
num_cat=0
split_feature=23 2 16 10 21 9 2 19 0 0 4 11 16 4
split_gain=95.6182 47.0927 28.5022 21.5823 16.2601 16.0945 15.9674 15.7669 20.6804 16.5643 18.8256 12.9083 12.6702 12.4299
threshold=1.0000000180025095e-35 0.29177100000000006 0.65110400000000002 0.070925550000000018 1.0000000180025095e-35 0.34057950000000009 0.28573950000000009 1.0000000180025095e-35 1043.5000000000002 2647.5000000000005 0.39118850000000005 0.11095300000000001 0.63332500000000014 0.33337150000000004
decision_type=2 8 10 10 2 10 10 2 2 2 10 10 10 8
left_child=4 2 7 -4 12 -6 -5 9 -9 10 -2 -8 -1 -3
right_child=1 13 3 6 5 -7 11 8 -10 -11 -12 -13 -14 -15
leaf_value=-0.13470315551599019 -0.13158568140688759 -0.12879024264609026 -0.13446231015809723 -0.14474426422833905 -0.13650575907275728 -0.12217264427395363 -0.14915959470349507 -0.15072053736390315 -0.13849241764891773 -0.13999055901333718 -0.13766102710069331 -0.124610108268103 -0.1293377233300029 -0.14675460040463695
leaf_weight=961.66646204888821 753.90669599175453 35.829229116439819 254.53681518137455 1368.2286868840456 3087.2852421998978 72.156086415052414 27.36955001950264 181.88310058414936 394.3703343719244 1034.5689907371998 1173.6560676544905 65.18929186463356 673.53974457085133 1066.4171943962574
leaf_count=3865 3030 144 1023 5499 12408 290 110 731 1585 4158 4717 262 2707 4286
internal_value=-0.13812 -0.140533 -0.13935 -0.142524 -0.134922 -0.136178 -0.143928 -0.137812 -0.142352 -0.136928 -0.135285 -0.131869 -0.132493 -0.146171
internal_weight=11150.6 6355.96 5253.71 1715.32 4794.65 3159.44 1460.79 3538.39 576.253 2962.13 1927.56 92.5588 1635.21 1102.25
internal_count=44815 25545 21115 6894 19270 12698 5871 14221 2316 11905 7747 372 6572 4430
is_linear=0
shrinkage=1


Tree=1
num_leaves=15
num_cat=0
split_feature=20 2 6 21 21 25 7 5 8 19 24 6 7 2
split_gain=75.0713 52.5156 32.8763 25.8209 23.2571 21.3799 16.1329 16.1144 15.2304 22.5236 17.901 17.1055 13.9701 14.0949
threshold=1.0000000180025095e-35 0.30220200000000003 0.48369350000000005 1.0000000180025095e-35 1.0000000180025095e-35 1.0000000180025095e-35 0.35019700000000004 0.40616900000000006 0.43438450000000001 1.0000000180025095e-35 1.5000000000000002 0.40954550000000006 0.65419550000000015 0.092431750000000021
decision_type=2 8 8 2 2 2 8 10 10 2 2 10 8 10
left_child=1 2 3 8 -3 12 -7 -4 -1 10 -10 -11 13 -2
right_child=5 4 7 -5 -6 6 -8 -9 9 11 -12 -13 -14 -15
leaf_value=-0.0067247136298040962 0.032916811383862418 -0.0087158324865478191 -0.00099450598420273073 0.0014820696731671381 -0.00032435617061598378 -0.013326933934622857 0.004142020819543667 0.003250386722893679 0.0015615871748175599 -0.015929141741604612 -0.0063613358796001012 -0.002396292806898397 -0.0016764250798025988 0.010705685640286256
leaf_weight=884.84092111885548 26.886518359184265 975.52889914810658 1117.0764325112104 1436.3447449207306 427.51575650274754 50.280062079429626 885.84894877672195 2879.7989254742861 1106.9043512195349 161.67413000762463 334.12763099372387 175.10991960763931 79.652104735374451 589.40768611431122
leaf_count=3557 108 3923 4490 5772 1718 202 3559 11574 4449 650 1343 704 320 2368
internal_value=0.000220598 -0.000800633 0.000127975 -0.00175981 -0.0061589 0.00616432 0.00320375 0.00206399 -0.00350861 -0.00190791 -0.000275477 -0.00889277 0.0101466 0.0116747
internal_weight=11131 9498.92 8095.88 4099 1403.04 1632.08 936.129 3996.88 2662.66 1777.82 1441.03 336.784 695.946 616.294
internal_count=44737 38180 32539 16475 5641 6557 3761 16064 10703 7146 5792 1354 2796 2476
is_linear=0
shrinkage=0.03


Tree=2
num_leaves=15
num_cat=0
split_feature=20 21 6 4 18 18 17 1 1 18 17 17 11 9
split_gain=63.1447 48.2598 46.9562 27.9948 20.8556 17.3492 19.1397 18.5682 13.6156 13.337 23.7666 12.1201 11.8915 13.3974
threshold=1.0000000180025095e-35 1.0000000180025095e-35 0.40954550000000006 0.41914550000000006 0.11061700000000001 0.18783800000000003 0.27977400000000008 0.465478 0.41421350000000007 0.14922600000000003 0.32822650000000003 0.27769250000000006 0.12971900000000003 0.18133450000000004
decision_type=2 2 8 8 10 8 10 10 8 10 10 10 10 10
left_child=1 2 -1 5 -5 6 -4 -8 -3 12 -11 -2 13 -9
right_child=11 8 3 4 -6 -7 7 9 -10 10 -12 -13 -14 -15
leaf_value=-0.0063155591598965909 0.0082454276133228487 -0.0048752310064901641 -0.0032533025564913461 -0.0069744452098401263 0.0025776882045241102 0.0062078564106359041 -0.0092703929941357795 0.0051989496922693057 0.0028013012817373231 -0.013913904370443462 0.0055364041004636773 0.003065128865635606 0.00098746120107053503 0.019983316522387232
leaf_weight=1853.6246052384377 798.12847030162811 223.95891030132771 1084.5882909744978 865.36566668748856 269.86647990345955 453.11619912087917 126.8033471852541 656.22518734633923 2908.3078409582376 112.4433605670929 113.72463022172451 828.35705997049809 722.56379605829716 60.227263391017914
leaf_count=7455 3205 900 4360 3480 1085 1821 510 2637 11686 452 457 3327 2904 242
internal_value=0.000147268 -0.000792376 -0.00230176 -0.000635424 -0.00470372 0.00075163 -0.000107831 0.00179594 0.00225242 0.00263864 -0.00413366 0.00560714 0.00370303 0.00644177
internal_weight=11077.3 9450.82 6318.55 4464.92 1135.23 3329.69 2876.58 1791.99 3132.27 1665.18 226.168 1626.49 1439.02 716.452
internal_count=44521 37989 25403 17948 4565 13383 11562 7202 12586 6692 909 6532 5783 2879
is_linear=0
shrinkage=0.03


Tree=3
num_leaves=15
num_cat=0
split_feature=23 18 1 1 6 16 27 12 24 22 6 22 27 18
split_gain=95.6353 36.7917 26.5778 22.3648 19.6048 19.0141 15.4482 21.6546 10.9147 11.6329 10.0131 9.93723 10.8449 9.40414
threshold=1.0000000180025095e-35 0.16558600000000004 0.4522580000000001 0.40827050000000004 0.48074050000000007 0.61842950000000008 99.65000000000002 2177.5000000000005 1.5000000000000002 1.0000000180025095e-35 0.30860800000000005 1.0000000180025095e-35 53.550000000000004 0.14922600000000003
decision_type=2 10 10 8 8 10 2 2 2 2 8 2 2 10
left_child=3 2 -2 -1 5 -4 -5 -8 9 -7 -3 12 -12 -6
right_child=1 10 4 6 13 8 7 -9 -10 -11 11 -13 -14 -15
leaf_value=-0.0044726826785973506 -0.0082040226410739735 -0.008923913903553125 -0.0017164883889132859 0.003536341111332005 0.00014957765350170923 -0.01391465371106587 0.008236726885437487 0.037575424201466048 -0.012626388211375629 -0.003955124277851582 -0.013247646150020298 0.0049607827003377786 0.0084749191010911919 -0.0074482217230636572
leaf_weight=305.81470209360123 817.53226733207703 58.175758719444275 1186.9079562723637 4269.4156404137611 2130.3810081481934 125.20879082381725 168.82462331652641 26.148731276392937 257.18079133331776 672.18824483454227 58.204570129513741 815.80111794173717 32.087891548871994 157.45382030308247
leaf_count=1229 3291 234 4773 17148 8563 504 678 105 1035 2704 234 3278 129 633
internal_value=0.000170159 -0.00225282 -0.00322555 0.00337583 -0.00232695 -0.00432097 0.00391346 0.0121715 -0.00725228 -0.00551899 0.00314095 0.00391558 -0.00552794 -0.00037332
internal_weight=11081.3 6311.12 5346.85 4770.2 4529.32 2241.49 4464.39 194.973 1054.58 797.397 964.269 906.094 90.2925 2287.83
internal_count=44538 25378 21503 19160 18212 9016 17931 783 4243 3208 3875 3641 363 9196
is_linear=0
shrinkage=0.03


Tree=4
num_leaves=15
num_cat=0
split_feature=23 8 16 17 6 7 16 16 14 9 12 11 11 3
split_gain=90.0146 43.9332 27.5637 22.6083 24.4865 20.997 14.8629 14.0549 13.6737 12.8919 12.4493 14.2556 10.7278 13.4176
threshold=1.0000000180025095e-35 0.41526450000000009 0.61652400000000018 0.19647550000000003 0.48808850000000004 0.40872950000000002 0.56945650000000014 0.48125400000000007 0.16998900000000003 0.31534100000000004 58.500000000000007 0.18148850000000002 0.10166700000000001 0.13311800000000004
decision_type=2 8 8 8 10 10 10 10 10 10 2 10 10 10
left_child=5 -2 6 10 -5 9 7 12 -7 -1 -4 -12 13 -3
right_child=1 2 3 4 -6 8 -8 -9 -10 -11 11 -13 -14 -15
leaf_value=-0.00080831548637249381 -0.0074772439087968977 -0.0099740990882648071 0.0137823263131672 -0.0087952748375216584 -0.0015257324102170176 0.0040535102828422719 0.0041572199692028449 -0.0017421378322898372 0.012541231133304818 0.013569035972611283 -0.0014407496841811673 0.016592387830160978 0.0074296322734921458 0.013242206527957946
leaf_weight=1142.9081010222435 1131.7028315663338 80.093626022338867 67.137542933225632 848.53668244183064 820.02170862257481 3415.3654506355524 909.11770612001419 1594.5759593695402 179.81661896407604 59.029965594410896 476.04615843296051 43.018933311104774 299.92315204441547 31.105223461985588
leaf_count=4591 4556 322 270 3416 3297 13714 3654 6410 722 237 1915 173 1205 125
internal_value=0.00023393 -0.00212342 -0.000951378 -0.00344206 -0.00522262 0.00333043 0.00097529 -0.000466976 0.00447803 -0.00010221 0.00162612 5.37957e-05 0.00447886 -0.00347989
internal_weight=11098.4 6301.28 5169.58 2254.76 1668.56 4797.12 2914.82 2005.7 3595.18 1201.94 586.203 519.065 411.122 111.199
internal_count=44607 25343 20787 9071 6713 19264 11716 8062 14436 4828 2358 2088 1652 447
is_linear=0
shrinkage=0.03


Tree=5
num_leaves=15
num_cat=0
split_feature=23 8 19 3 16 6 24 5 7 16 10 6 16 18
split_gain=82.8597 48.8994 30.4176 26.9329 21.3185 17.7071 20.1286 13.8194 13.1774 12.7552 12.0217 11.8202 11.5095 10.4028
threshold=1.0000000180025095e-35 0.41699500000000006 1.0000000180025095e-35 0.11112200000000001 0.61652400000000018 0.48074050000000007 1.5000000000000002 0.44045150000000005 0.43465350000000008 0.42028050000000006 0.23956500000000003 0.38348400000000005 0.56945650000000014 0.32887200000000005
decision_type=2 8 2 10 8 8 2 10 10 10 10 8 10 10
left_child=8 -2 4 -4 9 6 -6 11 -1 -3 -10 -5 13 -11
right_child=1 2 3 7 5 -7 -8 -9 10 12 -12 -13 -14 -15
leaf_value=0.00090806207176803645 -0.0075849438029557369 0.014590824079983208 -0.018657284274570536 -0.015390001448201275 -0.0029202520629999238 0.00023394253378046192 -0.014328764328973924 0.0035005368905807839 0.0039843098413813154 -0.0006259673529625077 0.016360857600809155 -0.0040330302443870678 0.0044843422836856389 0.008071230729162656
leaf_weight=1567.5742570757866 1176.9521307200193 70.958711013197899 126.91136215627193 99.703620836138725 545.53908847272396 1060.7215752601624 186.86211812496185 181.26310846209526 3147.0343144834042 1406.9660633951426 72.255121037364006 477.42307655513287 851.43198300898075 135.71454684436321
leaf_count=6296 4741 285 511 402 2196 4266 753 729 12633 5655 290 1921 3421 545
internal_value=0.000186338 -0.00206863 -0.000806367 -0.00586603 0.000245564 -0.00224327 -0.00583098 -0.0037255 0.00316374 0.00205598 0.00426209 -0.00599505 0.00168446 0.000139153
internal_weight=11107.3 6320.45 5143.5 885.301 4258.19 1793.12 732.401 758.39 4786.86 2465.07 3219.29 577.127 2394.11 1542.68
internal_count=44644 25425 20684 3563 17121 7215 2949 3052 19219 9906 12923 2323 9621 6200
is_linear=0
shrinkage=0.03


Tree=6
num_leaves=15
num_cat=0
split_feature=23 8 2 19 4 5 2 3 16 16 2 16 17 5
split_gain=73.9308 37.8771 24.7178 25.0248 21.2823 20.8573 19.1463 14.3487 13.4736 13.3226 12.8029 14.6999 12.0365 12.2257
threshold=1.0000000180025095e-35 0.43438450000000001 0.30005750000000003 1.0000000180025095e-35 0.41914550000000006 0.43998450000000006 0.35946800000000007 0.11806800000000002 0.61842950000000008 0.52416950000000007 0.11042400000000001 0.42028050000000006 0.20982550000000003 0.45000500000000004
decision_type=2 8 8 2 10 10 10 10 10 10 10 10 10 10
left_child=6 8 3 4 10 7 -1 -5 12 -6 -3 -12 -2 -14
right_child=1 2 -4 5 9 -7 -8 -9 -10 -11 11 -13 13 -15
leaf_value=0.0034263637396557737 0.01211072317129658 0.0099283021432488312 -0.0068224551817113498 -0.01800050821956805 0.0067436772276424327 0.0042489470781317444 -0.0060164994617812337 -0.0054045778230502025 -0.0088186374994332697 -0.004680492271349165 0.01752361684598526 0.0015716997467020179 -0.0032009429933322524 -0.020366924965891414
leaf_weight=4575.2550817877054 43.536838725209236 192.69131819903851 512.56113821268082 97.726567134261131 106.26138846576214 176.81889271736145 201.77300219237804 487.03731785714626 767.97183994948864 678.41917371749878 53.105620637536049 2477.8917258381844 693.7235944122076 39.464648738503456
leaf_count=18365 175 774 2065 394 427 711 811 1961 3096 2729 213 9959 2794 159
internal_value=0.00021032 -0.00191665 -0.000597496 0.000149743 0.00121979 -0.0047796 0.00302751 -0.00750963 -0.00600088 -0.00313343 0.00247393 0.0019064 -0.00321488 -0.00412492
internal_weight=11104.2 6327.21 4782.51 4269.95 3508.37 761.583 4777.03 584.764 1544.7 784.681 2723.69 2531 776.725 733.188
internal_count=44633 25457 19233 17168 14102 3066 19176 2355 6224 3156 10946 10172 3128 2953
is_linear=0
shrinkage=0.03


Tree=7
num_leaves=15
num_cat=0
split_feature=23 2 18 7 7 22 29 13 9 7 1 3 18 15
split_gain=77.3318 47.6094 22.7176 18.4305 15.6763 14.9806 16.0171 24.6488 18.0134 14.1684 12.8431 15.4422 12.4937 18.7478
threshold=1.0000000180025095e-35 0.29776550000000007 0.19730900000000004 0.43465350000000008 0.41625450000000003 1.0000000180025095e-35 0.51500000000000012 0.52393450000000008 0.037749250000000005 0.43792800000000004 0.67482750000000014 0.12429250000000001 0.0150825 1454.5000000000002
decision_type=2 8 10 10 8 2 2 8 8 10 10 10 10 2
left_child=3 2 4 -1 -2 12 8 -8 -7 -9 11 -11 -6 -14
right_child=1 -3 -4 -5 5 6 7 9 -10 10 -12 -13 13 -15
leaf_value=0.00025880984206786079 -0.0052790578652107192 -0.0080571270543752498 0.0044062466074827429 0.0042239728450145127 0.0032376319300889723 0.0087317732073247788 -0.002262612255874335 0.012746251196074122 -0.0044607695271641134 -0.0020376580734226407 0.014382659941469247 0.0056011169021115033 -0.012546955168978125 -0.0016029947069157915
leaf_weight=1570.0931486189365 892.79222194850445 1022.9422504156828 620.42280484735966 3215.9614576250315 139.39051453769207 104.00069390237331 883.42279356718063 156.88576808571815 892.75889854133129 440.21243105828762 83.200170159339905 518.97079600393772 267.84195570647717 297.19425849616528
leaf_count=6305 3597 4126 2492 12904 561 418 3552 631 3590 1770 334 2086 1080 1196
internal_value=4.65038e-05 -0.00213195 -0.000987719 0.00292318 -0.0017033 -0.000859613 4.32007e-05 0.00153999 -0.00308428 0.00434111 0.00307608 0.00209534 -0.00480633 -0.00679072
internal_weight=11106.1 6320.04 5297.09 4786.05 4676.67 3783.88 3079.45 2082.69 996.76 1199.27 1042.38 959.183 704.427 565.036
internal_count=44642 25433 21307 19209 18815 15218 12381 8373 4008 4821 4190 3856 2837 2276
is_linear=0
shrinkage=0.03


Tree=8
num_leaves=15
num_cat=0
split_feature=8 19 23 1 18 23 0 2 0 0 0 4 0 27
split_gain=64.2249 40.0473 22.782 20.6746 23.0428 24.0145 20.7469 19.196 15.6936 12.9059 30.378 13.5785 12.5859 12.8715
threshold=0.41526450000000009 1.0000000180025095e-35 1.0000000180025095e-35 0.67913150000000011 0.16212300000000004 1.0000000180025095e-35 336.50000000000006 0.18859650000000003 1131.5000000000002 2247.5000000000005 3068.5000000000005 0.35322250000000005 1165.5000000000002 64.350000000000009
decision_type=10 2 2 10 10 2 2 8 2 2 2 10 2 2
left_child=2 3 -1 4 5 9 -5 -4 -3 12 -11 -12 13 -2
right_child=1 8 7 6 -6 -7 -8 -9 -10 10 11 -13 -14 -15
leaf_value=-0.00094751275015445219 1.9975728014481034e-05 -0.009425366982634879 0.0024583801914346034 -0.0036356547814960193 0.0048615303516135484 -0.0011919182683378783 0.014213326913076186 -0.0080603071226401628 -0.0012512906526441637 -0.0056846077412221864 0.018798087132503492 0.0031924213377513238 0.007388250843214564 0.0060490452616228148
leaf_weight=1028.8310589194298 839.93837724626064 397.94269406795502 177.83215460181236 79.71943710744381 1452.5488478392363 3095.742350757122 221.33406618237495 1280.4342527836561 450.93023400008678 471.75419639050961 57.077849850058556 415.21441940963268 649.33235731720924 513.53832346200943
leaf_count=4132 3370 1606 716 320 5830 12453 888 5166 1815 1893 229 1666 2605 2060
internal_value=-0.000117512 0.0011047 -0.00436587 0.00177845 0.00146883 0.00065328 0.00948689 -0.00677758 -0.00508321 0.00259171 -0.000300032 0.00507841 0.00395476 0.00230754
internal_weight=11132.2 8645.07 2487.1 7796.2 7495.15 6042.6 301.054 1458.27 848.873 2946.86 944.046 472.292 2002.81 1353.48
internal_count=44749 34735 10014 31314 30106 24276 1208 5882 3421 11823 3788 1895 8035 5430
is_linear=0
shrinkage=0.03


Tree=9
num_leaves=15
num_cat=0
split_feature=23 8 2 5 16 22 12 16 2 17 20 6 5 8
split_gain=66.501 47.3772 24.0784 23.1579 18.5717 16.7658 15.6132 15.3805 14.8072 13.6392 12.8511 14.1091 21.9897 11.8488
threshold=1.0000000180025095e-35 0.41526450000000009 0.29384800000000005 0.40003900000000009 0.66641050000000013 1.0000000180025095e-35 34.500000000000007 0.63917750000000007 0.32308200000000004 0.36317250000000006 1.0000000180025095e-35 0.52859500000000004 0.36076800000000003 0.44598500000000002
decision_type=2 8 8 10 10 2 2 10 10 10 2 10 10 8
left_child=8 -2 3 -3 7 6 -5 -4 9 10 11 -1 -13 -7
right_child=1 2 4 5 -6 13 -8 -9 -10 -11 -12 12 -14 -15
leaf_value=0.00075942157102101891 -0.0077216379894809407 -0.0042704225974525487 -0.0089403759846284521 0.016732069083686522 -0.0016864477395365208 -0.0024061326125245624 -0.0045190717386989643 -0.027466042920718903 -0.0028608140495317517 -0.00015885691623247736 0.0063099856805514977 -0.011810773206658708 0.0074347772889999482 0.0027567906805394372
leaf_weight=1411.3440216630697 1130.738131120801 978.06718219816685 238.77362348139286 32.782988101243973 336.74743032455444 478.62945184111595 611.58073480427265 48.531183123588562 417.42697842419147 933.97316382825375 1279.6215247511864 58.060185387730598 670.2778582572937 2437.1267453879118
leaf_count=5664 4566 3937 963 132 1359 1925 2464 196 1677 3748 5131 233 2689 9793
internal_value=-0.000134717 -0.00215983 -0.000941568 -0.000181792 -0.00646675 0.000941472 -0.00343789 -0.0120697 0.00253658 0.00305413 0.00393174 0.00250946 0.0059006 0.00190928
internal_weight=11063.7 6292.98 5162.24 4538.19 624.052 3560.12 644.364 287.305 4770.7 4353.28 3419.3 2139.68 728.338 2915.76
internal_count=44477 25335 20769 18251 2518 14314 2596 1159 19142 17465 13717 8586 2922 11718
is_linear=0
shrinkage=0.03


Tree=10
num_leaves=15
num_cat=0
split_feature=23 8 4 22 3 15 7 12 4 3 14 14 22 4
split_gain=53.7029 38.6929 30.1247 17.097 15.7997 14.7778 13.8006 13.2576 12.9471 12.7284 13.6664 12.6351 12.0596 10.6855
threshold=1.0000000180025095e-35 0.43438450000000001 0.41346900000000003 1.0000000180025095e-35 0.11112200000000001 2699.5000000000005 0.43465350000000008 31.500000000000004 0.46929150000000003 0.17035000000000003 0.14910400000000004 0.16883800000000002 1.0000000180025095e-35 0.53953850000000014
decision_type=2 8 8 2 10 2 10 2 10 10 10 8 2 10
left_child=6 13 3 4 -3 12 -1 -6 11 10 -5 -8 -4 -2
right_child=1 2 5 9 7 -7 8 -9 -10 -11 -12 -13 -14 -15
leaf_value=0.0001067645503308443 -0.0055041883608030117 -0.016397065906695069 -0.010777526800388312 0.0027918857262088197 0.019316280816586505 0.011903149850420439 0.0034640868479439073 -0.0027114174408522963 -0.0062160715574285496 0.010040499354316702 -0.0024869469627759734 0.011958251146496502 -0.0033656319358661272 -0.020932413575172552
leaf_weight=1558.2630205005407 1508.8378055542707 74.40924035012722 237.28982110321522 1964.2775497287512 25.866640418767929 50.535501852631569 2908.7615790069103 498.48904328048229 117.65435114502907 171.94165875017643 569.31874167919159 166.63790646195412 1180.2311613559723 41.513907611370087
leaf_count=6257 6092 301 959 7893 104 203 11665 2008 472 691 2289 668 4752 168
internal_value=1.12346e-05 -0.00179978 -0.00046216 0.00112656 -0.00346055 -0.00403805 0.00242121 -0.00162478 0.00355069 0.00214174 0.00160569 0.00392434 -0.00460637 -0.00591731
internal_weight=11074 6322.71 4772.36 3304.3 598.765 1468.06 4751.32 524.356 3193.05 2705.54 2533.6 3075.4 1417.52 1550.35
internal_count=44522 25460 19200 13286 2413 5914 19062 2112 12805 10873 10182 12333 5711 6260
is_linear=0
shrinkage=0.03


Tree=11
num_leaves=15
num_cat=0
split_feature=23 6 18 1 4 3 3 10 17 12 1 18 21 22
split_gain=67.0043 30.1007 16.3657 15.7234 13.7404 11.92 11.5811 11.3725 14.2099 18.9065 17.9171 11.8161 11.136 10.9252
threshold=1.0000000180025095e-35 0.40954550000000006 0.20158850000000003 0.41938800000000004 0.43410150000000008 0.11225600000000001 0.10836100000000001 0.13053300000000004 0.27545750000000008 2875.5000000000005 0.47660800000000009 0.15297850000000005 1.0000000180025095e-35 1.0000000180025095e-35
decision_type=2 8 10 8 8 8 10 10 10 2 10 10 2 2
left_child=3 13 4 -1 6 -5 -3 8 9 10 -8 -12 -7 -2
right_child=1 2 -4 5 -6 12 7 -9 -10 -11 11 -13 -14 -15
leaf_value=-0.0033906031785502235 -0.010740582686836272 -0.0041489615206397731 0.0045975164035646048 0.0066389978519288718 -0.0051792936283262727 0.0047598589829305673 0.013930105084860674 -0.0013558996254790065 0.0047071910875835085 -0.021036174351058218 -0.0069071221426944404 0.0064031410281146358 0.0013300340857380828 -0.0041060332609823046
leaf_weight=334.31888861954212 259.66596531867981 595.70773613452911 505.10967822372913 813.07135720551014 635.18539416790009 1365.8058067858219 68.54966513812542 1438.7796763032675 866.22753936052322 42.477192789316177 209.95500816404819 84.059459894895554 2264.624477699399 1598.6144646555185
leaf_count=1344 1051 2398 2028 3261 2562 5475 276 5789 3482 171 846 338 9086 6450
internal_value=0.000204068 -0.00182668 -0.000486514 0.00288364 -0.00113813 0.0033557 -0.000361643 0.000470864 0.00253833 -0.00210002 0.0001185 -0.00310169 0.00262037 -0.00503311
internal_weight=11082.2 6304.33 4446.05 4777.82 3940.94 4443.5 3305.76 2710.05 1271.27 405.041 362.564 294.014 3630.43 1858.28
internal_count=44557 25391 17890 19166 15862 17822 13300 10902 5113 1631 1460 1184 14561 7501
is_linear=0
shrinkage=0.03


Tree=12
num_leaves=15
num_cat=0
split_feature=8 20 1 1 25 9 29 4 4 0 0 9 1 27
split_gain=41.3536 26.2268 24.5395 16.3186 15.864 14.873 16.9881 12.9449 12.4984 13.1595 15.2706 21.0059 13.4508 12.4961
threshold=0.43438450000000001 1.0000000180025095e-35 0.45504850000000002 0.39441500000000002 1.0000000180025095e-35 0.31534100000000004 1.135 0.36842400000000003 0.35669600000000007 443.50000000000006 355.50000000000006 0.22005950000000005 0.67124400000000006 98.450000000000017
decision_type=10 2 10 10 2 8 2 10 10 2 2 10 10 2
left_child=3 2 -2 -1 13 -5 -7 -6 -4 10 -10 -12 -11 -3
right_child=1 4 8 5 7 6 -8 -9 9 12 11 -13 -14 -15
leaf_value=-0.0073347963400797406 -0.0084882096992979217 0.0073496461533762237 0.0055561312380688482 -0.0030124667653044497 -0.0092771092063458661 -0.00098976682233991014 0.011372645708790433 0.0034846172853037591 -0.00072423826564847217 0.00072994523448748083 -0.0042613180940195873 -0.025027894699178679 0.007739635159444893 0.022602460552713078
leaf_weight=629.78913624584675 276.00698348879814 486.46112778782845 435.2094934284687 2118.0145552456379 80.060965538024902 315.72030743956566 146.4453921020031 671.7710535377264 1347.1433926075697 3968.9136236310005 209.90338085591793 55.41106091439724 262.67992873489857 53.675060153007507
leaf_count=2543 1113 1949 1748 8532 321 1271 589 2692 5419 15947 844 223 1054 215
internal_value=-0.000136719 0.00103668 0.000266728 -0.00300528 0.00494334 -0.00194849 0.00292748 0.00212565 0.000651554 0.000286308 -0.00201986 -0.00859843 0.00116508 0.00886537
internal_weight=11057.2 7847.24 6555.27 3209.97 1291.97 2580.18 462.166 751.832 6279.26 5844.05 1612.46 265.314 4231.59 540.136
internal_count=44460 31525 26348 12935 5177 10392 1860 3013 25235 23487 6486 1067 17001 2164
is_linear=0
shrinkage=0.03


Tree=13
num_leaves=15
num_cat=0
split_feature=8 19 22 12 5 22 24 2 0 14 17 2 17 2
split_gain=39.138 34.2858 23.9453 18.5643 15.2417 15.0086 14.2796 14.0405 12.6663 12.2447 13.4896 15.018 13.4346 11.4159
threshold=0.43438450000000001 1.0000000180025095e-35 1.0000000180025095e-35 34.500000000000007 0.44342550000000008 1.0000000180025095e-35 2.5000000000000004 0.29776550000000007 5999.5000000000009 0.17106900000000003 0.32422550000000006 0.28208200000000005 0.32046350000000007 0.23765250000000002
decision_type=10 2 2 2 10 2 2 10 2 10 10 10 10 10
left_child=2 5 -1 -3 13 9 7 -7 -4 10 12 -12 -2 -5
right_child=1 3 8 4 -6 6 -8 -9 -10 -11 11 -13 -14 -15
leaf_value=-3.645428386361271e-05 0.0038741097920599074 0.013303992656641193 -0.0055602289918784409 -0.0047830235503200022 0.0020774735619477156 0.0015732375103123383 -0.0060074200585113029 -0.0058467400939479271 0.015621120359111262 0.011370848966621641 -0.0011727237751319747 0.011075255544221192 0.023107204712479797 -0.013344560864439119
leaf_weight=1510.6879796236753 2206.6134987026453 48.390616521239281 1661.4399890899658 356.89387711882591 168.99850711226463 3110.8258731812239 281.58997489511967 247.80335709452629 25.803530409932137 159.24330633878708 931.28428237140179 99.751035436987877 33.177991062402725 230.82280458509922
leaf_count=6073 8845 195 6713 1441 680 12502 1133 1001 104 638 3735 400 133 934
internal_value=1.89564e-05 0.00115548 -0.00277992 -0.00471041 -0.0058624 0.00182344 0.000481728 0.00102578 -0.0052363 0.00324736 0.00285186 1.22488e-05 0.00415901 -0.00814552
internal_weight=11073.3 7875.4 3197.93 805.106 756.715 7070.29 3640.22 3358.63 1687.24 3430.07 3270.83 1031.04 2239.79 587.717
internal_count=44527 31637 12890 3250 3055 28387 14636 13503 6817 13751 13113 4135 8978 2375
is_linear=0
shrinkage=0.03


Tree=14
num_leaves=15
num_cat=0
split_feature=6 4 19 22 5 4 29 14 7 22 14 7 6 4
split_gain=28.0137 16.2833 16.0999 22.0658 17.1445 16.1115 12.0086 12.0058 12.8591 11.3437 17.1206 14.2899 13.146 11.2403
threshold=0.40954550000000006 0.43504850000000006 1.0000000180025095e-35 1.0000000180025095e-35 0.40404400000000007 0.3461570000000001 0.045000000000000005 0.13334200000000004 0.73156800000000011 1.0000000180025095e-35 0.17239500000000005 0.42724850000000009 0.45044000000000001 0.34724300000000002
decision_type=10 10 2 2 8 8 2 10 10 2 10 10 10 10
left_child=2 6 3 4 -1 -5 -2 8 -8 10 -9 -11 -12 -7
right_child=1 -3 -4 5 -6 13 7 9 -10 11 12 -13 -14 -15
leaf_value=-0.002976828404226813 0.0069465646713054727 -0.0026346384159305369 -0.0088909179437949466 0.0092432378652173748 0.0035403341773199925 -0.021054363352754905 0.0022375216734904636 0.00055376392490611998 0.012170460489189565 -0.009921128450524952 -0.0053579078144382593 -0.00088894612988563431 0.015587022765113609 -0.0039619726739712167
leaf_weight=576.93802917003632 362.52132253348827 915.05528384447098 288.53520594537258 82.719895422458649 981.00674685835838 35.321524083614349 2985.4740965813398 1627.2102472484112 122.09726883471012 187.63356816768646 34.64619468152523 986.45323053002357 121.72591923177242 1760.7343841046095
leaf_count=2317 1456 3683 1170 333 3936 143 11989 6533 490 757 139 3965 488 7110
internal_value=3.46125e-05 0.00110963 -0.00208435 -0.0015129 0.0011269 -0.00370191 0.00164267 0.00132565 0.00262779 -4.24783e-05 0.00146492 -0.0023324 0.0109464 -0.00429811
internal_weight=11068.1 7342.82 3725.26 3436.72 1557.94 1878.78 6427.76 6065.24 3107.57 2957.67 1783.58 1174.09 156.372 1796.06
internal_count=44509 29500 15009 13839 6253 7586 25817 24361 12479 11882 7160 4722 627 7253
is_linear=0
shrinkage=0.03


Tree=15
num_leaves=15
num_cat=0
split_feature=8 18 1 4 1 26 5 5 7 25 3 3 17 6
split_gain=35.4369 24.3711 15.053 15.0306 14.7698 12.9776 12.839 12.1162 12.2041 12.1046 10.5773 10.4886 9.94432 9.63836
threshold=0.41526450000000009 0.16558600000000004 0.57813750000000008 0.42309900000000006 0.67913150000000011 6.5000000000000009 0.43052000000000007 0.40713700000000003 0.52608900000000014 1.0000000180025095e-35 0.12231700000000001 0.07853605000000001 0.23703500000000002 0.75431050000000011
decision_type=10 10 10 10 10 2 10 10 10 2 8 10 10 10
left_child=2 3 -1 4 13 -5 7 8 -6 -3 -4 12 -7 -2
right_child=1 9 10 5 6 11 -8 -9 -10 -11 -12 -13 -14 -15
leaf_value=-0.0037712324900491681 0.00048073232827411518 0.0013621014427468089 0.0012519424434156363 -0.0044590026609936462 0.01636405417631048 0.0024040510158265154 -0.0010895396029902472 0.017958933917191042 -0.011388657680787872 0.0068817500841899699 0.017883626008883841 0.0031784226025493995 -0.023019399133592494 0.0077555087939924156
leaf_weight=2213.776546433568 5289.2462298721075 609.89909809827805 195.33545200526714 937.45627397298813 26.167445406317711 26.887048482894897 94.525218546390533 121.26974940299988 31.340377137064934 864.32310672104359 41.774715229868889 428.55918022990227 28.549916654825211 169.15223947167397
leaf_count=8935 21252 2447 786 3774 105 108 379 486 126 3468 168 1724 115 679
internal_value=0.000181614 0.00108596 -0.00300178 0.000362106 0.00104694 -0.00239934 0.00785271 0.0125808 0.0012395 0.00459822 0.00418216 0.00159005 -0.010689 0.000706173
internal_weight=11078.3 8627.38 2450.89 7153.15 5731.7 1421.45 273.303 178.778 57.5078 1474.22 237.11 483.996 55.437 5458.4
internal_count=44552 34663 9889 28748 23027 5721 1096 717 231 5915 954 1947 223 21931
is_linear=0
shrinkage=0.03


Tree=16
num_leaves=15
num_cat=0
split_feature=23 6 16 17 17 4 6 1 1 5 4 1 1 13
split_gain=52.3867 27.1709 23.7048 13.0843 12.8188 17.6705 13.953 12.7709 11.3389 12.6609 10.2495 14.3249 9.35784 15.1051
threshold=1.0000000180025095e-35 0.47913050000000007 0.61112500000000003 0.29038150000000007 0.20291050000000002 0.35511950000000009 0.30860800000000005 0.44158850000000011 0.41421350000000007 0.28626800000000008 0.44694900000000004 0.47881350000000006 0.61658200000000007 0.52536850000000002
decision_type=2 10 8 10 8 10 8 10 8 10 10 10 10 8
left_child=8 2 3 -2 5 -4 -7 -3 9 -1 11 -8 -6 -14
right_child=1 7 4 -5 12 6 10 -9 -10 -11 -12 -13 13 -15
leaf_value=0.012664586323716085 0.0042452610175423029 -0.011116486856669503 0.01898808204958017 -0.0023949227132878648 -0.0084619657487982822 -0.014263993064244371 0.011017935722226483 0.0007257002100420157 0.0027591939252251149 -0.0053930591679987455 -0.0081710092643510288 -0.005409657560267055 0.01925934992589726 -0.0059128112882627449
leaf_weight=39.994125857949257 327.65008257329464 84.456494629383087 34.53319588303566 1444.6230841577053 1145.1541655212641 83.360324874520302 106.89287051558495 2772.255396142602 4489.7847118228674 276.79805684089661 99.59272937476635 86.37773297727108 29.019411891698837 82.306358888745308
leaf_count=161 1318 342 139 5826 4636 338 431 11146 18001 1114 403 348 117 332
internal_value=1.36372e-05 -0.00178686 -0.00358291 -0.00116731 -0.00615069 -0.00154992 -0.00343508 0.000375595 0.00237215 -0.00311333 -0.000352753 0.00367601 -0.00765474 0.000648844
internal_weight=11102.8 6296.22 3439.51 1772.27 1667.24 410.757 376.224 2856.71 4806.58 316.792 292.863 193.271 1256.48 111.326
internal_count=44652 25376 13888 7144 6744 1659 1520 11488 19276 1275 1182 779 5085 449
is_linear=0
shrinkage=0.03


Tree=17
num_leaves=15
num_cat=0
split_feature=23 24 8 19 2 1 16 13 15 24 16 13 9 4
split_gain=36.8109 25.9117 20.8099 17.093 13.6717 13.1405 12.169 11.5307 10.8895 10.8935 9.12062 8.85422 8.52213 8.44633
threshold=1.0000000180025095e-35 2.5000000000000004 0.43438450000000001 1.0000000180025095e-35 0.30005750000000003 0.41421350000000007 0.67937400000000003 0.59420800000000018 1648.5000000000002 1.0000000180025095e-35 0.63799200000000011 0.5762385000000001 0.073622400000000018 0.43555950000000004
decision_type=2 2 8 2 8 8 10 8 2 2 8 10 10 10
left_child=5 2 -2 4 7 -1 10 11 -5 -10 -6 -4 -8 -9
right_child=1 -3 3 8 6 -7 12 13 9 -11 -12 -13 -14 -15
leaf_value=-0.0041058404735779194 -0.0042430612093864927 -0.0080792629772351351 0.00084151143579601231 -0.0071732296793745346 -0.005085846941311447 0.0022532456151581914 -0.0044874394616043946 0.0055968409009773245 0.0059295060252215273 -0.0054931911902191023 -0.018713142226431671 -0.0065371031974565943 0.0083815973698752391 -0.0029386701420969462
leaf_weight=312.9764615893364 1413.5484385043383 518.81222335994244 2205.4688895046711 444.5902564227581 127.83931848406792 4461.4151296019554 111.57491828501225 743.97340267896652 150.3150081038475 150.24726696312428 67.56389120221138 156.77113454043865 79.177551612257957 121.3607269525528
leaf_count=1260 5724 2094 8864 1800 517 17885 451 2988 605 605 274 630 320 489
internal_value=-0.000149847 -0.00165719 -0.00107999 -5.4231e-05 0.000798843 0.00183639 -0.00453588 0.0014371 -0.00419134 0.000219445 -0.00979771 0.000351826 0.000854241 0.00439976
internal_weight=11065.6 6291.24 5772.43 4358.88 3613.73 4774.39 386.156 3227.57 745.153 300.562 195.403 2362.24 190.752 865.334
internal_count=44506 25361 23267 17543 14533 19145 1562 12971 3010 1210 791 9494 771 3477
is_linear=0
shrinkage=0.03


Tree=18
num_leaves=15
num_cat=0
split_feature=8 19 3 22 4 6 6 22 13 26 3 2 11 2
split_gain=30.038 34.6711 19.6274 14.9873 15.0274 13.8344 22.2021 13.0664 12.9953 13.4246 12.6548 20.0518 12.2566 11.9579
threshold=0.41699500000000006 1.0000000180025095e-35 0.11161150000000002 1.0000000180025095e-35 0.41914550000000006 0.48074050000000007 0.36055550000000008 1.0000000180025095e-35 0.56030050000000009 5.5000000000000009 0.12389500000000002 0.11042400000000001 0.25112600000000002 0.29384800000000005
decision_type=8 2 10 2 8 8 10 2 8 2 10 10 10 10
left_child=7 3 -3 -2 10 6 -6 -1 9 -8 11 -5 -9 -12
right_child=1 2 -4 4 5 -7 8 12 -10 -11 13 -13 -14 -15
leaf_value=-0.00065810242031485945 0.002840014660768954 -0.015889475139569387 -0.0029758838377545891 0.0095426348703887224 0.0023484592227586785 -0.00026200360553147676 -0.013927679273108975 -0.0061055993002341229 -0.021568231842212637 0.0044495623563924032 0.0037772262024309772 -0.0019446804134497135 0.011696002820823418 -0.0056135088736120279
leaf_weight=970.36091814935207 3887.235675662756 123.47066228091717 745.55872306227684 152.6956629306078 137.17525547742844 695.38269692659378 100.668317258358 1009.6244252175093 92.871033743023872 55.498007252812386 1581.8452463895082 1310.4052813351154 36.052227646112442 132.24180348217487
leaf_count=3903 15580 502 3011 612 554 2803 407 4095 375 224 6354 5270 146 535
internal_value=0.000145148 0.000885456 -0.00481063 0.00149312 0.000263739 -0.00279055 -0.00734323 -0.00316526 -0.0126816 -0.00739682 0.00130349 -0.000745814 -0.00549185 0.00305273
internal_weight=11031.1 9015.05 869.029 8146.02 4258.78 1081.6 386.213 2016.04 249.037 156.166 3177.19 1463.1 1045.68 1714.09
internal_count=44371 36227 3513 32714 17134 4363 1560 8144 1006 631 12771 5882 4241 6889
is_linear=0
shrinkage=0.03


Tree=19
num_leaves=15
num_cat=0
split_feature=23 18 8 4 1 6 16 18 3 7 16 5 15 15
split_gain=42.3204 26.0827 18.0619 15.0137 14.0321 12.7953 12.2232 11.0017 10.6396 11.5191 13.7125 10.1512 9.51 17.8211
threshold=1.0000000180025095e-35 0.19730900000000004 0.41699500000000006 0.41777250000000005 0.41421350000000007 0.30860800000000005 0.42028050000000006 0.1480775 0.10899100000000002 0.53111150000000007 0.68639450000000013 0.28626800000000008 3068.5000000000005 2350.5000000000005
decision_type=2 10 8 8 8 8 10 10 10 8 8 10 2 2
left_child=4 2 7 6 11 -3 -4 -2 9 -6 -11 -1 13 -10
right_child=1 5 3 -5 8 -7 -8 -9 12 10 -12 -13 -14 -15
leaf_value=0.010549419216620191 -0.0046999835146087424 -0.012499898010853565 0.014412141086368018 -0.0044028991985972212 0.0094537739509932793 0.0049693220230604719 -0.0007038949807036583 -0.014022236816746228 0.0021769593149414913 -0.0030689330006676476 0.0092427782617362439 -0.0062050041506640733 0.0048071674992623157 -0.0037810225527492346
leaf_weight=37.042296200990677 976.01365002989769 40.147196725010872 48.857012733817101 1192.548011392355 375.38793812692165 628.03767967224121 3304.1104378849268 128.99409437179565 2443.8412427157164 204.6186665892601 135.22481279075146 268.14129775762558 773.0797451287508 554.32166846096516
leaf_count=149 3963 162 196 4819 1504 2521 13298 523 9795 820 542 1080 3098 2223
internal_value=-7.29934e-05 -0.00168535 -0.00234816 -0.00151188 0.0020532 0.0039197 -0.000483635 -0.00578823 0.00247662 0.00583129 0.00182994 -0.0041714 0.00184039 0.00107541
internal_weight=11110.4 6318.71 5650.52 4545.52 4791.66 668.185 3352.97 1105.01 4486.47 715.231 339.843 305.184 3771.24 2998.16
internal_count=44693 25482 22799 18313 19211 2683 13494 4486 17982 2866 1362 1229 15116 12018
is_linear=0
shrinkage=0.03


Tree=20
num_leaves=15
num_cat=0
split_feature=23 16 6 7 2 3 10 24 18 10 16 16 0 18
split_gain=32.37 25.6777 21.3276 17.8338 14.5605 13.2748 16.6227 11.7497 11.5386 10.6658 10.184 17.4673 10.1022 9.96123
threshold=1.0000000180025095e-35 0.61842950000000008 0.47913050000000007 0.43465350000000008 0.25230100000000005 0.11112200000000001 0.040569450000000007 2.5000000000000004 0.26177850000000008 0.23956500000000003 0.56900850000000014 0.50527400000000011 3275.5000000000005 0.041200600000000011
decision_type=2 8 8 10 10 10 10 2 10 10 10 10 2 10
left_child=3 4 -3 -1 7 6 -4 10 -6 -5 11 -2 -7 -8
right_child=1 2 5 9 8 12 13 -9 -10 -11 -12 -13 -14 -15
leaf_value=-0.00074781849982979369 0.0054676312182286406 -0.0061463606030850585 0.0044897309215014714 0.0028979619897161403 -0.0030596550269840544 0.0021281397056191055 -0.014440014339024854 -0.0059523115237324195 0.0079243265784088805 0.014641101734308819 0.0052851688781834294 -0.0016816202959515287 -0.011945231995303006 -0.0043705874397889574
leaf_weight=1561.9364079535007 477.32770720124245 1399.569778457284 133.60496658086777 3158.315803617239 1164.760498419404 828.72468812763691 132.9698797762394 163.42815059423447 92.943037822842598 71.178197696805 719.15392541885376 864.84297722578049 48.597106471657753 263.90271770954132
leaf_count=6271 1917 5674 540 12653 4702 3338 538 658 373 285 2890 3482 196 1063
internal_value=2.61999e-05 -0.00138898 -0.00352386 0.00188394 0.000332046 -0.000916685 -0.00466306 0.00179058 -0.00224795 0.00315678 0.00240446 0.00086093 0.00134858 -0.00774429
internal_weight=11081.3 6289.83 2807.37 4791.43 3482.46 1407.8 530.478 2224.75 1257.7 3229.49 2061.32 1342.17 877.322 396.873
internal_count=44580 25371 11349 19209 14022 5675 2141 8947 5075 12938 8289 5399 3534 1601
is_linear=0
shrinkage=0.03


Tree=21
num_leaves=15
num_cat=0
split_feature=8 19 6 6 16 4 9 4 8 18 9 2 6 29
split_gain=33.8791 27.176 15.7896 14.8312 14.5978 13.7998 13.4198 11.7488 11.219 11.0285 11.0197 10.4868 10.1989 10.3715
threshold=0.44598500000000002 1.0000000180025095e-35 0.7467950000000001 0.41898000000000007 0.74648150000000013 0.41818850000000002 0.31534100000000004 0.38191350000000007 0.44756450000000009 0.23371400000000003 0.24316300000000005 0.37739500000000009 0.58863800000000011 1.0550000000000004
decision_type=10 2 10 10 10 10 10 10 10 10 10 10 8 2
left_child=2 5 6 7 -5 8 10 -3 -2 -7 11 12 -1 -14
right_child=1 3 -4 4 -6 9 -8 -9 -10 -11 -12 -13 13 -15
leaf_value=-0.0022180362864945491 0.016071237814850332 0.001029238196490478 -0.021399381060941986 -0.003467114363772221 0.016007307753522666 -0.0016392852255056602 0.0053820565783337928 -0.017162802523277836 0.0022348234240671472 0.0068792827534562163 -0.0071952354706538964 -0.0066350408256683393 -0.00070986113605450425 0.0090518569149521839
leaf_weight=2317.7971408516169 53.313824251294136 43.272640526294708 39.368179529905319 525.72271190583706 37.08565728366375 1437.7706375867128 194.05831289291382 122.11034898459911 4909.0839626640081 151.16198341548443 434.66945590078831 400.20883923768997 268.75609198212624 154.13587111234665
leaf_count=9351 214 175 159 2122 150 5782 783 498 19694 606 1755 1622 1083 620
internal_value=-0.000206257 0.000993253 -0.00249869 -0.00450475 -0.00218387 0.00160436 -0.0023013 -0.0124028 0.00238348 -0.000828877 -0.0027183 -0.00209874 -0.00143633 0.00284809
internal_weight=11088.5 7279.52 3808.99 728.191 562.808 6551.33 3769.63 165.383 4962.4 1588.93 3575.57 3140.9 2740.69 422.892
internal_count=44614 29241 15373 2945 2272 26296 15214 673 19908 6388 14431 12676 11054 1703
is_linear=0
shrinkage=0.03


Tree=22
num_leaves=15
num_cat=0
split_feature=20 2 18 10 16 5 2 11 18 10 25 7 18 29
split_gain=28.1283 19.709 16.4019 19.9009 25.0063 14.0508 14.7699 13.7936 15.5252 16.3418 12.0642 16.311 14.5248 12.9874
threshold=1.0000000180025095e-35 0.30220200000000003 0.05263555000000001 0.08541035000000001 0.52416950000000007 0.29929500000000003 0.10542550000000002 0.15304700000000002 0.32887200000000005 0.18893400000000002 1.0000000180025095e-35 0.36788400000000004 0.16558600000000004 0.82500000000000007
decision_type=2 8 10 10 10 10 10 10 10 8 2 8 10 2
left_child=1 2 3 -1 -5 -4 -7 8 9 -8 13 -12 -13 -2
right_child=10 -3 5 4 -6 6 7 -9 -10 -11 11 12 -14 -15
leaf_value=0.0032829802374653178 0.010299553176434563 -0.0041595205942049464 -0.021101344840748468 0.0073389170260094736 -0.0044941396603669775 0.007460481345341362 -0.00087258920030166653 0.0022562014557568374 0.0098283004551741309 -0.012595540411076652 -0.012000716452580213 0.00083318391593433503 0.01213080051636049 0.0020516845218142301
leaf_weight=476.82278537750244 367.32322169840336 1375.5205358415842 26.598355159163475 175.37487305700779 1924.840933740139 280.57065872848034 2847.4528037160635 2119.1902096569538 117.01435495913029 111.20063868165016 77.152649879455566 738.20364724099636 118.91700614988804 322.83418974280357
leaf_count=1919 1471 5573 107 705 7761 1125 11445 8521 469 447 310 2957 476 1293
internal_value=-0.000213393 -0.000839966 -0.000274788 -0.00224989 -0.00350604 0.000650308 0.000755973 0.000393867 -0.000889315 -0.00131319 0.00343342 0.00121135 0.00240062 0.00644146
internal_weight=11079 9454.59 8079.07 2577.04 2100.22 5502.03 5475.43 5194.86 3075.67 2958.65 1624.43 934.273 857.121 690.157
internal_count=44579 38072 32499 10385 8466 22114 22007 20882 12361 11892 6507 3743 3433 2764
is_linear=0
shrinkage=0.03


Tree=23
num_leaves=15
num_cat=0
split_feature=20 1 17 10 10 6 0 0 9 0 17 7 6 12
split_gain=24.4776 21.5746 17.2142 14.5487 11.168 15.3539 15.8683 19.2836 19.7089 12.292 10.7655 10.6601 10.3515 13.6848
threshold=1.0000000180025095e-35 0.46836650000000007 0.23530300000000001 0.093637600000000015 0.094380100000000008 0.76628150000000017 432.50000000000006 355.50000000000006 0.14208050000000003 7301.5000000000009 0.42757400000000007 0.35019700000000004 0.42640650000000008 137.50000000000003
decision_type=2 10 8 10 10 10 2 2 10 2 10 8 10 2
left_child=1 2 3 -1 -3 6 7 8 12 -8 -10 -2 -6 -14
right_child=11 4 -4 -5 5 -7 9 -9 10 -11 -12 -13 13 -15
leaf_value=-0.0059043312535226487 -0.0064061582249014546 0.0022934765764241406 -0.0058395037329055594 0.0039772254154688894 -0.015142858013527957 0.0081498032135294829 -0.00010280491209925681 -0.013183615378166768 0.0036842183650734601 0.012341702944607531 -0.014829944569876321 0.0041135540585032215 0.012036656924052414 -0.0060500621549362203
leaf_weight=205.4330866932869 91.831605315208435 1794.3244202584028 1062.2775298655033 386.16421906650066 95.870960772037506 183.23365937173367 4674.743961289525 170.24725447595119 411.12652324140072 72.543073371052742 30.353189006447792 1550.1779293119907 41.975259274244308 365.34254029393196
leaf_count=830 369 7214 4308 1561 387 735 18805 686 1655 291 122 6208 169 1470
internal_value=0.000143205 -0.000441746 -0.00355544 0.000545839 0.000215119 -0.000401751 -0.000669045 -0.0038898 -0.00221487 8.7359e-05 0.00241131 0.00352522 -0.00627372 -0.00418617
internal_weight=11135.6 9493.64 1653.87 591.597 7839.76 6045.44 5862.2 1114.92 944.668 4747.29 441.48 1642.01 503.189 407.318
internal_count=44810 38233 6699 2391 31534 24320 23585 4489 3803 19096 1777 6577 2026 1639
is_linear=0
shrinkage=0.03


Tree=24
num_leaves=15
num_cat=0
split_feature=23 6 1 18 16 0 12 1 18 6 1 16 27 12
split_gain=34.3878 23.1973 14.994 13.6173 13.5077 12.3093 11.3662 11.3059 9.96079 9.49986 9.17307 10.5621 9.04606 9.04856
threshold=1.0000000180025095e-35 0.40954550000000006 0.61873600000000006 0.05001135000000001 0.65746350000000009 3091.5000000000005 222.50000000000003 0.43881050000000005 0.17669350000000003 0.36754400000000004 0.48630500000000004 0.63032300000000008 99.65000000000002 8710.5000000000018
decision_type=2 10 10 10 10 2 2 10 10 10 10 10 2 2
left_child=7 2 3 5 10 9 -5 -1 -6 -2 11 -3 13 -9
right_child=1 4 -4 6 8 -7 -8 12 -10 -11 -12 -13 -14 -15
leaf_value=-0.0026352157295409721 -0.0065825928248788041 -0.0011209878596023883 0.0039511417900915252 -0.0078937333799015841 -0.0033660922556029049 0.0081641580296130008 -0.0009238052479301278 0.0020846506743529953 0.011565882828598863 -0.013815745365303054 0.0017230739777456324 -0.014401697073128654 0.008768941889725412 -0.010933598633317526
leaf_weight=479.73205278813839 600.86437755823135 571.52022023499012 187.16475497186184 283.67167881131172 1242.3751863390207 41.658227279782295 817.14165298640728 4082.6834642142057 41.551750123500824 224.46963562071323 2232.5822810083628 59.506755173206329 181.80620694160461 48.624886468052864
leaf_count=1931 2443 2306 754 1149 5017 168 3309 16360 167 912 8970 241 728 195
internal_value=-0.000181491 -0.00163793 -0.00416291 -0.00493467 -0.000326007 -0.00774673 -0.00271991 0.0017337 -0.00288285 -0.00854982 0.000820377 -0.00237338 0.00221964 0.00193143
internal_weight=11095.4 6302.51 2154.97 1967.81 4147.54 866.992 1100.81 4792.85 1283.93 825.334 2863.61 631.027 4313.11 4131.31
internal_count=44650 25436 8735 7981 16701 3523 4458 19214 5184 3355 11517 2547 17283 16555
is_linear=0
shrinkage=0.03


Tree=25
num_leaves=15
num_cat=0
split_feature=23 18 8 0 4 4 4 5 0 17 9 29 4 27
split_gain=30.7407 14.5259 13.6054 14.0888 16.2531 12.2748 12.3778 12.1404 11.9074 11.2999 15.3734 12.0764 11.5771 10.2961
threshold=1.0000000180025095e-35 0.19730900000000004 0.53892750000000011 1670.5000000000002 0.34724300000000002 0.40800200000000003 0.35919300000000004 0.46214700000000003 399.50000000000006 0.27173050000000004 0.18133450000000004 1.1050000000000002 0.36077600000000004 2.4500000000000006
decision_type=2 10 8 2 10 10 10 10 2 10 10 2 10 2
left_child=-1 2 3 7 -5 6 -6 13 -4 11 12 -10 -11 -2
right_child=1 -3 8 4 5 -7 -8 -9 9 10 -12 -13 -14 -15
leaf_value=0.0017896796646770226 -0.011628393785425373 0.0027680915804531052 -0.0021707197072294497 -0.023283294135816243 0.011910429473624539 0.0059940089522088806 -0.0020593064866268936 -0.013663639914301079 -0.0063728264365535778 0.022303794271607259 0.01603352369682029 0.0062406303370279095 0.0018716001240357165 -0.0033585657988723962
leaf_weight=4793.0517060160637 146.04587437212467 672.63361221551895 875.44518685340881 28.652965530753136 59.476235434412956 227.09492942690849 1418.821447968483 122.99878095090389 194.31146784126759 26.431749328970909 98.542263045907021 105.35423775017262 447.65047267079353 1875.4812467694283
leaf_count=19214 593 2700 3534 117 240 915 5719 499 783 106 396 424 1798 7603
internal_value=-2.0831e-05 -0.0013985 -0.00189663 -0.00288692 -0.000876175 -0.000499704 -0.00149726 -0.0045128 0.000301046 0.00278175 0.00525184 -0.00193828 0.00301077 -0.00395602
internal_weight=11092 6298.94 5626.31 3878.57 1734.05 1705.39 1478.3 2144.53 1747.74 872.29 572.624 299.666 474.082 2021.53
internal_count=44641 25427 22727 15686 6991 6874 5959 8695 7041 3507 2300 1207 1904 8196
is_linear=0
shrinkage=0.03


Tree=26
num_leaves=15
num_cat=0
split_feature=18 23 2 24 4 1 27 3 11 3 5 27 18 12
split_gain=23.9982 23.4482 16.1803 15.2226 12.4733 12.4546 11.1719 11.0072 10.856 10.7579 9.76634 9.3524 9.06521 9.01075
threshold=0.16558600000000004 1.0000000180025095e-35 0.29177100000000006 2.5000000000000004 0.36911300000000008 0.28679650000000007 17.250000000000004 0.12429250000000001 0.17010650000000002 0.19554200000000002 0.37663450000000004 99.65000000000002 0.12872400000000003 2030.5000000000002
decision_type=10 2 8 2 10 8 2 8 8 10 10 2 10 2
left_child=1 5 3 4 12 -1 7 -7 -4 -6 -2 13 -3 -8
right_child=10 2 8 -5 9 6 11 -9 -10 -11 -12 -13 -14 -15
leaf_value=-0.015741745354736682 -0.0055635572180277896 0.0028945036738169611 -0.0030685809825727901 -0.0072988672635711255 -0.0014662419161118236 0.0090608065053737388 0.00093350332419933873 0.0012585179796473789 -0.0095075291891996722 0.014500032934600676 0.0037965242213645538 0.0071600030285453994 0.019820686397505106 -0.0028809376081235013
leaf_weight=39.670793563127518 107.23466792702675 405.59628690779209 640.41825257241726 342.07227897644043 3504.798075273633 292.88964019715786 2531.1617230027914 366.19252038002014 372.8607203066349 38.396914452314377 1557.3158832043409 177.79650411009789 30.62796151638031 714.75879029929638
leaf_count=160 431 1631 2608 1383 14142 1174 10147 1468 1519 155 6246 712 123 2866
internal_value=-0.000128153 -0.000712795 -0.00202595 -0.00122592 -0.000703886 0.000986516 0.00114906 0.00472578 -0.00543795 -0.00129322 0.00319352 0.000460522 0.00408292 9.35551e-05
internal_weight=11121.8 9457.24 5334.77 4321.49 3979.42 4122.47 4082.8 659.082 1013.28 3543.19 1664.55 3423.72 436.224 3245.92
internal_count=44765 38088 21561 17434 16051 16527 16367 2642 4127 14297 6677 13725 1754 13013
is_linear=0
shrinkage=0.03


Tree=27
num_leaves=15
num_cat=0
split_feature=23 16 10 16 2 1 1 27 19 27 0 29 1 1
split_gain=32.8896 18.6084 12.374 13.7582 13.7578 13.1868 11.515 11.0809 11.06 10.6675 10.3342 11.6052 10.0477 9.41952
threshold=1.0000000180025095e-35 0.63799200000000011 0.070925550000000018 0.73297200000000007 0.20585300000000004 0.67124400000000006 0.46836650000000007 53.850000000000001 1.0000000180025095e-35 69.850000000000009 269.50000000000006 0.085000000000000006 0.28679650000000007 0.47378950000000003
decision_type=2 8 8 10 10 10 10 2 2 2 2 2 8 10
left_child=12 6 4 5 -3 7 -2 10 9 -9 11 -4 -1 -6
right_child=1 2 3 -5 13 -7 -8 8 -10 -11 -12 -13 -14 -15
leaf_value=-0.012832430061647988 -0.0044234575393120807 -0.0040838269217975823 -0.019902163597833016 -0.00084573732597438285 -0.0059100406364033329 0.0062245103573675912 0.00037440109705946052 0.0039060403243138023 -0.012404012632906277 -0.004876954414642423 -0.011052407517810853 0.0012956859033590783 0.0018487538283764816 0.014573117583120023
leaf_weight=42.331319838762283 521.04758551716805 127.37273259460926 28.206629529595375 698.94001916050911 25.828887522220612 76.26811620593071 3311.3445199429989 177.47635538876057 115.36051951348782 416.60259555280209 571.74110256135464 132.11560103297234 4722.3010973632336 92.813968062400818
leaf_count=171 2120 514 115 2829 105 307 13323 720 471 1687 2321 536 18927 374
internal_value=-0.000162145 -0.00158543 -0.00362013 -0.00432855 0.00276312 -0.00593241 -0.00027791 -0.00657561 -0.00390372 -0.0022531 -0.00916493 -0.0024338 0.00171832 0.0101139
internal_weight=11059.8 6295.12 2462.73 2216.71 246.016 1517.77 3832.39 1441.5 709.439 594.079 732.063 160.322 4764.63 118.643
internal_count=44520 25422 9979 8986 993 6157 15443 5850 2878 2407 2972 651 19098 479
is_linear=0
shrinkage=0.03


Tree=28
num_leaves=15
num_cat=0
split_feature=2 10 1 11 1 0 12 29 29 6 2 3 29 16
split_gain=19.2261 8.93713 11.7974 10.2413 9.79189 17.3899 9.75588 9.3406 8.96232 8.44374 11.8218 12.9184 10.9978 10.5711
threshold=0.30616650000000006 0.24318100000000001 0.54806450000000007 0.239403 0.67482750000000014 245.50000000000003 8710.5000000000018 0.6150000000000001 0.91500000000000015 0.42330300000000004 0.27027650000000009 0.085742150000000003 0.22500000000000003 0.66572400000000009
decision_type=8 8 10 8 10 2 2 2 2 10 10 10 2 10
left_child=1 4 3 7 6 -6 9 -3 -5 -1 11 -11 -13 -14
right_child=-2 2 -4 8 5 -7 -8 -9 -10 10 -12 12 13 -15
leaf_value=-0.0013461075061367699 -0.0033145234995165702 0.015490463197223726 0.010401265921071934 -0.0080066557813866235 -0.0078555322520395057 0.0083031316283164701 -0.01158708575852797 0.0012044720694221016 0.0043907109782230632 -0.0066420350811208107 0.0037453428978600528 0.0037401067731664926 0.00059662511195027711 -0.0032442868579345857
leaf_weight=2616.3431596010923 1421.9469310045242 65.783198177814484 180.47300471365452 134.25248102843761 75.41412653028965 292.15785501897335 65.0325728058815 110.1805449873209 86.164023518562317 242.41516330838203 961.08711528778076 770.46848437190056 3223.468977689743 806.19654816389084
leaf_count=10552 5767 265 725 541 303 1171 262 444 347 975 3865 3094 12936 3244
internal_value=-5.82764e-05 0.000422563 0.0040431 0.00114821 0.000191853 0.00498789 -1.11275e-05 0.00654522 -0.00316034 7.62062e-05 0.000696041 0.000114857 0.000456092 -0.000171808
internal_weight=11051.4 9629.44 576.853 396.38 9052.58 367.572 8685.01 175.964 220.417 8619.98 6003.64 5042.55 4800.13 4029.67
internal_count=44491 38724 2322 1597 36402 1474 34928 709 888 34666 24114 20249 19274 16180
is_linear=0
shrinkage=0.03


Tree=29
num_leaves=15
num_cat=0
split_feature=8 20 0 10 0 5 6 6 5 0 5 0 2 27
split_gain=21.1758 15.1613 14.2324 15.2586 17.0638 12.9877 12.0448 13.0382 11.9802 13.9783 12.5483 11.0796 14.8602 11.0055
threshold=0.41526450000000009 1.0000000180025095e-35 455.50000000000006 0.083103100000000013 342.50000000000006 0.44311500000000009 0.52128600000000003 0.51875300000000013 0.40735950000000004 2664.5000000000005 0.45223250000000009 1006.5000000000001 0.13978650000000001 99.350000000000009
decision_type=10 2 2 10 2 10 10 10 10 2 10 2 10 2
left_child=-1 2 3 -2 -5 -3 7 -4 11 -10 13 12 -8 -11
right_child=1 5 6 4 -6 -7 8 -9 9 10 -12 -13 -14 -15
leaf_value=-0.0024386871471935917 0.0031463125643265109 0.0049168419735749411 9.6670113648581466e-05 -0.001837880827006935 -0.0099012620291599983 -0.0028005564813707393 0.0076000424016938583 -0.015418527952916332 0.0060708317163981696 -0.0022055658173213834 0.013938754176162573 0.0026611295708559202 -0.012457631426319929 0.016825108439801298
leaf_weight=2455.5064936429262 424.06695109605789 1147.0768636316061 3082.0031518042088 1364.391127705574 285.65500035881996 236.77017080783844 44.362077325582504 49.530141562223434 1032.0339936465025 498.45477266609669 54.663161784410477 219.13364095985889 132.63847520947456 28.936870649456978
leaf_count=9943 1706 4591 12400 5499 1153 948 178 199 4140 2001 219 880 535 116
internal_value=1.84467e-05 0.000720041 0.000168412 -0.00192935 -0.00323381 0.00359643 0.00101462 -0.000148727 0.00282688 0.00397421 0.000256724 -0.00184802 -0.00743053 -0.00116139
internal_weight=11055.2 8599.72 7215.87 2074.11 1650.05 1383.85 5141.76 3131.53 2010.22 1614.09 582.055 396.134 177.001 527.392
internal_count=44508 34565 29026 8358 6652 5539 20668 12599 8069 6476 2336 1593 713 2117
is_linear=0
shrinkage=0.03


Tree=30
num_leaves=15
num_cat=0
split_feature=23 24 4 7 3 22 27 5 5 7 0 14 29 12
split_gain=30.5054 19.9696 10.3504 10.1137 12.1045 14.9403 12.8633 13.02 12.3703 14.7921 11.0127 10.5306 9.1957 15.3509
threshold=1.0000000180025095e-35 2.5000000000000004 0.41914550000000006 0.57275150000000008 0.15803750000000003 1.0000000180025095e-35 28.350000000000005 0.41618600000000006 0.38097550000000008 0.40647450000000002 2903.5000000000005 0.15193250000000005 0.055000000000000007 2587.5000000000005
decision_type=2 2 8 10 10 2 2 10 10 10 2 10 2 2
left_child=12 2 3 4 6 -6 7 -2 9 -8 -7 -10 13 -1
right_child=1 -3 -4 -5 5 10 8 -9 11 -11 -12 -13 -14 -15
leaf_value=0.0046974612329437598 0.00057649993836040377 -0.0068431636627558747 -0.0027713168549837689 0.0032006897405449691 -0.0058071499892821182 0.0041464308631343786 0.0066911219466913507 -0.0084123557160087712 0.0012614638838166113 -0.021116522751564244 0.018107757377452054 -0.0036292012678129314 0.0015766408506143223 0.027709014690527545
leaf_weight=387.50465166568756 226.3382513076067 517.12170758843422 1566.5855378508568 766.89151987433434 123.19981846213341 379.23391181230545 25.550540551543236 403.68421117961407 1652.1237678825855 52.781875804066658 58.72258023917675 521.25826548039913 4376.3889754712582 27.974045902490616
leaf_count=1553 915 2095 6357 3079 500 1527 104 1631 6658 216 236 2106 17542 112
internal_value=0.000178018 -0.00119521 -0.000689581 8.50941e-05 -0.000608893 0.00342215 -0.00139385 -0.00518307 -0.000333641 -0.0120462 0.00601841 8.84995e-05 0.00198157 0.00624682
internal_weight=11085.4 6293.49 5776.37 4209.78 3442.89 561.156 2881.74 630.022 2251.71 78.3324 437.956 2173.38 4791.87 415.479
internal_count=44631 25424 23329 16972 13893 2263 11630 2546 9084 320 1763 8764 19207 1665
is_linear=0
shrinkage=0.03


Tree=31
num_leaves=15
num_cat=0
split_feature=23 18 19 6 0 29 16 1 24 1 29 27 18 1
split_gain=19.0247 16.8234 13.3267 11.9444 10.8525 13.0584 11.8342 10.5423 10.2334 9.69026 11.0439 9.42562 9.07138 15.9825
threshold=1.0000000180025095e-35 0.19730900000000004 1.0000000180025095e-35 0.54191800000000012 194.50000000000003 0.9850000000000001 0.45801100000000006 0.48468250000000007 2.5000000000000004 0.49410750000000009 0.23500000000000001 40.850000000000001 0.014410100000000002 0.53064450000000007
decision_type=2 10 2 10 2 2 10 8 2 8 2 2 8 10
left_child=7 3 -3 8 5 -5 -6 -1 12 -9 -11 -7 13 -2
right_child=1 2 -4 4 6 11 -8 9 -10 10 -12 -13 -14 -15
leaf_value=-0.0009715092152590408 -0.001957087968032865 0.0043423539850335974 -0.012893063158738735 5.9709869098860515e-06 0.015312898811115307 0.00085847454562407589 0.00096025120611808188 0.0081001612366852598 -0.0076718064975240599 0.0055131924759166933 0.00089322040245564684 -0.018891483972755942 -0.002847781989672192 0.0090956473372391881
leaf_weight=1374.3031548857689 403.26198548078537 627.12646768987179 43.154143050312996 181.71829974651337 53.912768200039864 30.488309025764465 1261.6369992047548 229.00684176385403 337.09962333738804 565.93434856832027 2628.6544004529715 75.86271907389164 3112.4392949789762 166.30426660180092
leaf_count=5517 1640 2516 174 733 216 123 5076 917 1371 2266 10530 306 12602 670
internal_value=-0.000174955 -0.00125986 0.0032327 -0.00179542 0.000393577 -0.00488043 0.00154844 0.00124803 -0.00266882 0.002139 0.00171167 -0.0132296 -0.00221079 0.00127013
internal_weight=11090.9 6293 670.281 5622.72 1603.62 288.069 1315.55 4797.9 4019.11 3423.6 3194.59 106.351 3682.01 569.566
internal_count=44657 25427 2690 22737 6454 1162 5292 19230 16283 13713 12796 429 14912 2310
is_linear=0
shrinkage=0.03


Tree=32
num_leaves=15
num_cat=0
split_feature=23 24 25 18 6 9 21 25 18 6 26 4 7 7
split_gain=24.5396 22.9029 14.1211 20.8882 10.0738 10.6449 9.37771 16.7655 12.0591 10.369 8.90226 12.3181 9.4717 8.82927
threshold=1.0000000180025095e-35 2.5000000000000004 1.0000000180025095e-35 0.15931450000000005 0.41277900000000006 0.34057950000000009 1.0000000180025095e-35 1.0000000180025095e-35 0.16558600000000004 0.61200700000000008 3.5000000000000004 0.42853050000000004 0.5320020000000002 0.45414450000000001
decision_type=2 2 2 10 8 10 2 2 10 10 2 10 8 10
left_child=6 2 4 -4 5 13 7 -1 10 -10 11 12 -9 -2
right_child=1 -3 3 -5 -6 -7 -8 8 9 -11 -12 -13 -14 -15
leaf_value=0.0070742373475197054 -0.0079922297436488994 -0.0072824518165398103 -0.00042268852098863055 0.0060020422873430053 -0.0010416015520197739 0.010522635579024182 0.0007109762354283013 0.0033937761995313184 0.014752137947968117 -0.0050821041681851946 -0.0028019121545414341 -0.0097022986306202919 0.017678618085294213 -0.00099912429703714455
leaf_weight=687.93879081308842 529.84538847208023 509.93111994862556 2608.4437997192144 551.78545843064785 1808.0509266853333 37.504312381148338 3136.6233862787485 187.85133342444897 91.727295368909836 31.996387675404549 516.43868964910507 50.642442539334297 53.722340732812881 234.36372420191765
leaf_count=2754 2158 2069 10548 2216 7288 152 12577 752 367 128 2069 203 215 948
internal_value=4.29898e-05 -0.00118818 -0.000649593 0.000699089 -0.00228275 -0.00508182 0.00166833 0.0035216 0.000900346 0.00962277 -0.00043418 0.00375035 0.00657051 -0.00584762
internal_weight=11036.9 6279.92 5769.99 3160.23 2609.76 801.713 4756.94 1620.32 932.378 123.724 808.655 292.216 241.574 764.209
internal_count=44444 25379 23310 12764 10546 3258 19065 6488 3734 495 3239 1170 967 3106
is_linear=0
shrinkage=0.03


Tree=33
num_leaves=15
num_cat=0
split_feature=20 6 15 19 3 5 5 25 13 6 2 29 15 25
split_gain=21.1283 19.0766 15.6705 14.7618 18.0903 14.3068 15.7444 15.3448 13.0552 12.1241 12.0942 11.0086 10.8088 18.083
threshold=1.0000000180025095e-35 0.51949350000000016 175.50000000000003 1.0000000180025095e-35 0.11052850000000002 0.44311500000000009 0.41767050000000006 1.0000000180025095e-35 0.59420800000000018 0.59838700000000011 0.12875100000000003 0.96500000000000008 6791.5000000000009 1.0000000180025095e-35
decision_type=2 10 2 2 10 10 10 2 8 10 10 2 2 2
left_child=1 12 11 8 -5 6 7 -2 10 -8 -4 -3 -1 -14
right_child=5 2 3 4 -6 -7 9 -9 -10 -11 -12 -13 13 -15
leaf_value=-0.0016294192373222044 0.0066112790370325041 -0.00013885345020137689 0.0088700654618101941 -0.025130480590145679 -0.0014266755728395482 -0.0028360687118819442 0.011826246307239718 -0.0011859330614062379 0.0065052364981324929 -0.0012278494169587221 0.00077097940499355321 -0.009637600904442262 -0.0049932915729136848 0.017358995723247162
leaf_weight=6141.1860028505325 413.66936576366425 297.07259483635426 186.11345933377743 32.439726307988167 271.45107701420784 288.86315716803074 338.52590927481651 503.81091812252998 701.86256554722786 78.969041064381599 1530.8422176539898 174.20168420672417 60.331233724951744 70.800124943256378
leaf_count=24800 1656 1196 746 133 1095 1157 1355 2018 2815 316 6148 702 242 284
internal_value=5.59168e-05 -0.000486417 0.00140083 0.00227508 -0.00395701 0.00321749 0.00452737 0.00232964 0.00305805 0.00935707 0.0016489 -0.00364997 -0.00144744 0.0070751
internal_weight=11090.1 9466.3 3193.98 2722.71 303.891 1623.84 1334.98 917.48 2418.82 417.495 1716.96 471.274 6272.32 131.131
internal_count=44663 38161 12835 10937 1228 6502 5345 3674 9709 1671 6894 1898 25326 526
is_linear=0
shrinkage=0.03


Tree=34
num_leaves=15
num_cat=0
split_feature=23 18 16 6 24 14 20 3 5 3 13 10 18 10
split_gain=27.296 14.9047 15.4428 12.2549 11.3911 9.77861 9.3422 11.3781 9.45454 14.3391 11.5367 10.5552 9.65665 9.64503
threshold=1.0000000180025095e-35 0.18212800000000004 0.42028050000000006 0.30860800000000005 2.5000000000000004 0.12096650000000002 1.0000000180025095e-35 0.18158600000000005 0.40774250000000006 0.081093150000000017 0.68201500000000015 0.23956500000000003 0.10148600000000001 0.071858900000000017
decision_type=2 10 8 8 2 10 2 10 8 10 10 10 10 8
left_child=6 2 5 -3 -4 -2 8 -8 9 -1 13 -10 -13 -11
right_child=1 3 4 -5 -6 -7 7 -9 11 10 -12 12 -14 -15
leaf_value=0.0084307467553468608 0.026047479110448551 -0.01162209480137043 -0.0016691422994250138 0.0036558848812413714 -0.0065680193535207505 0.0013925478358300541 0.0041185354423350059 -0.0060043481080085878 0.001394494393658053 -0.017578075529385985 0.0087846733751971422 0.022153460703951664 0.0031238670588174086 -0.0029303272385166838
leaf_weight=116.21988609433174 28.418335452675819 50.728095144033432 5052.7718471139669 689.54885724186897 466.63430513441563 29.514907196164131 1524.4227859377861 106.94244955480099 1945.8330204486847 42.376980885863304 73.054339185357094 42.937445223331451 54.415621668100357 893.43015505373478
leaf_count=466 114 205 20438 2766 1897 119 6103 429 7798 170 293 172 218 3587
internal_value=-9.50265e-05 -0.00139071 -0.00192158 0.00260895 -0.00208331 0.0134867 0.00161045 0.00345494 0.000660703 -0.00154777 -0.00269729 0.0018768 0.0115168 -0.00359363
internal_weight=11117.2 6317.62 5577.34 740.277 5519.41 57.9332 4799.63 1631.37 3168.27 1125.08 1008.86 2043.19 97.3531 935.807
internal_count=44775 25539 22568 2971 22335 233 19236 6532 12704 4516 4050 8188 390 3757
is_linear=0
shrinkage=0.03


Tree=35
num_leaves=15
num_cat=0
split_feature=20 5 5 2 16 9 29 2 2 15 27 16 6 9
split_gain=16.1726 14.0038 11.7528 11.6633 11.6601 11.3512 9.16825 10.9071 8.9443 10.1267 8.41325 10.8313 8.00259 7.61807
threshold=1.0000000180025095e-35 0.44279750000000007 0.41883900000000002 0.30909800000000004 0.49244300000000008 0.053342850000000004 0.34500000000000003 0.23938400000000001 0.13434750000000004 232.50000000000003 86.050000000000011 0.66671900000000017 0.48191700000000004 0.25820100000000007
decision_type=2 10 8 8 10 8 2 10 10 2 2 10 10 10
left_child=3 2 6 4 13 -4 7 -2 9 -6 -8 -12 -11 -1
right_child=1 -3 5 -5 8 -7 10 -9 -10 12 11 -13 -14 -15
leaf_value=0.0030135148834735618 0.014491561761920454 -0.0028430527503782352 -0.0088505253751461743 -0.0030590697293180545 -0.002864497008139752 0.010486998537765758 0.0019993470040602182 0.0019013229706000574 -0.00054063126833699636 -0.00029328476790701455 -0.017878407216828276 0.005435418784526214 0.0069600847978163729 0.016812024984504178
leaf_weight=742.08227084577084 112.44588845968246 297.85278612375259 29.727112710475922 1128.500378459692 216.67477235198021 337.39525398612022 640.77951909601688 137.84012757241726 6655.5260520428419 200.76991838216782 45.186532959342003 29.737809062004089 430.30264820158482 37.846510916948318
leaf_count=2977 450 1193 119 4592 873 1350 2566 552 26820 807 181 119 1726 152
internal_value=0.000280047 0.00303799 0.00435198 -0.000197881 0.000191926 0.00892118 0.00261546 0.00755773 -0.000170964 0.00273123 0.000887119 -0.00862504 0.00465249 0.0036831
internal_weight=11042.7 1630.97 1333.11 9411.7 8283.2 367.122 965.99 250.286 7503.27 847.747 715.704 74.9243 631.073 779.929
internal_count=44477 6530 5337 37947 33355 1469 3868 1002 30226 3406 2866 300 2533 3129
is_linear=0
shrinkage=0.03


Tree=36
num_leaves=15
num_cat=0
split_feature=20 25 18 2 1 16 10 13 10 6 10 13 18 13
split_gain=17.9953 14.3502 14.2958 12.854 11.9566 11.1983 13.7373 11.0456 10.2255 10.1835 9.37628 9.31287 9.20246 8.21106
threshold=1.0000000180025095e-35 1.0000000180025095e-35 0.023543250000000005 0.20168150000000004 0.45504850000000002 0.54135800000000012 0.20398250000000004 0.59420800000000018 0.10363650000000001 0.53390800000000016 0.21483550000000004 0.63735050000000015 0.11061700000000001 0.28062500000000007
decision_type=2 2 10 10 8 8 10 8 8 10 10 8 10 10
left_child=4 3 -3 -2 8 -4 -7 13 -1 10 -9 -10 -12 -6
right_child=1 2 5 -5 7 6 -8 9 11 -11 12 -13 -14 -15
leaf_value=-0.0098840326963780829 0.0010659735633261442 -0.0067921249392633443 0.0099432828308807022 0.0094384512208053918 0.011437017054166401 0.0018408852251518295 -0.015639498955490477 -0.00063043420240892472 -0.0012381290736904966 0.0043450994283937205 0.014156296059680402 -0.010599835213644403 -0.0014961024476442431 -0.00086943248863598308
leaf_weight=177.47967007756233 270.6533974558115 193.10848617553711 142.0931657999754 422.90696868300438 49.202638655900955 565.85387535393238 43.577474355697632 1292.5701070129871 1004.9346164911985 827.97613348066807 80.416875496506691 105.69317492842674 58.322787746787071 5891.1730598956347
leaf_count=723 1083 774 569 1693 198 2265 175 5206 4091 3323 324 430 235 23728
internal_value=-9.22431e-06 0.00289434 0.000488441 0.00617119 -0.000510565 0.00235922 0.000590948 -8.84597e-05 -0.00319755 0.00169695 0.000165071 -0.00212904 0.00757641 -0.000767501
internal_weight=11126 1638.19 944.633 693.56 9487.77 751.525 609.431 8199.66 1288.11 2259.29 1431.31 1110.63 138.74 5940.38
internal_count=44817 6559 3783 2776 38258 3009 2440 33014 5244 9088 5765 4521 559 23926
is_linear=0
shrinkage=0.03


Tree=37
num_leaves=15
num_cat=0
split_feature=8 19 6 18 18 13 29 7 18 17 14 1 1 7
split_gain=21.4988 21.8685 10.9493 9.78365 10.0765 9.1109 9.40979 11.6106 10.9745 10.971 10.4286 9.26501 9.10693 8.75725
threshold=0.41699500000000006 1.0000000180025095e-35 0.38501600000000008 0.012990700000000003 0.080722950000000016 0.56830100000000006 0.015000000000000001 0.51370150000000014 0.063069000000000014 0.20631900000000003 0.18193800000000002 0.43480950000000002 0.48729300000000003 0.36572250000000006
decision_type=10 2 10 10 10 8 2 10 10 10 10 10 10 10
left_child=13 5 -3 -4 -5 6 9 -8 -9 -2 11 -10 -11 -1
right_child=1 2 3 4 -6 -7 7 8 10 12 -12 -13 -14 -15
leaf_value=-0.00086362792657268832 0.01995383320886698 -0.011831588585051452 0.0069797226076207938 -0.0091150676800465895 -0.0010719382742128984 0.0023306396816383584 0.0012841001287282176 -0.0047270638114043674 -0.018676736053163379 -0.0088421146733452909 0.012554210664384892 -0.0003354120935696839 0.0069344199378234802 -0.0044102241968638402
leaf_weight=1242.8018458932638 42.585663080215454 137.58748114109039 84.782512634992599 215.79870013892651 400.08494006097317 2915.0444280356169 2513.3177208453417 724.4347980171442 25.284108281135559 43.955008164048195 55.778281822800636 1261.147603943944 131.28640194237232 1263.7521193921566
leaf_count=5037 171 564 342 880 1616 11702 10104 2912 103 177 224 5059 527 5125
internal_value=-0.000208491 0.000507693 -0.00409423 -0.00257487 -0.00389016 0.00100784 0.000204138 -8.56065e-05 -0.00175135 0.00629622 -0.000145265 -0.000695901 0.00297726 -0.00265175
internal_weight=11057.6 8551.09 838.254 700.666 615.884 7712.83 4797.79 4579.96 2066.64 217.827 1342.21 1286.43 175.241 2506.55
internal_count=44543 34381 3402 2838 2496 30979 19277 18402 8298 875 5386 5162 704 10162
is_linear=0
shrinkage=0.03


Tree=38
num_leaves=15
num_cat=0
split_feature=2 20 13 13 23 1 13 18 18 7 13 17 18 26
split_gain=18.9398 15.5126 14.0228 11.6978 9.29078 14.3076 9.61394 9.73005 9.21096 9.63765 9.09398 8.85937 8.71247 8.82158
threshold=0.29384800000000005 1.0000000180025095e-35 0.5954505000000001 0.71707950000000009 1.0000000180025095e-35 0.4622150000000001 0.63443250000000007 0.066897800000000021 0.16558600000000004 0.54870350000000012 0.62723750000000011 0.45083500000000004 0.051814650000000011 5.5000000000000009
decision_type=8 2 8 10 2 10 8 8 10 8 10 10 10 2
left_child=1 2 12 8 5 -2 -6 -8 -3 -10 -4 -12 13 -1
right_child=4 3 10 -5 6 -7 7 -9 9 -11 11 -13 -14 -15
leaf_value=-0.0043962553102235204 -0.0029135460170867876 0.0019737238725511756 0.0042333870414946219 0.022597207442947888 -0.0037913290611729031 0.0066209960785757211 -0.020993744930481398 -0.0011477495515687351 0.013145972866917145 -0.00081314387584874043 -0.0002185305182713861 0.012456793116675309 -2.4926583050734437e-05 -8.5234867631511779e-05
leaf_weight=1004.6925056129694 506.28546322882175 1170.3701589107513 950.73795121908188 27.992665737867355 945.71008133888245 196.67165234684944 60.972093835473061 34.994635194540024 143.70855318009853 64.490132987499237 1168.4391470104456 51.829463183879852 4007.2415296733379 743.21348038315773
leaf_count=4062 2039 4685 3824 112 3867 788 250 143 575 258 4700 208 16116 2999
internal_value=-4.19157e-05 0.000494422 -2.08157e-05 0.00339786 -0.00291099 -0.000245995 -0.00470942 -0.0137568 0.003008 0.0088221 0.00203368 0.000319839 -0.00079583 -0.0025632
internal_weight=11077.3 9332.72 7926.15 1406.56 1744.63 702.957 1041.68 95.9667 1378.57 208.199 2171.01 1220.27 5755.15 1747.91
internal_count=44626 37539 31909 5630 7087 2827 4260 393 5518 833 8732 4908 23177 7061
is_linear=0
shrinkage=0.03


Tree=39
num_leaves=15
num_cat=0
split_feature=5 12 7 10 3 9 16 10 8 0 17 8 16 0
split_gain=13.3761 10.2249 8.6459 8.41158 11.0012 8.37337 10.6862 8.24989 14.5869 13.7145 8.57565 9.17934 8.49819 8.01061
threshold=0.40003900000000009 8710.5000000000018 0.73156800000000011 0.24318100000000001 0.18335100000000001 1.0000000180025095e-35 0.59876800000000008 0.18502950000000004 0.44659550000000003 580.50000000000011 0.19647550000000003 0.43438450000000001 0.42028050000000006 348.50000000000006
decision_type=10 2 10 10 10 10 10 10 10 2 10 10 10 2
left_child=-1 2 3 7 -5 -4 -7 12 10 13 -9 -12 -2 -10
right_child=1 -3 5 4 -6 6 -8 8 9 -11 11 -13 -14 -15
leaf_value=-0.0016156918898466467 0.011230543272569723 -0.011941383266697695 -0.0044628274594264977 0.0086593852176970031 -0.005334877999208028 0.004997926902602744 0.022646577975831028 0.0067058271804254829 -0.0033088510057101457 0.0034829222796337366 -0.0044738799418619817 -0.014738792470257035 0.00081356463397984813 -0.020624404140743076
leaf_weight=2968.1057788431644 71.293798789381981 56.828734412789345 41.856680735945702 233.17486397922039 64.554075732827187 93.333131685853004 46.143326386809349 49.89981310069561 122.43110509216785 539.65558341145515 441.73988105356693 95.324082300066948 6199.1157758682966 29.922350361943245
leaf_count=12002 286 229 168 938 261 374 185 200 493 2166 1790 383 24936 122
internal_value=0.000106757 0.000739068 0.000828826 0.00067917 0.00562513 0.00730513 0.0108367 0.000484113 -0.00171176 0.00123892 -0.0051905 -0.00629581 0.000932004 -0.00670964
internal_weight=11053.4 8085.27 8028.44 7847.11 297.729 181.333 139.476 7549.38 1278.97 692.009 586.964 537.064 6270.41 152.353
internal_count=44533 32531 32302 31575 1199 727 559 30376 5154 2781 2373 2173 25222 615
is_linear=0
shrinkage=0.03


Tree=40
num_leaves=15
num_cat=0
split_feature=8 21 11 18 5 0 9 20 1 11 29 11 3 11
split_gain=21.3754 10.2478 10.1817 10.6685 10.6378 8.7838 8.6734 8.51609 12.2343 8.69276 8.66883 8.40635 8.0004 11.2955
threshold=0.41526450000000009 1.0000000180025095e-35 0.19362100000000002 0.32887200000000005 0.40964050000000002 8375.5000000000018 0.11884600000000002 1.0000000180025095e-35 0.45504850000000002 0.16145300000000004 3.02 0.13063800000000003 0.20017550000000003 0.21393900000000002
decision_type=8 2 10 10 10 2 10 2 10 8 2 10 10 10
left_child=1 12 3 5 -5 7 -7 8 9 -2 -9 -3 13 -1
right_child=2 11 -4 4 -6 6 -8 10 -10 -11 -12 -13 -14 -15
leaf_value=-0.0050682392289163629 -0.0090747861137401818 -0.0050203734833117429 0.0041890404011416154 -0.0025407424807731686 0.011114556187842821 -0.00082279093493938308 0.019079475841370073 0.0026273852359015204 3.3063443766537336e-05 -0.0015055401359607913 -0.014398601248673452 0.0024163098005297854 -0.014547559507799873 0.0026617547761520225
leaf_weight=1040.3341721147299 229.55833040177822 193.41024951636791 673.95982775092125 76.092766627669334 157.86458085477352 35.926946952939034 43.652141317725182 1300.5292349308729 6201.3041543960571 337.0319889485836 27.482745617628098 467.40003475546837 65.677114501595497 203.39626681804657
leaf_count=4246 934 780 2709 305 632 144 175 5205 24952 1372 110 1878 268 827
internal_value=2.67055e-05 -0.00280594 0.000641116 0.000356774 0.00667328 0.000176015 0.0100944 7.8522e-05 -0.000352484 -0.00457228 0.00227504 0.000239693 -0.00434297 -0.0038041
internal_weight=11053.6 1970.22 9083.4 8409.44 233.957 8175.49 79.5791 8095.91 6767.89 566.59 1328.01 660.81 1309.41 1243.73
internal_count=44537 7999 36538 33829 937 32892 319 32573 27258 2306 5315 2658 5341 5073
is_linear=0
shrinkage=0.03


Tree=41
num_leaves=15
num_cat=0
split_feature=8 10 13 23 18 5 5 2 1 2 28 12 14 2
split_gain=17.7341 11.0352 10.9618 8.05689 9.44982 8.77028 12.0453 10.6582 11.4685 12.7619 8.98959 11.5193 10.9951 13.2747
threshold=0.41012800000000005 0.081725450000000019 0.59656500000000012 1.0000000180025095e-35 0.20158850000000003 0.35717550000000003 0.29929500000000003 0.24736450000000001 0.5454635000000001 0.23078150000000003 1.0000000180025095e-35 34.500000000000007 0.11799950000000002 0.29776550000000007
decision_type=10 8 8 2 10 10 10 10 10 10 2 2 10 10
left_child=1 -1 3 -2 5 6 -5 8 9 -7 11 -9 13 -12
right_child=2 -3 -4 4 -6 7 -8 10 -10 -11 12 -13 -14 -15
leaf_value=-0.011748394968138573 0.0012291034645647741 -0.0018851288092070519 0.0023588046257369683 -0.010080209744339982 0.0033465616440200275 0.0072741893125748899 0.0094331341148351251 0.010802678048432719 -0.002012354031227659 -0.0014482630294946131 -0.0043436939177469358 -0.0079517080846800408 0.00060483192486437227 -0.027647186771611716
leaf_weight=107.12433825433254 2669.6436349004507 2172.1595929861069 2381.2370870858431 36.335699155926704 412.53570605814457 304.75596496462822 131.53189036250114 31.246896147727966 1364.0045882314444 299.16003185510635 107.36433385312557 519.95269206166267 465.2873831987381 27.670065566897392
leaf_count=436 10693 8816 9568 148 1654 1228 534 126 5500 1206 433 2105 1886 113
internal_value=8.31331e-06 -0.00234869 0.000622238 -2.69782e-05 -0.000933311 -0.00147041 0.00520938 -0.00182987 -0.00048847 0.00295337 -0.00412228 -0.00688854 -0.00158238 -0.00911884
internal_weight=11030 2279.28 8750.73 6369.49 3699.85 3287.31 167.868 3119.44 1967.92 603.916 1151.52 551.2 600.322 135.034
internal_count=44446 9252 35194 25626 14933 13279 682 12597 7934 2434 4663 2231 2432 546
is_linear=0
shrinkage=0.03


Tree=42
num_leaves=15
num_cat=0
split_feature=19 13 8 12 6 11 11 17 6 3 2 26 3 12
split_gain=16.9466 15.2956 12.259 12.138 10.6797 12.9523 11.3237 9.17064 8.62384 11.1206 9.51983 9.22883 7.43811 11.1892
threshold=1.0000000180025095e-35 0.5954505000000001 0.41526450000000009 34.500000000000007 0.23205100000000004 0.11192100000000001 0.10251150000000002 0.48708100000000004 0.38832200000000006 0.097308250000000013 0.1719455 5.5000000000000009 0.13311800000000004 837.50000000000011
decision_type=2 8 8 2 8 10 10 10 10 10 10 2 10 2
left_child=1 2 8 -2 -5 6 12 -7 10 -10 -1 -12 13 -6
right_child=3 -3 -4 4 5 7 -8 -9 9 -11 11 -13 -14 -15
leaf_value=0.017813221721161912 0.010149351174047288 0.0021901780488833931 0.00015358143143723941 -0.020071305756030305 -0.0026139484719028333 -0.0027216915931443124 -0.022523574776945388 0.010735458937096678 -0.022293831151107016 -0.0045054312688824812 0.0015728753739614634 -0.0050347101146847864 0.00075083487366510286 -0.019856579083414899
leaf_weight=24.046135410666466 52.414365097880363 2676.5052832216024 5928.5401622503996 38.922331497073174 70.922859102487564 571.01360185444355 49.453675284981728 49.529173210263252 33.246901631355286 650.32317784428596 429.32641650736332 341.61542290449142 78.536027446389198 64.835520878434181
leaf_count=97 212 10760 23831 160 289 2323 202 199 135 2638 1747 1389 318 265
internal_value=-0.000118845 0.000246443 -0.000455913 -0.00389427 -0.00469158 -0.00401464 -0.00958379 -0.0016476 -0.00289979 -0.00537061 -0.000775255 -0.00135504 -0.00659762 -0.0108487
internal_weight=11059.2 10083.6 7407.1 975.628 923.213 884.291 263.748 620.543 1478.56 683.57 794.988 770.942 214.294 135.758
internal_count=44565 40597 29837 3968 3756 3596 1074 2522 6006 2773 3233 3136 872 554
is_linear=0
shrinkage=0.03


Tree=43
num_leaves=15
num_cat=0
split_feature=8 20 5 11 16 6 15 17 11 26 27 27 8 27
split_gain=13.132 11.4695 10.8246 10.8954 9.3041 10.6016 11.8832 11.3811 9.62798 10.6179 9.36696 9.21444 12.0784 10.8436
threshold=0.41012800000000005 1.0000000180025095e-35 0.44311500000000009 0.19684550000000003 0.50819850000000011 0.76628150000000017 232.50000000000003 0.4143400000000001 0.10122800000000001 6.5000000000000009 41.250000000000007 54.45000000000001 0.37945100000000004 53.350000000000001
decision_type=8 2 10 10 8 10 2 8 10 2 2 2 10 2
left_child=11 4 3 -3 8 7 -7 -6 9 -2 -8 12 -1 -14
right_child=1 2 -4 -5 5 6 10 -9 -10 -11 -12 -13 13 -15
leaf_value=-0.0010593387172504664 -0.0059915159242323619 0.0035742722733491635 -0.002418383964731795 0.016142724567194424 -0.00022835361686228151 -0.0060027336659196325 0.015787759402711165 -0.0056677259054692449 0.0043179760464933364 0.0052212248201120972 0.0032961790032488667 -8.7819424317386193e-05 -0.0068728424296614831 -0.02717567997075607
leaf_weight=462.58391100168228 202.00590360164642 1123.6773549616337 266.72659911215305 65.705759972333908 5998.1647771596909 63.96882189810276 95.024636626243591 367.40714874863625 838.09575010836124 121.85845574736595 125.22127594053745 906.86171872913837 391.89807532727718 25.197882786393166
leaf_count=1883 813 4497 1068 263 24173 258 381 1482 3361 489 502 3684 1593 102
internal_value=0.000145262 0.000599241 0.00304369 0.0042686 0.000143595 -0.000289194 0.0053797 -0.000542303 0.00262041 -0.00177257 0.00868565 -0.0022098 -0.00439735 -0.00809939
internal_weight=11054.4 9267.86 1456.11 1189.38 7811.75 6649.79 284.215 6365.57 1161.96 323.864 220.246 1786.54 879.68 417.096
internal_count=44549 37287 5828 4760 31459 26796 1141 25655 4663 1302 883 7262 3578 1695
is_linear=0
shrinkage=0.03


Tree=44
num_leaves=15
num_cat=0
split_feature=2 2 19 18 3 9 5 10 2 4 10 7 3 0
split_gain=12.1667 14.966 11.104 11.3512 10.0144 9.00572 9.48301 8.86092 14.0601 12.5791 13.9599 12.4206 9.65982 13.9408
threshold=0.18367850000000002 0.20168150000000004 1.0000000180025095e-35 0.17187800000000003 0.11620000000000001 0.042572500000000006 0.44514650000000006 0.12291600000000001 0.20520850000000004 0.42928900000000009 0.10987800000000002 0.58960900000000016 0.13935050000000002 1597.5000000000002
decision_type=8 10 2 10 10 8 10 8 10 10 10 10 8 2
left_child=-1 5 3 7 -4 -2 -7 8 -3 11 -11 -10 13 -9
right_child=1 2 4 -5 -6 6 -8 12 9 10 -12 -13 -14 -15
leaf_value=0.0017618297566972005 -0.015005837656206996 -0.013735358906660318 -0.012475011462160205 0.0031598106995186434 -0.0022149377462202281 -0.0047482685364350257 0.0039210791152105027 -0.00069551096301773445 0.0020662771471646577 -0.0059554287593061184 0.0038872765978409727 0.010093122606956578 9.6393098728049157e-05 -0.006750393291035826
leaf_weight=2814.2862671017647 64.155076429247856 54.417605251073837 104.07438744604588 1034.5180248171091 482.80626372992992 700.29496544599533 135.53546477854252 877.50232553482056 1272.3756961971521 336.7041982114315 210.92959451675415 200.89206793904305 2229.1704162508249 561.03786903619766
leaf_count=11308 259 220 430 4148 1965 2822 544 3550 5117 1365 855 806 8999 2261
internal_value=5.81603e-05 -0.000521991 -7.57029e-05 0.000267089 -0.00403441 -0.00417389 -0.00334248 -0.00025399 0.00131256 0.00171776 -0.00216436 0.0031608 -0.0011404 -0.00305695
internal_weight=11078.7 8264.41 7364.43 6777.55 586.881 899.986 835.83 5743.03 2075.32 2020.9 547.634 1473.27 3667.71 1438.54
internal_count=44649 33341 29716 27321 2395 3625 3366 23173 8363 8143 2220 5923 14810 5811
is_linear=0
shrinkage=0.03


Tree=45
num_leaves=15
num_cat=0
split_feature=23 24 18 8 4 15 25 18 15 18 4 11 4 5
split_gain=16.485 14.1231 14.6028 14.3087 12.6307 11.1538 13.4085 11.0925 16.2153 10.6596 9.27228 11.6731 11.53 9.30119
threshold=1.0000000180025095e-35 2.5000000000000004 0.070040550000000021 0.33905650000000004 0.32502900000000007 3428.5000000000005 1.5000000000000002 0.13392100000000004 3731.5000000000005 0.15931450000000005 0.37501100000000004 0.16463150000000001 0.39588450000000003 0.42330700000000004
decision_type=2 2 10 8 8 2 2 10 2 10 10 8 10 10
left_child=-1 2 4 -4 -2 6 10 8 -7 -9 13 12 -12 -5
right_child=1 -3 3 5 -6 7 -8 9 -10 -11 11 -13 -14 -15
leaf_value=0.0011557001664739778 0.012733966200281817 -0.0059219851902487814 -0.016283241018138227 -0.0070605943627591976 -0.0026528789415759834 -0.013511848730548563 0.0055539123300416722 -0.011200999891333231 0.0090832948616300056 -0.001182299038379237 -0.0063434562695747704 0.0034261813880477198 0.00014378903382215419 0.0069482552920933716
leaf_weight=4756.443453297019 48.903780966997147 519.6745497584343 44.247038811445236 49.878321319818497 2640.1695610433817 37.505343914031982 624.88571891188622 175.21184881031513 120.18307949602604 210.29547592997551 393.60938864946365 465.17100505530834 660.08707043528557 294.56811417639256
leaf_count=19066 197 2115 182 201 10718 151 2518 712 483 846 1586 1875 2665 1184
internal_value=-0.000176763 -0.00118526 -0.000758256 0.000653581 -0.00237305 0.000900795 0.00175105 -0.00299393 0.00370916 -0.00573577 0.000475708 -0.000532088 -0.00227953 0.00491967
internal_weight=11040.8 6284.39 5764.72 3075.64 2689.07 3031.4 2488.2 543.196 157.688 385.507 1863.31 1518.87 1053.7 344.446
internal_count=44499 25433 23318 12403 10915 12221 10029 2192 634 1558 7511 6126 4251 1385
is_linear=0
shrinkage=0.03


Tree=46
num_leaves=15
num_cat=0
split_feature=23 18 6 25 24 12 8 18 24 18 29 8 26 12
split_gain=17.288 14.0632 11.3555 11.2711 10.2884 9.19218 8.84186 8.87438 10.9331 9.61073 12.7096 12.0832 9.28769 9.02022
threshold=1.0000000180025095e-35 0.32887200000000005 0.22649550000000004 1.5000000000000002 2.5000000000000004 152.50000000000003 0.43438450000000001 0.064779950000000017 1.0000000180025095e-35 0.040086750000000011 1.0550000000000004 0.38805700000000004 8.5000000000000018 739.50000000000011
decision_type=2 10 8 2 2 2 10 10 2 8 2 8 2 2
left_child=-1 2 5 6 -5 -2 7 8 9 10 -4 -11 -9 -12
right_child=1 -3 3 4 -6 -7 -8 12 -10 11 13 -13 -14 -15
leaf_value=0.0012581269671653689 -0.021007017724607557 0.0073373251898539481 -0.0039287435926847296 0.0020563282701429163 -0.0043342864351350978 -0.0049293732856491666 -0.0010825264571754914 -0.0025282193126491869 -0.010084274971162599 0.0010141649814360478 0.021074629342228157 -0.017964702076497585 0.010466346878695113 0.00036007339074607366
leaf_weight=4789.7321438491344 43.186712145805359 171.5415942966938 153.55735248327255 1346.1730205118656 272.64805768430233 123.60985699295998 3062.2854419797659 510.94227188825607 348.75638209283352 55.062328591942787 39.236211195588112 66.841371521353722 54.813008770346642 36.537706255912781
leaf_count=19199 177 687 627 5443 1109 506 12352 2082 1427 226 160 274 223 149
internal_value=-9.96472e-05 -0.00113436 -0.00137207 -0.00115553 0.000979996 -0.00909217 -0.00195429 -0.00406339 -0.00632171 -0.00258569 0.00103238 -0.00939219 -0.00126925 0.0110862
internal_weight=11074.9 6285.19 6113.65 5946.85 1618.82 166.797 4328.03 1265.75 699.991 351.235 229.331 121.904 565.755 75.7739
internal_count=44641 25442 24755 24072 6552 683 17520 5168 2863 1436 936 500 2305 309
is_linear=0
shrinkage=0.03


Tree=47
num_leaves=15
num_cat=0
split_feature=23 17 16 10 17 1 16 2 15 6 6 11 15 6
split_gain=15.5733 14.4772 17.0344 11.2492 10.2546 9.91797 9.75762 13.3199 12.9379 9.02921 20.2765 12.4588 8.03737 7.82412
threshold=1.0000000180025095e-35 0.19982650000000005 0.61292300000000011 0.070925550000000018 0.29167350000000009 0.28679650000000007 0.56900850000000014 0.10542550000000002 3679.5000000000005 0.54606100000000013 0.60589700000000013 0.19245050000000002 2738.5000000000005 0.30860800000000005
decision_type=2 8 8 8 10 8 10 10 2 10 10 10 2 8
left_child=5 13 6 4 -4 -1 9 -8 12 -3 -11 -12 -9 -2
right_child=1 2 3 -5 -6 -7 7 8 -10 10 11 -13 -14 -15
leaf_value=-0.013305932468213193 -0.0063275360548238563 -0.0028070694532428822 -0.00021001395630860348 -0.0045458161426480213 0.017592859198399372 0.0012164911892038506 0.014130689236054999 0.0011714903150389325 0.0093433836540758024 0.0099740885014686885 -0.0041642133502571297 0.012398514198321988 -0.0059008486768759366 0.0029638470560177611
leaf_weight=42.705782040953636 89.612700432538986 1500.6839720457792 171.3897697776556 1968.9163569957018 35.079482465982437 4734.6679098457098 75.164351493120193 648.78365135192871 143.60532180964947 179.50866876542568 345.13152596354485 46.365802273154259 186.10548850893974 908.55076190829277
leaf_count=173 367 6069 694 8017 141 18976 301 2624 578 721 1388 186 751 3665
internal_value=-0.000205 -0.00118466 -0.00180878 -0.00384722 0.00281472 0.00108667 -0.000389933 0.00196055 0.00102568 -0.00158538 0.00162538 -0.00220266 -0.000405008 0.00212969
internal_weight=11076.3 6298.9 5300.73 2175.39 206.469 4777.37 3125.35 1053.66 978.494 2071.69 571.006 391.497 834.889 998.163
internal_count=44651 25502 21470 8852 835 19149 12618 4254 3953 8364 2295 1574 3375 4032
is_linear=0
shrinkage=0.03


Tree=48
num_leaves=15
num_cat=0
split_feature=23 3 17 3 16 10 27 14 3 29 14 14 17 6
split_gain=15.7647 10.8118 9.43357 11.5118 9.45528 14.9433 9.97013 11.0177 9.94591 13.4328 9.24605 8.69547 8.58513 9.49912
threshold=1.0000000180025095e-35 0.11225600000000001 0.19982650000000005 0.17143150000000004 0.64130650000000011 0.070925550000000018 2.7500000000000004 0.14173400000000003 0.12112250000000001 1.5050000000000001 0.14004450000000004 0.18930300000000003 1.0000000180025095e-35 0.31414450000000005
decision_type=2 10 8 10 8 8 2 10 10 2 8 8 10 10
left_child=1 -1 3 11 -4 8 -7 10 9 -6 -8 12 -2 -14
right_child=2 -3 4 -5 5 6 7 -9 -10 -11 -12 -13 13 -15
leaf_value=0.0042296288289811858 0.01345270935017456 0.0005943234687284649 -0.00060241513877233111 0.010535533085573237 -0.0051580315899461245 -0.012329288472012827 -0.0020073372660687865 -0.0067557431993730509 0.014454032574220682 0.019232789368296019 0.015004624701355527 0.01787865015981684 -0.0077849451365191846 0.0007898585296158187
leaf_weight=908.30772563815117 40.667242392897606 3888.2483082264662 3512.8304968476295 116.38314451277256 99.483274668455124 125.89810100197792 861.20919027924538 578.71083438396454 62.846639215946198 25.53818766772747 29.74660387635231 25.186611652374268 140.0722366720438 684.32012687623501
leaf_count=3641 165 15584 14191 470 403 515 3508 2364 254 103 121 102 572 2757
internal_value=-1.33097e-05 0.00128273 -0.000999606 0.00166259 -0.00150559 -0.00328458 -0.00422688 -0.00353279 0.00471831 -0.000175708 -0.00143935 0.000502612 -3.29919e-06 -0.000667084
internal_weight=11099.4 4796.56 6302.89 1006.63 5296.26 1783.43 1595.56 1469.67 187.868 125.021 890.956 890.246 865.06 824.392
internal_count=44750 19225 25525 4066 21459 7268 6508 5993 760 506 3629 3596 3494 3329
is_linear=0
shrinkage=0.03


Tree=49
num_leaves=15
num_cat=0
split_feature=8 19 12 3 3 3 0 7 11 13 8 1 0 1
split_gain=16.2408 18.8177 11.9523 10.7472 10.3743 9.7302 13.6176 9.52222 11.9596 10.8818 8.99527 8.94231 15.6957 10.6958
threshold=0.41526450000000009 1.0000000180025095e-35 34.500000000000007 0.11004900000000002 0.12069150000000002 0.14091050000000002 8375.5000000000018 0.37947000000000003 0.10772550000000002 0.50789850000000014 0.5227210000000001 0.67913150000000011 355.50000000000006 0.6314995000000001
decision_type=10 2 2 10 10 10 2 10 10 10 8 10 2 10
left_child=7 5 10 -4 -5 6 11 -1 -9 -10 -3 13 -13 -2
right_child=1 2 3 4 -6 -7 -8 8 9 -11 -12 12 -14 -15
leaf_value=-0.00049821199318592991 0.00039569170421348629 -0.0023224383121477274 -0.014387243976091047 0.0032674042097053488 -0.0053003076937527104 0.0026141551389436564 0.016322873121737053 -0.013774896571722182 -0.0078032978540246755 -0.00093854962171004207 0.022931710461782672 -0.0059388396526705292 0.009611330401320492 -0.004165388903435225
leaf_weight=1403.9876033514738 4308.2235133945942 24.992238223552704 88.089525386691093 166.63966539502144 537.35839566588402 2596.1326276361942 47.670810610055923 107.1200155466795 309.65055753290653 631.97846093773842 25.795646145939827 80.743403285741806 211.29119095206261 518.39863410592079
leaf_count=5705 17319 101 365 674 2185 10424 191 437 1262 2567 104 324 846 2081
internal_value=3.9739e-05 0.000653539 -0.0036038 -0.0045084 -0.00327229 0.00111582 0.000362886 -0.00211376 -0.00427653 -0.00319599 0.0105044 0.000214248 0.00531193 -9.41867e-05
internal_weight=11058.1 8605.34 842.875 792.088 703.998 7762.46 5166.33 2452.74 1048.75 941.629 50.7879 5118.66 292.035 4826.62
internal_count=44585 34614 3429 3224 2859 31185 20761 9971 4266 3829 205 20570 1170 19400
is_linear=0
shrinkage=0.03


Tree=50
num_leaves=15
num_cat=0
split_feature=20 7 14 9 2 0 26 6 12 9 1 4 4 2
split_gain=14.3049 10.6844 12.1324 9.79325 9.91723 9.21566 9.22391 10.7949 10.8488 9.16591 10.2614 8.96376 11.8618 9.08232
threshold=1.0000000180025095e-35 0.36788400000000004 0.18930300000000003 0.073622400000000018 0.33297150000000003 8375.5000000000018 2.5000000000000004 0.47913050000000007 8710.5000000000018 0.25820100000000007 0.43881050000000005 0.36842400000000003 0.42425200000000002 0.32308200000000004
decision_type=2 8 10 10 10 2 2 10 2 10 10 10 10 10
left_child=5 -2 3 -3 11 6 -1 8 -8 10 -9 -5 13 -13
right_child=1 2 -4 4 -6 -7 7 9 -10 -11 -12 12 -14 -15
leaf_value=-0.0019829784254020624 -0.0050394017910488174 -0.0017238148433980733 0.021783547386487714 -0.00460370897992221 0.023195146117823678 0.0099118952342178157 -0.00065056670698387042 -0.0086985192541014847 -0.017787429539079757 0.011289373883278643 0.0015640975728824522 0.0072180911025891111 -0.0013917121536694613 -0.0079539310231900827
leaf_weight=2119.4389262795448 139.36951243877411 286.44501303136349 32.477090105414391 98.157663658261299 24.91298121213913 81.127825036644936 3879.6545546203852 90.218802273273468 33.534946739673615 84.435032084584236 3124.1453705728054 781.62764619290829 214.81469513475895 37.200166508555412
leaf_count=8560 560 1147 130 393 100 325 15711 369 136 339 12559 3128 860 149
internal_value=0.000292005 0.00290051 0.00365041 0.00324234 0.00447214 -0.000155561 -0.000243088 0.000268226 -0.000797425 0.00153235 0.00127605 0.00406001 0.00488274 0.00652881
internal_weight=11027.6 1615 1475.64 1443.16 1156.71 9412.56 9331.43 7211.99 3913.19 3298.8 3214.36 1131.8 1033.64 818.828
internal_count=44466 6467 5907 5777 4630 37999 37674 29114 15847 13267 12928 4530 4137 3277
is_linear=0
shrinkage=0.03


Tree=51
num_leaves=15
num_cat=0
split_feature=5 17 8 0 5 6 6 29 5 16 26 29 13 29
split_gain=13.6191 8.78778 9.69906 7.69175 9.43399 12.7407 9.23581 10.215 8.04165 12.4876 8.9177 11.473 10.1939 9.12843
threshold=0.40003900000000009 0.19647550000000003 0.71370050000000018 8375.5000000000018 0.42963100000000004 0.45972950000000007 0.75431050000000011 0.045000000000000005 0.42564400000000008 0.63917750000000007 8.5000000000000018 1.8150000000000002 0.64247000000000021 1.2550000000000001
decision_type=10 10 10 2 10 8 8 2 10 10 2 2 10 2
left_child=-1 2 -2 4 6 -6 7 -3 10 -10 11 13 -13 -9
right_child=1 3 -4 -5 5 -7 -8 8 9 -11 -12 12 -14 -15
leaf_value=-0.002015214345181681 0.0023265079691188037 0.006186224833150478 0.017127548518876257 0.0093825553897799938 -0.0038249847155754314 0.00025608824750053425 0.0075823057551717438 0.00018249796960871574 0.0021493096813791643 0.018646705836952659 -0.0066999760107906581 0.0036459260667100792 0.022753681857660333 -0.0042652539358721646
leaf_weight=2957.8865511715412 1024.7538049221039 264.61838707327843 41.458333909511566 77.4011609852314 1188.0925942510366 1637.1922088712454 172.79565811157227 2250.0036088824272 300.49970898032188 47.873090744018555 189.19147723913193 320.38060715794563 27.266928300261497 509.3000495582819
leaf_count=11979 4116 1066 166 310 4809 6579 694 9059 1210 192 762 1289 110 2051
internal_value=-0.00027438 0.000365205 0.00290203 -2.20446e-05 -0.000127431 -0.00146009 0.000794961 0.00049494 8.17113e-05 0.00441637 -0.000376423 8.63678e-06 0.0051446 -0.000638448
internal_weight=11008.7 8050.83 1066.21 6984.62 6907.21 2825.28 4081.93 3909.13 3644.52 348.373 3296.14 3106.95 347.648 2759.3
internal_count=44392 32413 4282 28131 27821 11388 16433 15739 14673 1402 13271 12509 1399 11110
is_linear=0
shrinkage=0.03


Tree=52
num_leaves=15
num_cat=0
split_feature=23 16 16 16 17 7 17 11 3 0 6 1 16 16
split_gain=11.0755 13.7742 10.4711 11.5254 10.3405 11.5152 8.25358 9.1736 7.84923 7.36497 7.28745 6.92276 6.77894 7.66181
threshold=1.0000000180025095e-35 0.61652400000000018 0.56798750000000009 0.47904450000000004 0.19647550000000003 0.67016500000000012 0.12638400000000002 0.11670900000000002 0.13592450000000003 4110.5000000000009 0.59397650000000013 0.39441500000000002 0.62335000000000018 0.68639450000000013
decision_type=2 8 10 10 8 10 10 10 10 2 8 10 10 10
left_child=-1 2 3 -2 5 6 7 -3 -9 10 -6 -8 -12 -14
right_child=1 4 -4 -5 9 -7 11 8 -10 -11 12 -13 13 -15
leaf_value=0.000999881917118471 0.0035502708339719526 0.0026236476984637753 0.0025921192834234097 -0.0019144044543963458 -0.0041206770706434413 -0.013209712065676622 -0.0094921517194827276 -0.013074419865583473 0.0026412243739448232 -0.015820853901769009 -0.015059581988870049 0.0064674244384789123 0.0050101952716030537 -0.003485547019831379
leaf_weight=4773.7977174073458 429.95211198925972 184.31195095181465 1217.9442489743233 1808.0199468880892 1685.6920487880707 49.484037384390831 26.644553884863853 85.528786689043045 42.973968714475632 42.774514600634575 24.250196322798729 298.52363196015358 218.17123118042946 169.96374641358852
leaf_count=19135 1730 748 4916 7302 6879 200 110 348 174 177 99 1206 881 689
internal_value=-8.94437e-05 -0.000916946 0.000353661 -0.000864548 -0.0024695 0.000731569 0.0018129 -0.00166605 -0.00781878 -0.00349742 -0.00324618 0.00515968 0.000328494 0.00128992
internal_weight=11058 6284.23 3455.92 2237.97 2828.32 687.467 637.983 312.815 128.503 2140.85 2098.08 325.168 412.385 388.135
internal_count=44594 25459 13948 9032 11511 2786 2586 1270 522 8725 8548 1316 1669 1570
is_linear=0
shrinkage=0.03


Tree=53
num_leaves=15
num_cat=0
split_feature=0 20 3 3 16 9 17 12 13 18 8 8 0 13
split_gain=8.84629 9.15601 9.57089 9.36142 8.3611 8.31 7.63541 6.9583 6.5074 6.68072 7.01906 6.85628 6.61838 9.54922
threshold=8375.5000000000018 1.0000000180025095e-35 0.17035000000000003 0.15803750000000003 0.40540950000000003 0.11884600000000002 0.34380100000000008 8710.5000000000018 0.71707950000000009 0.16754400000000003 0.46077300000000004 0.54261500000000018 2226.5000000000005 0.48880050000000003
decision_type=2 2 8 10 8 10 10 2 10 10 8 10 2 10
left_child=1 4 3 8 -1 -2 -5 -6 9 10 -3 -11 -12 -14
right_child=5 2 -4 6 7 -7 -8 -9 -10 11 12 -13 13 -15
leaf_value=0.0087930898470845852 -0.00027603285160101849 0.0047708007519135223 -0.0039450584821695851 0.012149785979486327 -0.00036803765885810895 0.018786724029735115 0.00028073162748193034 -0.0095307698586619277 0.015188759107509513 0.012055996050827992 0.00080398304678751047 -0.00071762295062159707 0.0094118474443234644 -0.0085783681415107192
leaf_weight=89.070463061332703 38.707002848386765 269.0239086151123 207.50750055909157 158.84338614344597 9168.4536720067263 43.950774818658829 70.399414271116257 75.204393818974495 32.227811634540558 99.636000707745552 546.66305960714817 60.954697832465172 31.735882446169853 162.64467988908291
leaf_count=358 155 1078 832 636 37024 176 282 305 129 399 2188 244 127 651
internal_value=8.24576e-05 8.80063e-06 0.00207635 0.00294881 -0.000354439 0.00986001 0.00850485 -0.000442584 0.00188996 0.00152385 0.000620191 0.00720757 -0.000886621 -0.00564116
internal_weight=11055 10972.4 1639.64 1432.13 9332.73 82.6578 229.243 9243.66 1202.89 1170.66 1010.07 160.591 741.044 194.381
internal_count=44584 44253 6566 5734 37687 331 918 37329 4816 4687 4044 643 2966 778
is_linear=0
shrinkage=0.03


Tree=54
num_leaves=15
num_cat=0
split_feature=23 24 25 4 0 0 13 13 2 4 1 5 13 5
split_gain=10.7799 16.1291 12.1575 12.3785 11.4753 10.3437 9.89391 10.5028 9.88231 12.8143 11.5926 9.82938 9.29363 8.70734
threshold=1.0000000180025095e-35 2.5000000000000004 1.5000000000000002 0.37387550000000008 3769.5000000000005 5999.5000000000009 0.62630950000000007 0.6078515000000001 0.13637150000000003 0.45314850000000007 0.63859450000000006 0.43081700000000006 0.51225250000000011 0.38457950000000002
decision_type=2 2 2 8 2 2 10 10 8 10 8 10 8 10
left_child=-1 2 3 4 -2 12 7 -3 9 -5 11 -10 -6 -4
right_child=1 6 13 8 5 -7 -8 -9 10 -11 -12 -13 -14 -15
leaf_value=0.0010885065186773161 0.0047220840982607846 -0.0055945338450784235 -0.0042390485693838704 0.0052859721469017597 0.0024965526368454262 0.006299458775893412 -0.016567226083036068 0.011352786098408701 -0.001397673708982889 -0.010477662950769493 -0.017872255936220761 -0.0057233309461499106 -0.013199821113250736 0.0029321644034474986
leaf_weight=4794.0137995481491 536.49863901734352 417.71319445967674 173.48131404817104 302.81630122661591 51.681720584630966 67.756906658411026 67.53609573841095 35.726262494921684 2624.033409923315 54.812460094690323 42.921448960900307 576.69148944318295 98.945308417081833 1253.1244558990002
leaf_count=19216 2162 1704 709 1219 210 272 276 145 10645 222 175 2340 402 5062
internal_value=1.63458e-05 -0.000799036 -0.000343557 -0.00113074 0.00236221 -0.00343525 -0.00585479 -0.00425926 -0.00186292 0.00286994 -0.00238474 -0.00217705 -0.00781423 0.00206011
internal_weight=11097.8 6303.74 5782.76 4356.16 754.883 218.384 520.976 453.439 3601.28 357.629 3243.65 3200.72 150.627 1426.61
internal_count=44759 25543 23418 17647 3046 884 2125 1849 14601 1441 13160 12985 612 5771
is_linear=0
shrinkage=0.03


Tree=55
num_leaves=15
num_cat=0
split_feature=8 16 22 3 1 7 17 5 0 0 11 12 1 3
split_gain=10.6937 10.9245 10.6261 8.73165 9.16818 9.3117 8.58435 8.89329 8.52344 10.1401 16.7304 12.3851 8.97577 8.84317
threshold=0.43438450000000001 0.42028050000000006 1.0000000180025095e-35 0.14091050000000002 0.5910875000000001 0.35019700000000004 0.23334700000000005 0.35305050000000004 443.50000000000006 342.50000000000006 0.11826600000000001 2203.5000000000005 0.67482750000000014 0.12307900000000001
decision_type=8 8 2 8 10 10 10 10 2 2 10 2 10 10
left_child=3 2 -2 4 5 -1 7 -5 9 -3 -11 13 -10 -12
right_child=1 8 -4 6 -6 -7 -8 -9 12 10 11 -13 -14 -15
leaf_value=0.0005613398161367078 -0.001238927882283734 -0.00012479558456627145 0.017147797024179547 -0.010564048432378187 0.0037758231940066959 -0.0055808672357489019 -0.00081849461385879226 0.0083598281991099331 0.00092427771316866175 0.0013775930935502477 0.0069124228336360271 -0.028000658983919374 0.0066073994548501314 -0.011169647259817964
leaf_weight=293.27418230473995 47.438848629593849 2373.0757404267788 70.074019059538841 25.642137125134468 149.8540076315403 915.80796007812023 1124.5004243701696 174.10465742647648 5224.0399859398603 174.43135318160057 29.517497718334198 33.388279616832733 262.69248257577419 138.82595704495907
leaf_count=1197 191 9574 281 105 605 3728 4566 702 20995 703 119 135 1053 561
internal_value=0.00011356 0.000642806 0.00972525 -0.00153413 -0.00322352 -0.00409102 0.000199512 0.00593051 0.000513216 -0.00085018 -0.00542636 -0.0113095 0.00119637 -0.00799912
internal_weight=11036.7 8353.48 117.513 2683.18 1358.94 1209.08 1324.25 199.747 8235.97 2749.24 376.163 201.732 5486.73 168.343
internal_count=44515 33612 472 10903 5530 4925 5373 807 33140 11092 1518 815 22048 680
is_linear=0
shrinkage=0.03


Tree=56
num_leaves=15
num_cat=0
split_feature=2 14 1 13 23 25 24 4 1 14 9 14 9 16
split_gain=11.0556 12.7496 11.9469 9.03493 8.84137 10.5958 10.5336 9.82494 16.815 12.3151 11.4466 9.71985 8.40429 8.27431
threshold=0.35946800000000007 0.10457800000000002 0.37508800000000003 0.66029100000000007 1.0000000180025095e-35 1.5000000000000002 2.5000000000000004 0.37461250000000007 0.5095320000000001 0.14286450000000003 0.057983200000000006 0.13554400000000003 0.28474900000000009 0.54135800000000012
decision_type=8 10 8 10 2 2 2 10 10 8 10 10 10 10
left_child=4 2 -2 -3 12 7 -7 8 -6 11 -9 -10 -1 -14
right_child=1 3 -4 -5 5 6 -8 10 9 -11 -12 -13 13 -15
leaf_value=0.00099076061477200699 -0.0038161204716422445 -0.0048959085734080667 0.019910236990826717 -0.023213527407820827 -0.0049937910473689829 0.0026880140125915093 -0.0038784339296768981 0.0020595234536595476 0.0055745851014820961 -0.0019936286945425614 -0.0026492713473402719 0.018842035428272369 0.014496778581369841 0.0029777317393192737
leaf_weight=4299.6417066901922 40.778550356626511 447.10106801986694 35.928410306572914 25.623077899217606 232.93112979829311 1355.0385895073414 262.45034039020538 551.32794636487961 328.16876286268234 175.74239002168179 2954.3355702757835 58.565618753433228 80.86918044090271 183.40725639462471
leaf_count=17228 167 1830 147 105 946 5477 1069 2229 1319 708 11978 236 324 735
internal_value=0.000100326 -0.0040479 0.00729696 -0.00588878 0.000317752 -0.000447334 0.00162256 -0.00122575 0.0017844 0.00459136 -0.00190873 0.00758376 0.00130993 0.00650259
internal_weight=11031.9 549.431 76.707 472.724 10482.5 5918.56 1617.49 4301.07 795.408 562.477 3505.66 386.734 4563.92 264.276
internal_count=44498 2249 314 1935 42249 23962 6546 17416 3209 2263 14207 1555 18287 1059
is_linear=0
shrinkage=0.03


Tree=57
num_leaves=15
num_cat=0
split_feature=19 18 18 0 3 17 14 7 10 2 7 16 3 2
split_gain=11.3086 12.1608 13.1675 11.5375 10.4004 8.62546 7.53127 9.72826 7.50334 7.18622 8.14575 7.05294 6.83907 8.29117
threshold=1.0000000180025095e-35 0.16558600000000004 0.14976350000000002 739.50000000000011 0.11004900000000002 0.20982550000000003 0.10774450000000001 0.70997850000000018 0.13010900000000003 0.1741135 0.64223750000000013 0.71177750000000006 0.20017550000000003 0.30616650000000006
decision_type=2 10 8 2 10 8 10 10 10 10 10 10 10 10
left_child=1 2 12 -3 11 8 -5 9 -4 -8 -11 -2 -1 -14
right_child=4 3 5 6 -6 -7 7 -9 -10 10 -12 -13 13 -15
leaf_value=0.00033711266413590451 -0.015298431549690156 -0.00020460076180081881 -0.0010687079926647582 0.011645487667455068 -0.0018646309419998754 -0.0031032069769739881 -0.0049163864728158481 0.021227940781445576 -0.021386858035221192 0.0050814994929297818 -0.010117187924373973 0.0016190104356895161 0.00087306649972581035 -0.013617919345904081
leaf_weight=7857.5968786031008 92.497698351740837 664.43062451481819 25.244477838277817 131.53109857439995 850.69176943600178 495.84228318929672 86.430329039692879 27.992827132344246 46.468896597623825 612.7958187609911 33.470086008310318 29.174540132284164 71.765376105904579 70.390030920505524
leaf_count=31685 385 2667 102 527 3463 1998 346 112 191 2455 134 120 289 287
internal_value=5.22537e-05 0.000349062 -9.41391e-05 0.0027883 -0.00303802 -0.0045097 0.00501709 0.00387097 -0.0142345 0.00320784 0.00429436 -0.011242 0.00021913 -0.00630233
internal_weight=11096.3 10124 8567.31 1556.65 972.364 567.556 892.22 760.689 71.7134 732.696 646.266 121.672 7999.75 142.155
internal_count=44761 40793 34552 6241 3968 2291 3574 3047 293 2935 2589 505 32261 576
is_linear=0
shrinkage=0.03


Tree=58
num_leaves=15
num_cat=0
split_feature=9 13 11 2 10 11 13 9 10 3 2 10 17 7
split_gain=8.21502 16.0834 13.5188 10.8673 12.1249 10.8399 11.6357 9.95677 8.92737 8.63785 9.26533 8.18574 10.9961 8.61011
threshold=0.076197400000000012 0.67651300000000014 0.12428300000000002 0.18694850000000005 0.23956500000000003 0.15304700000000002 0.50024050000000009 1.0000000180025095e-35 0.13704850000000002 0.17949800000000002 0.33350550000000007 0.15266000000000005 0.21345500000000003 0.40458150000000009
decision_type=8 8 10 8 10 10 8 10 10 10 10 10 10 10
left_child=1 -1 7 4 -2 -5 9 -3 -8 10 -7 12 -10 -14
right_child=3 2 -4 5 -6 6 8 -9 11 -11 -12 -13 13 -15
leaf_value=-0.0024280415550411178 0.0017029524245211493 0.026541854282935116 -0.0047344753675792328 -0.0013526602664645309 0.013821265157542726 -0.0015361949716819628 0.0099161043976402786 0.0063306992783747559 0.009189601679062874 -0.011249631828100681 0.017071464784792378 0.0023422267234887422 0.005600612164808564 -0.014457633591010816
leaf_weight=2004.7278987765312 2189.8510931134224 38.663469240069389 47.480335593223572 3759.6697197258472 76.918288186192513 716.41955050826073 129.68939059972763 50.708042323589325 36.477336898446083 80.637391641736031 24.92128349840641 1785.055133163929 25.012956574559212 83.746852889657021
leaf_count=8077 8804 155 191 15189 309 2897 521 204 147 327 102 7213 101 338
internal_value=-8.04614e-05 -0.00174877 0.00820174 0.000320601 0.00211416 -0.000291537 0.00109276 0.0150744 0.00229688 -0.00192494 -0.000910671 0.00178497 -0.005064 -0.00984457
internal_weight=11050 2141.58 136.852 8908.4 2266.77 6641.63 2881.96 89.3715 2059.98 821.978 741.341 1930.29 145.237 108.76
internal_count=44575 8627 550 35948 9113 26835 11646 359 8320 3326 2999 7799 586 439
is_linear=0
shrinkage=0.03


Tree=59
num_leaves=15
num_cat=0
split_feature=1 8 6 29 14 6 3 1 8 7 16 7 14 4
split_gain=8.68215 7.09789 8.94316 9.31894 6.78502 7.97173 9.9906 8.01593 6.64781 6.78151 6.10067 7.78387 7.7937 8.68468
threshold=0.48889250000000006 0.41107700000000008 0.28474900000000009 0.65500000000000014 0.15138200000000002 0.41277900000000006 0.13980500000000004 0.52934250000000016 0.41890250000000001 0.46562850000000006 0.56900850000000014 0.43280450000000009 0.10824200000000002 0.35669600000000007
decision_type=10 8 10 2 10 10 10 10 8 10 10 8 10 10
left_child=-1 2 3 -2 5 6 -4 -7 9 -3 11 -10 -13 -14
right_child=1 8 4 -5 -6 7 -8 -9 10 -11 -12 12 13 -15
leaf_value=-0.0011038024622923191 0.014698362003078896 0.0029107631873057128 -0.012256382852555687 -0.0012090911658137748 -0.0083567784959791801 0.016421230310430916 -0.00020094692219622081 0.00027568000636452977 -0.0046729762507440181 0.018007209994089449 0.0016044876651292927 0.0045236420714943153 0.0054574156045485381 -0.0011012846897330724
leaf_weight=3470.6207280009985 53.52438659965992 78.924747779965401 102.84077681601048 87.046648442745209 184.78303088247776 33.335979908704758 155.28933764994144 162.97685234248638 315.45130613446236 40.534709259867668 4136.0152988731861 342.73235076665878 203.67343574762344 1684.399481356144
leaf_count=14073 217 319 419 353 755 135 629 660 1270 163 16640 1376 816 6763
internal_value=0.000138955 0.000707856 -0.00200313 0.00484789 -0.00350972 -0.00153884 -0.00500391 0.00301736 0.00101866 0.00803325 0.000893261 -0.00026202 0.000361719 -0.000393773
internal_weight=11052.1 7581.53 779.797 140.571 639.226 454.443 258.13 196.313 6801.73 119.459 6682.27 2546.26 2230.81 1888.07
internal_count=44588 30515 3168 570 2598 1843 1048 795 27347 482 26865 10225 8955 7579
is_linear=0
shrinkage=0.03


Tree=60
num_leaves=15
num_cat=0
split_feature=23 24 25 8 24 17 17 7 10 17 25 20 17 8
split_gain=8.53873 12.5334 13.1885 9.49016 8.83267 8.32187 13.1872 8.43209 9.9667 8.04445 8.03815 12.2328 12.0883 9.21945
threshold=1.0000000180025095e-35 2.5000000000000004 1.5000000000000002 0.44598500000000002 2.5000000000000004 0.19332100000000005 0.12212100000000002 0.38539400000000007 0.1376455 0.35597050000000002 1.0000000180025095e-35 1.0000000180025095e-35 0.41580550000000005 0.53892750000000011
decision_type=2 2 2 10 2 8 10 8 10 8 2 2 10 8
left_child=4 2 3 5 10 6 -2 8 -7 -10 11 -1 -12 -13
right_child=1 -3 -4 -5 -6 7 -8 -9 9 -11 12 13 -14 -15
leaf_value=0.00023180464987993709 -0.0031256037117370046 -0.0052749882313304188 0.0021380827157358238 -0.00016726311083362943 0.0049212994059636781 0.0069042019321725236 0.011619513138695352 -0.0059023777816757488 -0.0063494547440512972 0.0042876424744863108 7.9477914005429297e-05 0.0075705668918710778 -0.0067613358416929838 -1.2670338536186892e-05
leaf_weight=1320.7400152087212 157.6367564201355 508.70759449899197 1427.507762119174 2832.9201580584049 450.08168257772923 113.64513139426708 83.505183279514313 816.93954172730446 233.28778938949108 88.171108365058899 2091.7539901435375 462.26662002503872 261.55376389622688 209.76670910418034
leaf_count=5297 642 2078 5774 11429 1805 468 339 3334 961 362 8384 1851 1049 840
internal_value=-3.18419e-05 -0.000761382 -0.000362311 -0.00118738 0.000920715 -0.00312277 0.00198049 -0.00410566 -0.000732182 -0.00343187 0.000506413 0.00190845 -0.000680831 0.00520356
internal_weight=11058.5 6262.32 5753.61 4326.11 4796.16 1493.19 241.142 1252.04 435.104 321.459 4346.08 1992.77 2353.31 672.033
internal_count=44613 25387 23309 17535 19226 6106 981 5125 1791 1323 17421 7988 9433 2691
is_linear=0
shrinkage=0.03


Tree=61
num_leaves=15
num_cat=0
split_feature=8 27 1 0 13 14 7 14 10 7 18 7 0 29
split_gain=10.1965 11.3789 9.67932 8.50556 8.67161 7.40675 9.31267 8.30914 7.18702 8.3373 8.13246 9.19068 7.61935 6.73357
threshold=0.41012800000000005 54.45000000000001 0.57813750000000008 8375.5000000000018 0.52633250000000009 0.16341550000000002 0.73582900000000018 0.15320800000000004 0.20106400000000005 0.46467800000000009 0.025732200000000004 0.43465350000000008 2738.5000000000005 1.0250000000000001
decision_type=8 2 10 2 8 8 8 10 8 8 10 10 2 2
left_child=1 -1 -3 5 -5 7 -7 13 10 -10 11 -9 -12 -2
right_child=3 2 -4 4 -6 6 -8 8 9 -11 12 -13 -14 -15
leaf_value=-0.004749868559556239 -0.00063385199956220574 -0.0006389643302109145 0.014427465161776397 -0.0015002052320466227 0.0182802860912137 0.0034521912620817854 -0.011208005062996679 0.0050231731323111001 -0.023695349650323879 -0.0023872914564156728 0.0017605968317202627 -0.015141823281222939 -0.0062100836635576124 0.0012049819051246256
leaf_weight=889.81537549197674 4794.1200392246246 861.30156409740448 40.166278153657913 34.964122802019119 46.43988411128521 796.06363318860531 41.006374329328537 27.419915586709976 32.386184424161911 33.747722238302231 337.28803358972073 78.805390626192093 158.73382392525673 2862.3493742495775
leaf_count=3633 19304 3509 162 140 186 3208 166 111 131 136 1358 318 638 11519
internal_value=-0.000271636 -0.00234321 3.23435e-05 0.000129818 0.0097843 4.40376e-05 0.00273402 -0.000226442 -0.00343429 -0.012822 -0.00240341 -0.00993664 -0.000790131 5.35908e-05
internal_weight=11034.6 1791.28 901.468 9243.32 81.404 9161.92 837.07 8324.85 668.381 66.1339 602.247 106.225 496.022 7656.47
internal_count=44519 7304 3671 37215 326 36889 3374 33515 2692 267 2425 429 1996 30823
is_linear=0
shrinkage=0.03


Tree=62
num_leaves=15
num_cat=0
split_feature=20 25 8 16 27 3 25 17 8 9 8 5 12 16
split_gain=9.70221 13.3395 9.06113 13.2031 13.4768 8.27435 7.8257 9.19228 9.14389 18.5493 11.9093 10.1647 10.3821 8.13567
threshold=1.0000000180025095e-35 1.0000000180025095e-35 0.53892750000000011 0.64763350000000008 72.950000000000017 0.17949800000000002 1.5000000000000002 0.11150500000000001 0.45475000000000004 0.31534100000000004 0.39765850000000008 0.43625550000000007 222.50000000000003 0.51213200000000014
decision_type=2 2 8 10 2 10 2 10 8 10 10 10 2 10
left_child=6 2 -2 -4 -5 -3 8 -8 9 11 -11 12 13 -1
right_child=1 5 3 4 -6 -7 7 -9 -10 10 -12 -13 -14 -15
leaf_value=0.0081119325557269407 0.0075617380561369511 0.00052520902049275756 -0.0067758526607160858 -0.0011646573044189091 0.020651375751443792 -0.010841778511720459 0.0089305776548269638 0.00062684862356415512 -0.00011781046994286961 -0.0016796271127740444 0.016711343898755011 -0.0076544484718920822 -0.00081837396202706354 -0.0068843914081227623
leaf_weight=34.980608686804771 479.68702226877213 881.24773347377777 115.64494690299034 61.174002766609192 43.682050466537476 61.668139606714249 126.3171648979187 2392.6705251187086 4510.290211468935 56.386256784200668 72.352909341454506 362.35585002601147 1377.4614188820124 470.24491864442825
leaf_count=141 1921 3529 463 245 175 248 510 9660 18165 229 292 1476 5601 1913
internal_value=-1.58208e-05 0.00211111 0.00524791 0.000214305 0.0079237 -0.000218209 -0.000387483 0.00104325 -0.00091101 -0.00241812 0.00865631 -0.00305317 -0.00216758 -0.00584608
internal_weight=11046.2 1643.1 700.188 220.501 104.856 942.916 9403.06 2518.99 6884.07 2373.78 128.739 2245.04 1882.69 505.226
internal_count=44568 6581 2804 883 420 3777 37987 10170 27817 9652 521 9131 7655 2054
is_linear=0
shrinkage=0.03


Tree=63
num_leaves=15
num_cat=0
split_feature=1 15 15 26 17 16 20 7 14 14 4 4 26 6
split_gain=9.19379 15.6825 8.39209 8.16127 7.13291 7.12374 6.85484 11.1924 10.0072 9.67357 7.10456 8.5043 10.5538 6.66714
threshold=0.67913150000000011 527.50000000000011 8375.5000000000018 4.5000000000000009 0.26964750000000004 0.52943800000000019 1.0000000180025095e-35 0.35019700000000004 0.13669350000000005 0.18930300000000003 0.36878150000000004 0.42861200000000005 8.5000000000000018 0.38348400000000005
decision_type=10 2 2 2 10 10 2 8 10 10 8 10 2 8
left_child=2 4 6 -3 -2 -4 -1 8 -8 10 -9 -12 13 -13
right_child=1 3 5 -5 -6 -7 7 9 -10 -11 11 12 -14 -15
leaf_value=-0.00041882814323139983 0.0024860246775367315 0.01424250931447458 -0.0010801963254257467 0.0029606005003350584 -0.011865336585212296 0.017447411357488753 0.00084685036084356283 -0.0039144985445276961 -0.019392802783796122 0.018281779908268615 0.0039828135376952572 -0.013081011879523657 0.014205210585394848 -0.0013483500956996612
leaf_weight=9016.2650817483664 72.82925096154213 134.74994701147079 31.71269291639328 100.93359552323818 54.488805159926414 45.437783524394035 46.788560599088669 164.2607959061861 41.476026266813278 33.446498602628708 1020.0796446949244 56.18656562268734 32.444856554269791 194.43538352847099
leaf_count=36439 293 540 127 405 219 182 188 658 167 134 4084 225 130 779
internal_value=0.000132638 0.00482788 -2.69104e-05 0.00941093 -0.00365598 0.00983164 -9.8628e-05 0.00171811 -0.00866388 0.00232867 0.00196505 0.00270616 -0.00189446 -0.00397868
internal_weight=11045.5 363.002 10682.5 235.684 127.318 77.1505 10605.4 1589.12 88.2646 1500.85 1467.41 1303.15 283.067 250.622
internal_count=44570 1457 43113 945 512 309 42804 6365 355 6010 5876 5218 1134 1004
is_linear=0
shrinkage=0.03


Tree=64
num_leaves=15
num_cat=0
split_feature=20 25 1 16 29 1 16 17 5 1 17 16 6 6
split_gain=9.13359 11.8458 10.0642 11.07 7.89363 7.68043 6.82764 14.3498 23.6914 13.8799 16.9292 10.9732 9.40477 9.20742
threshold=1.0000000180025095e-35 1.0000000180025095e-35 0.57645500000000005 0.69150300000000009 0.055000000000000007 0.40827050000000004 0.61842950000000008 0.23334700000000005 0.40735950000000004 0.47039250000000005 0.26064000000000004 0.68199000000000021 0.25543500000000002 0.31010200000000004
decision_type=2 2 10 10 2 10 8 8 10 10 10 10 8 8
left_child=6 2 3 -2 -4 -3 -1 12 -9 13 11 -11 -8 -10
right_child=1 5 4 -5 -6 -7 7 8 9 10 -12 -13 -14 -15
leaf_value=0.00045082619158136545 0.0052951077505492437 -0.01246628218219686 0.014611678777933642 0.016876409918857298 -0.0028401829772943233 0.00054792386973329305 -0.0069544320509709193 -0.0062225813959354932 0.0064023899945360426 0.00077556517075213127 0.0035973582437876478 -0.0096049604183837418 0.001315402906455932 -0.012700244485546989
leaf_weight=5215.6217874884605 401.95561122894287 42.773323148488998 26.910890355706215 91.118770316243172 175.08851630985737 890.25817221403122 133.01316569745541 1006.5204132944345 28.362144485116005 189.52075979113579 762.67263075709343 177.47974941134453 1780.0114101916552 113.92696507275105
leaf_count=21010 1610 173 108 365 701 3565 546 4112 116 765 3076 725 7190 468
internal_value=8.53477e-05 0.00215997 0.00512476 0.0074353 -0.0005152 -4.86914e-05 -0.00027371 -0.00117527 -0.00278368 -6.24298e-05 0.00104978 -0.00424441 0.000740399 -0.00889256
internal_weight=11035.2 1628.11 695.074 493.074 201.999 933.031 9407.13 4191.51 2278.48 1271.96 1129.67 367.001 1913.02 142.289
internal_count=44530 6522 2784 1975 809 3738 38008 16998 9262 5150 4566 1490 7736 584
is_linear=0
shrinkage=0.03


Tree=65
num_leaves=15
num_cat=0
split_feature=2 16 5 5 27 17 17 14 17 1 12 27 12 17
split_gain=8.52979 7.8169 6.78405 6.57297 7.56085 7.50482 8.39612 8.02155 7.83064 8.53783 6.75299 8.36855 9.53963 8.55288
threshold=0.30616650000000006 0.93364750000000007 0.45000500000000004 0.36900900000000009 83.850000000000009 0.40167150000000001 0.15258550000000001 0.12944750000000002 0.47635800000000006 0.42255800000000004 2051.5000000000005 55.050000000000004 451.50000000000006 0.28603500000000009
decision_type=8 10 8 10 2 10 10 8 10 10 2 2 2 8
left_child=1 -1 3 4 10 6 7 -5 9 -7 11 13 -13 -2
right_child=2 -3 -4 5 -6 8 -8 -9 -10 -11 -12 12 -14 -15
leaf_value=0.00031224599114928944 0.0001301138773573819 0.014257065595214322 -0.007559100438649189 0.00083502716181809019 -0.013307075601725074 0.024655683507537971 -0.0019667767774303149 0.022890269753701703 -0.0073310299579904519 0.0051065152565626755 -0.0086404027152934947 -0.0026144284198222146 0.019216512517745209 -0.014418014342327798
leaf_weight=9585.0543111860752 165.46170663833618 36.315616577863693 180.23484246432781 37.184214532375336 69.035424306988716 29.723479852080345 601.42336283624172 24.70014126598835 25.597355961799622 62.142507061362267 116.51219122111797 34.581235617399216 37.604528352618217 46.616432905197144
leaf_count=38611 678 146 736 151 283 122 2453 100 104 253 478 142 154 192
internal_value=4.34847e-05 0.00036488 -0.0021177 -0.00133349 -0.00413728 0.000353633 -0.000884089 0.00963802 0.00734297 0.0114317 -0.00255774 -6.46224e-05 0.00875821 -0.00306768
internal_weight=11052.2 9621.37 1430.82 1250.58 469.812 780.771 663.308 61.8844 117.463 91.866 400.776 284.264 72.1858 212.078
internal_count=44603 38757 5846 5110 1927 3183 2704 251 479 375 1644 1166 296 870
is_linear=0
shrinkage=0.03


Tree=66
num_leaves=15
num_cat=0
split_feature=15 9 3 4 14 1 27 1 17 17 29 9 4 4
split_gain=8.2696 9.03971 8.04531 9.30461 10.6219 9.65996 7.4548 7.03333 7.69369 8.28775 9.56136 9.47835 8.16803 10.3799
threshold=8375.5000000000018 0.11884600000000002 0.13935050000000002 0.43362250000000008 0.16001250000000003 0.42807900000000004 23.450000000000003 0.43272950000000004 0.20381900000000003 0.16364000000000004 0.76500000000000012 0.089444450000000023 0.40690050000000005 0.42006500000000008
decision_type=2 10 8 10 8 10 2 10 10 10 2 10 10 10
left_child=2 -2 7 -4 5 -5 -7 -1 9 10 11 -9 -13 -14
right_child=1 -3 3 4 -6 6 -8 8 -10 -11 -12 12 13 -15
leaf_value=-0.004131136338145716 -0.0016699266013006509 0.017765610296423432 0.0012235581640089818 0.00021578719383726856 0.011415223708215407 0.00034261723973825424 -0.011081972039933385 0.010459033226925613 -0.0011364037235568674 0.0054998943305947972 -0.0041197848661883368 0.0062431090046257487 -0.023196816929674447 7.9282367878677408e-05
leaf_weight=588.30843184888363 39.462616175413132 47.417395740747452 3647.2576664686203 237.18338173627853 42.575797721743584 69.516710758209229 197.28996725380421 110.10768462717533 5242.4587077945471 347.119758695364 293.21570299565792 69.296495407819748 26.39757052063942 49.721261471509933
leaf_count=2413 158 190 14705 972 173 280 798 443 21133 1395 1179 278 106 200
internal_value=-0.000281373 0.00893761 -0.000354717 0.000676538 -0.00297375 -0.0041893 -0.00810529 -0.000997669 -0.000697352 0.00187193 -0.000423039 0.00381902 -0.00120876 -0.00799273
internal_weight=11007.3 86.88 10920.4 4193.82 546.566 503.99 266.807 6726.63 6138.32 895.858 548.739 255.523 145.415 76.1188
internal_count=44423 348 44075 16928 2223 2050 1078 27147 24734 3601 2206 1027 584 306
is_linear=0
shrinkage=0.03


Tree=67
num_leaves=15
num_cat=0
split_feature=19 6 3 3 13 6 8 6 6 3 27 14 14 7
split_gain=8.23146 11.016 12.0474 9.13584 7.71562 9.79188 9.25046 8.65132 17.6931 7.53997 7.45279 7.45087 7.19561 7.08638
threshold=1.0000000180025095e-35 0.23205100000000004 0.11052850000000002 0.23819650000000003 0.59420800000000018 0.75431050000000011 0.31010200000000004 0.60589700000000013 0.59175100000000014 0.07853605000000001 58.400000000000006 0.12501800000000005 0.194134 0.66009700000000004
decision_type=2 8 10 8 8 10 8 10 10 10 2 8 10 10
left_child=3 -2 11 4 7 6 -6 8 13 -9 -10 -3 -11 -1
right_child=1 2 -4 -5 5 -7 -8 9 10 12 -12 -13 -14 -15
leaf_value=0.00018248847594975982 -0.017660810839500978 -0.00080284955617829245 -0.00062646181041310417 -0.010319756383074094 -0.016665437285576762 0.0093357889285592549 0.0014949694785599183 -0.011678654312844504 0.013666313339825537 -0.0022437030822683854 0.00087101926922247819 -0.016758860420201999 0.013069885838493571 -0.0072731836055578798
leaf_weight=5828.3868175446987 41.898697853088379 41.084601581096649 799.65340785682201 72.467386201024055 25.499267980456352 144.70244216918945 2519.5547354370356 75.044773861765862 124.25208716094494 1087.6534422188997 61.123799487948418 73.387075707316399 28.335156545042992 117.03829585015774
leaf_count=23533 174 170 3255 296 105 580 10136 302 499 4370 245 307 114 470
internal_value=4.15038e-05 -0.00261896 -0.00192952 0.00029373 0.000370554 0.00174462 0.00131302 -0.000134225 0.000320298 -0.00247387 0.00944733 -0.0110321 -0.00185489 3.57203e-05
internal_weight=11040.1 956.024 914.125 10084.1 10011.6 2689.76 2545.05 7321.83 6130.8 1191.03 185.376 114.472 1115.99 5945.43
internal_count=44556 3906 3732 40650 40354 10821 10241 29533 24747 4786 744 477 4484 24003
is_linear=0
shrinkage=0.03


Tree=68
num_leaves=15
num_cat=0
split_feature=2 19 15 24 14 2 2 18 14 10 15 10 13 14
split_gain=9.42167 6.75587 7.10504 10.6159 7.35417 6.69683 9.20788 15.0975 9.37681 9.20001 7.11492 6.37926 7.90198 7.6503
threshold=0.30909800000000004 1.0000000180025095e-35 1434.5000000000002 1.0000000180025095e-35 0.14586900000000003 0.28383550000000007 0.23016500000000004 0.017177150000000006 0.12320750000000001 0.14322350000000003 1006.5000000000001 0.18770950000000003 0.68201500000000015 0.12824450000000001
decision_type=8 2 2 2 10 10 10 10 10 8 2 8 8 10
left_child=1 -1 5 -4 -5 6 7 -3 10 -7 -9 12 13 -2
right_child=11 2 3 4 -6 9 -8 8 -10 -11 -12 -13 -14 -15
leaf_value=0.00022256351060418201 -0.0054253087131044698 0.011933712895118968 0.0056638508098836009 -0.0098104275964721824 0.0016017361314948585 -0.0060619230524857131 -0.01229564676171354 0.014508650698713604 -0.010667356994550917 0.01466725230592124 -0.0074453699091443851 -0.0058135607493458689 0.013749798300124906 0.00039478628760848005
leaf_weight=8867.1334776431322 329.82760034501553 49.056070059537888 184.98491428792477 104.61373901367188 98.833172634243965 43.941872179508209 154.85656885802746 27.954474553465843 143.23736619949341 34.318751528859138 25.318724632263184 414.53290639817715 30.298707917332649 529.71141545474529
leaf_count=35683 1350 199 747 423 400 184 639 114 588 141 103 1696 123 2164
internal_value=-0.000345416 -2.45848e-05 -0.00255193 0.000462697 -0.00426647 -0.00499817 -0.00656688 -0.00295426 -0.00667084 0.00302821 0.00407474 -0.00273972 -0.00130776 -0.00183854
internal_weight=11038.6 9734.25 867.116 388.432 203.447 478.684 400.423 245.567 196.511 78.2606 53.2732 1304.37 889.838 859.539
internal_count=44554 39221 3538 1570 823 1968 1643 1004 805 325 217 5333 3637 3514
is_linear=0
shrinkage=0.03


Tree=69
num_leaves=15
num_cat=0
split_feature=2 0 17 0 11 0 12 13 13 10 12 9 28 12
split_gain=8.95227 9.06221 11.6152 8.35913 12.4873 12.2424 12.5458 10.3224 11.8517 9.51708 9.30251 9.09379 8.67089 8.52449
threshold=0.13434750000000004 2824.5000000000005 0.37839500000000009 443.50000000000006 0.065177850000000009 342.50000000000006 1643.5000000000002 0.63735050000000015 0.65519800000000006 0.13565350000000001 162.50000000000003 0.40958600000000006 1.0000000180025095e-35 4910.5000000000009
decision_type=8 2 10 2 10 2 2 10 10 10 2 10 2 2
left_child=1 -1 -3 5 -5 7 10 13 -9 -10 12 -6 -7 -2
right_child=3 2 -4 4 11 6 -8 8 9 -11 -12 -13 -14 -15
leaf_value=0.0033605013500539729 0.00021024638905095032 -0.022249879225563346 0.0013725228782049995 -0.007688344793044608 0.00031575729102084605 -0.020667212089774959 -0.013724503552946701 -0.014860990383147232 0.001687769136640491 -0.012571509624217336 0.0004183793418855827 0.012776428889608659 -0.0021445166393845461 -0.0084080515766299917
leaf_weight=964.75612305104733 2200.5719206780195 29.108972743153572 52.558104261755943 175.6564573943615 6712.4863377511501 43.419280707836151 139.15216287970543 94.828763216733932 157.39622376859188 57.521256893873215 221.80717206001282 53.128633379936218 47.770831689238548 108.37953433394432
leaf_count=3876 8917 117 211 706 27066 176 565 385 638 234 897 214 194 440
internal_value=-9.20366e-05 0.00254823 -0.00704732 -0.000367986 0.000208579 -0.00167124 -0.00622979 -0.000884153 -0.00602664 -0.00212863 -0.00289779 0.000413608 -0.0109639 -0.000194287
internal_weight=11058.5 1046.42 81.6671 10012.1 6941.27 3070.85 452.149 2618.7 309.746 214.917 312.997 6765.61 91.1901 2308.95
internal_count=44636 4204 328 40432 27986 12446 1832 10614 1257 872 1267 27280 370 9357
is_linear=0
shrinkage=0.03


Tree=70
num_leaves=15
num_cat=0
split_feature=19 15 24 3 16 7 13 7 16 17 1 13 13 18
split_gain=9.63437 7.92969 11.7906 10.5212 10.455 10.415 9.17078 9.80347 8.88806 8.79887 7.90238 7.01381 13.7376 8.59459
threshold=1.0000000180025095e-35 1434.5000000000002 1.0000000180025095e-35 0.14610550000000003 0.80259000000000014 0.44920900000000002 0.56030050000000009 0.49601100000000004 0.49626000000000009 0.27240000000000003 0.39441500000000002 0.45008900000000007 0.44756100000000004 0.17187800000000003
decision_type=2 2 2 10 10 8 10 10 10 10 8 8 10 8
left_child=10 4 8 6 5 -2 7 -4 -3 -10 -1 12 -12 -13
right_child=1 2 3 -5 -6 -7 -8 -9 9 -11 11 13 -14 -15
leaf_value=-0.0032575837472482065 -0.00094953451129225575 -0.01110470364709649 0.013771509656561567 -0.015090231054286439 0.0080669938001546836 -0.009834575215325202 -0.012089471284341785 -0.0038819141286373965 -0.0017251685507389924 0.012741969447532092 -0.0011144067968280531 0.00039242222039695938 -0.01946898385836264 0.0031139313501202404
leaf_weight=534.83399350941181 190.98537503182888 25.011212721467018 51.399871036410332 60.962376520037651 48.808762297034264 313.86650916934013 43.836940780282021 63.028264999389648 56.095312401652336 116.2367244809866 1088.760545656085 7199.2029849737883 37.980005517601967 1221.5618519037962
leaf_count=2196 790 101 208 248 199 1294 177 255 227 469 4390 29009 153 4898
internal_value=1.62375e-05 -0.00283901 0.000287708 -0.00450089 -0.00519154 -0.00647337 -0.000421963 0.00404781 0.00560733 0.00803281 0.000291001 0.000489786 -0.0017331 0.000787219
internal_weight=11052.6 970.231 416.571 219.227 553.661 504.852 158.265 114.428 197.343 172.332 10082.3 9547.51 1126.74 8420.76
internal_count=44614 3968 1685 888 2283 2084 640 463 797 696 40646 38450 4543 33907
is_linear=0
shrinkage=0.03


Tree=71
num_leaves=15
num_cat=0
split_feature=5 11 14 12 0 11 24 18 14 12 29 14 12 14
split_gain=8.54176 9.59543 9.75754 12.4728 12.293 8.96722 7.25127 7.52575 7.23863 6.65765 6.46941 7.33005 8.07305 6.44654
threshold=0.40133950000000002 0.091075000000000017 0.13934950000000004 1763.5000000000002 3201.5000000000005 0.093829300000000018 1.0000000180025095e-35 0.040086750000000011 0.12467550000000001 8710.5000000000018 0.33500000000000008 0.10380850000000001 186.50000000000003 0.055749850000000004
decision_type=8 8 8 2 2 8 2 10 10 2 2 10 2 8
left_child=13 2 3 10 6 8 -4 -8 -3 -7 -2 12 -12 -1
right_child=1 5 4 -5 -6 9 7 -9 -10 -11 11 -13 -14 -15
leaf_value=-0.010301199180440188 -0.012122124041249689 -7.3174317616804508e-05 -0.00041882883640880208 0.0033958880011097487 -0.006280751230379575 0.00079043883843800552 -0.0010831292604482061 0.013188470606443329 0.013203625601383199 -0.010348325626938097 -0.0028808127961777231 -0.007145999447827428 0.015463407766028385 -0.0011916203744603603
leaf_weight=71.584550425410271 137.58385513722897 60.740391537547112 131.10776297748089 145.35289643704891 129.21471400558949 6666.0668135434389 46.737928673624992 115.26791967451572 94.393140152096748 48.645973980426788 81.843733817338943 280.08601301908493 29.328728973865509 2998.4083765149117
leaf_count=290 554 244 527 584 521 26865 189 463 380 197 329 1127 118 12163
internal_value=-5.95865e-05 0.000458522 -0.00214756 -0.00438739 0.00142805 0.000874488 0.00482636 0.00907118 0.00800528 0.000709742 -0.00652663 -0.004559 0.00195863 -0.00140403
internal_weight=11036.4 7966.37 1096.52 674.195 422.328 6869.85 293.114 162.006 155.134 6714.71 528.842 391.258 111.172 3069.99
internal_count=44551 32098 4412 2712 1700 27686 1179 652 624 27062 2128 1574 447 12453
is_linear=0
shrinkage=0.03


Tree=72
num_leaves=15
num_cat=0
split_feature=23 2 27 13 27 16 27 16 27 12 27 17 17 0
split_gain=9.76098 11.6973 10.011 9.93739 11.0056 9.59315 9.42461 9.66342 8.89983 13.8448 8.67695 8.10672 7.9277 7.60808
threshold=1.0000000180025095e-35 0.30616650000000006 14.65 0.45008900000000007 11.950000000000001 0.61292300000000011 7.9500000000000011 0.59876800000000008 99.65000000000002 2153.5000000000005 8.4500000000000011 0.26898650000000007 0.27977400000000008 15.500000000000002
decision_type=2 8 2 10 2 8 2 10 2 2 2 10 8 2
left_child=2 13 3 10 5 6 7 -5 -4 -10 -1 -6 -7 -2
right_child=1 -3 8 4 11 12 -8 -9 9 -11 -12 -13 -14 -15
leaf_value=0.00063126400648713904 0.0093986950847980283 -0.004086714635135851 8.9379903234686845e-05 0.0033028533931934831 0.0047818148780776051 0.0031277964467755757 0.02062490758665423 0.022931340427227897 0.0032528650013365105 0.025173643016423355 -0.018791817372839685 0.024507535523590473 -0.0093826739920318258 -0.00042629913176444879
leaf_weight=102.60452695190907 71.8876101821661 847.16215299069881 3839.3434481322765 185.23487994074821 31.706653401255608 191.30532057583332 46.427888736128807 25.706221058964729 175.63903777301311 30.42225769162178 25.931807473301888 45.889041662216187 59.848889648914337 5345.8118009716272
leaf_count=412 290 3499 15396 742 127 767 186 103 704 122 104 184 240 21628
internal_value=-3.0446e-05 -0.000808537 0.000993624 0.00426693 0.00592357 0.00431775 0.00838816 0.00569487 0.000415367 0.00648918 -0.00328728 0.0164473 0.000146609 -0.000295931
internal_weight=11024.9 6264.86 4760.06 714.655 586.119 508.523 257.369 210.941 4045.4 206.061 128.536 77.5957 251.154 5417.7
internal_count=44504 25417 19087 2865 2349 2038 1031 845 16222 826 516 311 1007 21918
is_linear=0
shrinkage=0.03


Tree=73
num_leaves=15
num_cat=0
split_feature=8 15 19 5 12 2 2 4 6 10 2 11 15 11
split_gain=7.01796 13.0941 8.96642 11.2133 10.8673 10.463 13.5111 7.86714 10.2728 9.37955 9.45786 8.4201 11.3451 11.3887
threshold=0.43881000000000009 5999.5000000000009 1.0000000180025095e-35 0.44199050000000006 2030.5000000000002 0.20168150000000004 0.18754700000000002 0.43206700000000003 0.61043350000000007 0.10363650000000001 0.20257000000000003 0.15364250000000004 2273.5000000000005 0.095413150000000016
decision_type=8 2 2 10 2 10 8 10 10 8 10 10 2 10
left_child=1 -1 5 -4 -5 6 -2 9 -9 -7 -11 12 -12 -14
right_child=2 -3 3 4 -6 7 -8 8 -10 10 11 -13 13 -15
leaf_value=-0.0017444265451085153 2.7221162206894569e-05 0.013480117823291877 -0.0047199755625018562 0.0081419841916767783 -0.0080869536255652862 0.004707826610307937 -0.0057024158388574511 0.00033859421882433648 -0.0086722486421885962 0.019965389316104282 0.0013166644815328671 0.0030095871778838905 0.009325512606265381 -0.0057064153328930649
leaf_weight=2888.6749540865421 2421.534469768405 51.753673806786537 617.22030839323997 135.02425840497017 51.222575053572655 908.09720093011856 437.29744799435139 650.09430675208569 138.04684732854366 23.934623777866364 1096.9623381644487 1125.429404348135 50.548751011490822 442.04335033893585
leaf_count=11753 9720 208 2531 545 207 3642 1760 2631 558 96 4413 4520 203 1777
internal_value=-0.000221149 -0.00147646 0.000234693 -0.00277315 0.00367862 0.000566021 -0.000849205 0.00147825 -0.0012397 0.00206562 0.00118959 0.00102406 -0.000381716 -0.00416387
internal_weight=11037.9 2940.43 8097.46 803.467 186.247 7293.99 2858.83 4435.16 788.141 3647.02 2738.92 2714.98 1589.55 492.592
internal_count=44564 11961 32603 3283 752 29320 11480 17840 3189 14651 11009 10913 6393 1980
is_linear=0
shrinkage=0.03


Tree=74
num_leaves=15
num_cat=0
split_feature=15 1 15 27 26 8 14 7 29 15 17 19 14 14
split_gain=7.06131 12.9373 11.651 8.83711 8.31246 8.18186 7.96948 9.86336 7.38467 8.93677 7.50312 7.09543 7.97152 6.75532
threshold=443.50000000000006 0.67913150000000011 288.50000000000006 9.9500000000000011 4.5000000000000009 0.71370050000000018 0.14355900000000002 0.69139200000000012 1.0000000180025095e-35 47.500000000000007 1.0000000180025095e-35 1.0000000180025095e-35 0.074727450000000015 0.12963200000000002
decision_type=2 10 2 2 2 10 8 10 2 2 8 2 8 10
left_child=2 5 6 -4 -3 -2 8 -8 9 -1 -10 12 -5 -12
right_child=1 4 3 11 -6 -7 7 -9 10 -11 13 -13 -14 -15
leaf_value=-0.021967261576564413 0.00015247970285177904 0.012305815936798853 0.0028131805726093811 -0.020578014794006123 0.00085503341127339408 0.0086251524937577834 -0.0018663571685004631 -0.015448792851359819 0.011109304581909004 -0.000738584617942842 -0.00027474637315702939 -0.015245192986451012 -0.0039185286170087914 0.0038541890394550114
leaf_weight=27.445187047123909 7193.2203377783298 134.43672671914101 136.05214248597622 26.966628506779671 99.125955894589424 104.0618407279253 674.47202800214291 51.815097212791443 66.7365832477808 51.036012321710587 1293.1631762981415 61.797229781746864 624.26777744293213 492.42563417553902
leaf_count=112 29002 539 548 109 398 417 2740 209 270 207 5236 258 2521 1995
internal_value=-2.20071e-05 0.000495758 -0.0011341 -0.00419335 0.00744601 0.000273303 -0.000156513 -0.00283536 0.000851155 -0.00816234 0.00123305 -0.00553025 -0.00460837 0.000863922
internal_weight=11037 7530.84 3506.18 849.084 233.563 7297.28 2657.09 726.287 1930.81 78.4812 1852.33 713.032 651.234 1785.59
internal_count=44561 30356 14205 3436 937 29419 10769 2949 7820 319 7501 2888 2630 7231
is_linear=0
shrinkage=0.03


Tree=75
num_leaves=15
num_cat=0
split_feature=23 4 9 25 24 0 16 4 0 4 0 6 0 3
split_gain=9.23599 10.727 10.8988 10.5168 11.029 12.321 10.7776 9.11773 7.98482 7.94614 7.63789 7.81599 10.0766 10.1973
threshold=1.0000000180025095e-35 0.3461570000000001 0.17799500000000004 1.5000000000000002 2.5000000000000004 4818.5000000000009 0.65110400000000002 0.34724300000000002 5698.5000000000009 0.38277950000000005 5999.5000000000009 0.47913050000000007 4453.5000000000009 0.10156750000000002
decision_type=2 8 10 2 2 2 10 10 2 10 2 10 2 10
left_child=-1 2 -2 7 5 6 -5 -3 -7 -8 11 -9 13 -13
right_child=1 3 -4 4 -6 8 9 10 -10 -11 -12 12 -14 -15
leaf_value=0.0011078729075662921 0.010789171320002379 -0.015293759955597465 -0.0035744396246696593 0.0051471659643949801 -0.0042932976314534049 -0.016861302746003937 -0.012022831638603022 -0.0029014733652769314 0.00039049717078027562 0.00076186070970637499 0.0059816055200268533 -0.0045840642180318995 -0.010619367062974644 0.0011920485940079733
leaf_weight=4790.7482357919216 141.70915128290653 43.602981895208359 71.548805683851242 808.17051219940186 277.26017442345619 47.348279014229774 48.832867592573166 2295.1430912166834 49.272614434361458 420.69526945054531 119.22796227037907 336.11475758254528 81.752872496843338 1514.7790251672268
leaf_count=19211 571 181 288 3262 1134 192 198 9373 198 1713 479 1362 331 6106
internal_value=0.00011662 -0.000642531 0.00597013 -0.000875923 0.00116477 0.0022659 0.00304703 -0.00164355 -0.00806361 -0.0005678 -0.00150663 -0.00171781 -0.000312134 0.00014313
internal_weight=11046.2 6255.46 213.258 6042.2 1651.58 1374.32 1277.7 4390.62 96.6209 469.528 4347.02 4227.79 1932.65 1850.89
internal_count=44599 25388 859 24529 6697 5563 5173 17832 390 1911 17651 17172 7799 7468
is_linear=0
shrinkage=0.03


Tree=76
num_leaves=15
num_cat=0
split_feature=11 10 11 19 16 12 2 17 29 29 2 4 8 12
split_gain=8.52684 8.81803 8.2254 9.0852 11.507 10.6017 8.91837 9.48221 8.58177 13.2326 8.45599 9.68089 9.471 9.99531
threshold=0.15364250000000004 0.18330000000000005 0.13393950000000002 1.0000000180025095e-35 0.42028050000000006 34.500000000000007 0.33350550000000007 0.45083500000000004 0.34500000000000003 0.97500000000000009 0.12381500000000002 0.35251050000000006 0.43438450000000001 2069.5000000000005
decision_type=10 10 10 2 8 2 10 10 2 2 10 10 10 2
left_child=2 -2 3 4 -1 -5 7 -4 -8 -10 -6 -12 13 -13
right_child=1 -3 6 5 10 -7 8 -9 9 -11 11 12 -14 -15
leaf_value=0.012934708742624847 0.0028511901925007514 -7.8186690089920646e-05 -0.0035172574599396109 0.013267593904278827 0.0037626519615057731 -0.0047687208993104141 -0.0082976421184457506 0.0082737164198991419 0.025922632787000712 5.015351255427133e-05 0.005395585906672949 -0.0016590352178562093 0.00027616761505308752 -0.0094489352076918866
leaf_weight=65.233708366751671 1717.8367386907339 2003.4109983295202 1404.4623079001904 31.163000598549843 552.62848536670208 498.84452944993973 26.389368534088135 64.189108952879906 32.378166303038597 39.49186584353447 265.66461546719074 851.38152652978897 3321.8946121782064 179.49762663245201
leaf_count=262 6929 8103 5667 127 2220 2047 109 259 132 162 1069 3472 13347 732
internal_value=0.000104467 0.0012741 -0.000489064 3.46874e-05 0.000413538 -0.00370823 -0.0024165 -0.00300192 0.00633363 0.011706 0.000255582 -0.000164064 -0.000503388 -0.00301542
internal_weight=11054.5 3721.25 7333.22 5766.31 5236.3 530.008 1566.91 1468.65 98.2594 71.87 5171.07 4618.44 4352.77 1030.88
internal_count=44637 15032 29605 23276 21102 2174 6329 5926 403 294 20840 18620 17551 4204
is_linear=0
shrinkage=0.03


Tree=77
num_leaves=15
num_cat=0
split_feature=13 13 17 11 1 4 4 17 4 17 8 1 28 29
split_gain=10.272 7.11411 8.84685 8.016 12.0553 8.37287 7.85279 6.34031 13.5558 6.1665 11.2101 8.6563 8.66473 9.0253
threshold=0.5954505000000001 0.62723750000000011 0.45083500000000004 0.15668850000000004 0.48565850000000005 0.40865950000000006 0.41777250000000005 0.080381400000000006 0.50106400000000006 0.22786400000000004 0.72131400000000012 0.22684400000000002 2.5000000000000004 2.8750000000000004
decision_type=8 10 8 10 10 10 10 10 10 10 10 8 2 2
left_child=9 3 7 -2 6 -6 -5 -3 -9 10 11 -1 -13 -14
right_child=1 2 -4 4 5 -7 -8 8 -10 -11 -12 12 13 -15
leaf_value=-0.014931654937508507 0.0017174491137166433 0.0098169134301906505 0.0095178334672956447 -0.0077629705355757783 0.0080350803705139858 0.022093913940389846 0.007816812726800345 -0.00025184059639425579 -0.019809703324571847 -0.0010049642260294088 0.014854738201271631 0.00036716538417097728 0.016284708213761354 -0.0047853187453429985
leaf_weight=31.987058028578758 938.66794370114803 53.632243737578392 87.017750382423401 66.55330865085125 202.77490894496441 46.954054892063141 51.762850269675255 1445.3211468756199 32.615008309483528 6121.4447789788246 50.551458746194839 1854.6339152157307 61.563352078199387 26.034165427088737
leaf_count=131 3780 217 351 269 815 189 210 5828 133 24745 203 7482 249 105
internal_value=1.73262e-05 0.00154221 0.000212926 0.00318876 0.00694122 0.0106784 -0.000946877 -0.000315742 -0.000683442 -0.000530259 0.000904906 0.000547709 0.000802642 0.0100227
internal_weight=11071.5 2925.3 1618.59 1306.71 368.045 249.729 118.316 1531.57 1477.94 8146.21 2024.77 1974.22 1942.23 87.5975
internal_count=44707 11792 6529 5263 1483 1004 479 6178 5961 32915 8170 7967 7836 354
is_linear=0
shrinkage=0.03


Tree=78
num_leaves=15
num_cat=0
split_feature=20 18 0 0 0 7 29 29 29 8 0 24 3 2
split_gain=7.85354 6.62501 6.46078 5.84439 13.2435 6.54579 6.11329 5.73733 9.49783 9.87275 8.18744 7.93202 7.72248 6.89947
threshold=1.0000000180025095e-35 0.16558600000000004 8375.5000000000018 2226.5000000000005 2699.5000000000005 0.40458150000000009 1.675 0.82500000000000007 1.175 0.43384850000000003 1312.5000000000002 1.5000000000000002 0.12292000000000002 0.24990850000000001
decision_type=2 10 2 2 2 10 2 2 2 8 2 2 8 10
left_child=2 3 -1 7 5 -5 -6 -2 9 -9 13 12 -11 -10
right_child=1 -3 -4 4 6 -7 -8 8 10 11 -12 -13 -14 -15
leaf_value=-0.00048840414506706069 0.0041564038450623356 0.0068198708553417137 0.0080025901972489728 -0.00085446386120376918 -0.00047513375235540636 -0.017795950458906612 0.014326693825104727 -0.02069134965425997 -0.0037761231330313855 -0.015828841417083989 0.012151387470528621 0.0086729836387739768 -0.00064523448154323309 0.0065406860216685649
leaf_weight=9319.1195085197687 587.25709629058838 209.76879745721817 81.355156868696213 30.955906555056572 188.56210622191429 60.919884294271469 28.970547556877136 31.284649983048439 140.6238709539175 46.962914556264877 70.177241444587708 43.721995905041695 84.196274250745773 99.703961819410324
leaf_count=37686 2354 841 326 124 755 244 116 126 563 188 281 175 337 400
internal_value=-8.21906e-05 0.00184486 -0.00041492 0.00110647 -0.00253748 -0.0120878 0.00149614 0.00212779 -0.000177959 -0.0051697 0.00313641 -0.00239302 -0.00608188 0.000503975
internal_weight=11023.6 1623.11 9400.47 1413.34 309.408 91.8758 217.533 1103.93 516.671 206.166 310.505 174.881 131.159 240.328
internal_count=44516 6504 38012 5663 1239 368 871 4424 2070 826 1244 700 525 963
is_linear=0
shrinkage=0.03


Tree=79
num_leaves=15
num_cat=0
split_feature=2 16 4 11 11 16 29 16 27 29 0 6 27 2
split_gain=7.21437 8.71865 6.70619 9.4076 12.3435 8.95526 10.0534 8.72563 8.77071 13.1166 10.6473 8.52353 8.79382 8.0437
threshold=0.29384800000000005 0.88622000000000012 0.42309900000000006 0.15304700000000002 0.13324600000000003 0.52416950000000007 0.45500000000000007 0.53850000000000009 27.650000000000002 1.0650000000000002 1691.5000000000002 0.76628150000000017 98.850000000000009 0.076971650000000016
decision_type=10 10 10 10 10 10 2 10 2 2 2 10 2 10
left_child=1 2 3 4 -1 6 -4 -7 9 -9 -10 12 -6 -5
right_child=-2 -3 5 13 11 7 -8 8 10 -11 -12 -13 -14 -15
leaf_value=0.00071023335874665901 -0.0016996656837418717 0.0099498451565432407 -0.0035164176711048297 0.01519709987876567 -0.0043902502219541192 -0.011037041120305666 0.009565236149491594 -0.0007964662815999761 -0.0038396668245324148 0.012503251288100838 0.0080671910634823631 0.012068485514530292 0.0054551018714459835 0.0018988188251233707
leaf_weight=3677.560439914465 1717.2187398970127 85.548871800303459 88.563726678490639 41.555755645036697 905.81880143284798 94.066270157694817 131.19870461523533 278.15447144210339 965.81258310377598 87.807062476873398 72.677352339029312 32.676766648888588 89.739349484443665 2745.779297247529
leaf_count=14802 7024 345 356 167 3649 380 528 1124 3908 354 293 131 361 11059
internal_value=8.68298e-05 0.000416809 0.000328273 0.000715898 -0.000102203 -0.00136209 0.00429336 -0.00219148 -0.00159903 0.0023946 -0.00300638 -0.00300795 -0.00350279 0.00209708
internal_weight=11014.2 9296.96 9211.41 7493.13 4705.8 1718.28 219.762 1498.52 1404.45 365.962 1038.49 1028.23 995.558 2787.34
internal_count=44481 37457 37112 30169 18943 6943 884 6059 5679 1478 4201 4141 4010 11226
is_linear=0
shrinkage=0.03


Tree=80
num_leaves=15
num_cat=0
split_feature=13 12 18 29 18 9 0 27 27 27 16 10 26 17
split_gain=6.28625 8.1574 8.33182 8.57591 7.81566 7.73256 5.88919 6.58995 5.04465 9.88454 13.1824 13.2696 8.37835 9.22068
threshold=0.70915550000000016 243.50000000000003 0.095378300000000013 0.44500000000000006 0.11877950000000001 0.14208050000000003 8375.5000000000018 31.850000000000005 50.100000000000009 24.850000000000005 0.64988400000000013 0.070925550000000018 8.5000000000000018 0.07501430000000002
decision_type=8 2 8 2 10 10 2 2 2 2 8 10 2 8
left_child=6 2 3 -2 -4 -5 8 -8 9 12 -11 -12 13 -1
right_child=1 -3 4 5 -6 -7 7 -9 -10 10 11 -13 -14 -15
leaf_value=0.012273995147196624 -0.017509142755947431 0.017890950179413286 0.019125300990430628 0.0095677530262825734 0.00090785745089299935 -0.010126027352290531 -0.0016476780712333734 0.015407734106963753 0.00035510698639874258 -0.00074413024998607326 0.0034224010311907443 -0.007364785767582308 -0.0030362047699762089 0.00092068973023099973
leaf_weight=66.794187515974045 27.958400100469589 36.536673501133919 39.505341961979866 46.309607267379761 45.729076981544495 29.29401521384716 36.678747117519379 45.909761384129524 6119.90738093853 1481.1229944080114 122.5078576952219 632.59399798512459 502.94266928732395 1782.3240126371384
leaf_count=270 113 147 159 186 184 118 147 184 24711 5968 496 2572 2030 7204
internal_value=-4.35925e-05 0.00491567 0.00240463 -0.0033128 0.00935147 0.00193704 -0.000147152 0.00783318 -0.000208701 -0.000960715 -0.00238876 -0.00561467 0.000396997 0.0013308
internal_weight=11016.1 225.333 188.796 103.562 85.2344 75.6036 10790.8 82.5885 10708.2 4588.29 2236.22 755.102 2352.06 1849.12
internal_count=44489 907 760 417 343 304 43582 331 43251 18540 9036 3068 9504 7474
is_linear=0
shrinkage=0.03


Tree=81
num_leaves=15
num_cat=0
split_feature=20 25 2 29 18 13 12 2 18 3 17 5 29 2
split_gain=11.1827 10.0229 10.9601 13.2456 9.61346 9.41965 7.83808 7.59998 9.10835 7.41472 9.36832 7.20242 9.17757 6.8813
threshold=1.0000000180025095e-35 1.0000000180025095e-35 0.20168150000000004 0.055000000000000007 0.023543250000000005 0.6651315000000001 8710.5000000000018 0.20947850000000004 0.027033100000000001 0.16316000000000003 0.30173900000000003 0.41754450000000004 0.25500000000000006 0.18468900000000002
decision_type=2 2 10 2 10 10 2 10 10 10 10 10 2 10
left_child=6 2 3 -2 -3 11 -1 -4 9 10 -9 13 -13 -6
right_child=1 4 7 -5 5 -7 -8 8 -10 -11 -12 12 -14 -15
leaf_value=-0.00016978520968389046 0.019118153698137633 -0.0055879907374210688 0.023280790982094908 -0.0020308317772626699 0.005703996186411155 0.014451040868154734 -0.0099271940230779877 0.017927679165197049 0.0039617510530406833 0.025945381088211348 -0.00087612112866850477 -0.00794001079584024 0.006649449984385972 -0.0038269931120485465
leaf_weight=9324.3345542550087 30.082613691687584 190.62806439399719 27.952713921666145 233.73139242827892 88.202503621578217 50.652149796485901 74.687531054019928 52.882104873657227 269.72425723075867 32.896446853876114 43.429151803255081 45.566647469997406 261.52317945659161 300.28317122161388
leaf_count=37706 121 765 112 936 353 203 304 212 1081 132 174 183 1048 1203
internal_value=0.000150237 0.00244611 0.00518795 0.000380779 0.000424675 0.00196064 -0.000247321 0.00815878 0.00709919 0.0136487 0.00944858 0.00105109 0.00448463 -0.00166306
internal_weight=11026.6 1627.55 690.699 263.814 936.856 746.228 9399.02 426.885 398.932 129.208 96.3113 695.576 307.09 388.486
internal_count=44533 6523 2768 1057 3755 2990 38010 1711 1599 518 386 2787 1231 1556
is_linear=0
shrinkage=0.03


Tree=82
num_leaves=15
num_cat=0
split_feature=12 13 25 7 17 17 28 7 18 17 9 18 6 27
split_gain=6.22962 7.10357 7.59025 5.86482 5.18435 8.16827 7.15478 8.6124 5.85833 5.14565 5.06793 7.47881 8.93818 7.7932
threshold=5393.5000000000009 0.51370150000000014 1.0000000180025095e-35 0.45846600000000004 0.3647470000000001 0.29167350000000009 1.0000000180025095e-35 0.51370150000000014 0.036413100000000011 0.23703500000000002 0.15235800000000002 0.040086750000000011 0.86607150000000011 56.050000000000004
decision_type=2 10 2 10 8 10 2 8 8 10 10 10 10 2
left_child=10 2 -2 -4 5 6 7 -3 -6 -8 11 -1 -13 -14
right_child=1 4 3 -5 8 -7 9 -9 -10 -11 -12 12 13 -15
leaf_value=-0.0018997151075031296 -0.000941507881530085 -9.6035476192947729e-05 -0.0079804384990734955 -0.027829239131321782 -0.0010249663904890551 0.0092492846715575127 0.012974897672409202 -0.022396411152295369 -0.019788641662481517 -0.0045664921378648681 0.00090901351874325979 9.4666991238396761e-05 0.020044121934940536 6.1458431240854787e-05
leaf_weight=2120.307321742177 38.286007687449455 32.608677685260773 25.469295233488083 28.266964554786682 35.159061029553413 69.212438568472862 28.547491937875748 29.857603892683983 26.086697146296501 31.833859011530876 4116.0621080994606 4372.7857462465763 38.163354620337486 32.543846592307091
leaf_count=8586 156 132 104 115 142 279 115 121 105 130 16639 17619 153 131
internal_value=-4.44763e-05 -0.00401023 -0.0111489 -0.0184215 -0.00141684 0.00100678 -0.00363705 -0.0107552 -0.00901707 0.00372684 8.37544e-05 -0.000433753 0.000265762 0.0108469
internal_weight=11025.2 345.328 92.0223 53.7363 253.306 192.06 122.848 62.4663 61.2458 60.3814 10679.9 6563.8 4443.49 70.7072
internal_count=44527 1399 375 219 1024 777 498 253 247 245 43128 26489 17903 284
is_linear=0
shrinkage=0.03


Tree=83
num_leaves=15
num_cat=0
split_feature=1 0 17 8 4 5 5 7 1 17 16 8 10 7
split_gain=7.46757 9.87113 10.478 6.14427 11.6751 10.0724 10.0003 9.44402 10.2254 7.49013 9.83562 8.45259 8.61754 8.18719
threshold=0.67913150000000011 2203.5000000000005 0.32422550000000006 0.41012800000000005 0.38694550000000005 0.40404400000000007 0.40003900000000009 0.36285250000000008 0.49152750000000006 0.23703500000000002 0.71177750000000006 0.71370050000000018 0.073350050000000014 0.487068
decision_type=10 2 10 8 10 10 10 10 10 8 8 10 10 8
left_child=3 2 -2 4 -1 6 -6 8 -7 11 -11 13 -13 -5
right_child=1 -3 -4 9 5 7 -8 -9 -10 10 -12 12 -14 -15
leaf_value=-0.0055301886903617922 0.0040776306916591619 0.014181190242687981 -0.012097495271393362 0.0037350907585503362 -0.0013985645661095858 0.0051976624004343441 -0.014148312330143289 0.00047996047495879525 0.024189637749574888 -0.00012587841239061062 -0.0062023565674847493 -0.0021089256930167536 0.018072146530097456 1.2505656361028909e-05
leaf_weight=520.78127293288708 254.20676164329052 71.823224425315857 41.998299479484558 797.4284752458334 675.98835769295692 113.18365734815598 60.30647024512291 372.57338450849056 32.939536571502686 6167.6619489938021 249.43555454909801 29.395769581198692 54.071569800376892 1595.8223803639412
leaf_count=2125 1021 288 169 3214 2776 461 246 1517 133 24857 1012 118 217 6423
internal_value=2.03142e-06 0.00420355 0.00178419 -0.000142892 -0.00175403 -0.000187046 -0.00244284 0.00301507 0.00947889 0.000178794 -0.000362074 0.00158016 0.0109647 0.00125287
internal_weight=11037.6 368.028 296.205 10669.6 1775.77 1254.99 736.295 518.697 146.123 8893.82 6417.1 2476.72 83.4673 2393.25
internal_count=44577 1478 1190 43099 7258 5133 3022 2111 594 35841 25869 9972 335 9637
is_linear=0
shrinkage=0.03


Tree=84
num_leaves=15
num_cat=0
split_feature=13 18 12 10 6 18 10 4 2 13 2 16 13 9
split_gain=7.31113 9.33675 10.8755 10.0354 13.0278 10.0598 8.90516 14.532 11.3526 8.38767 8.24485 8.02244 8.39867 6.91662
threshold=0.45461300000000004 0.16558600000000004 871.50000000000011 0.08735465000000002 0.67694500000000013 0.21592150000000002 0.11435700000000001 0.42373450000000007 0.30909800000000004 0.50740850000000015 0.29597050000000008 0.54535200000000017 0.44616400000000006 0.26491250000000005
decision_type=8 10 2 10 10 10 8 10 10 10 10 8 10 10
left_child=6 -2 -3 10 9 -6 7 -1 -9 -5 -4 13 -13 -8
right_child=1 2 3 4 5 -7 11 8 -10 -11 -12 12 -14 -15
leaf_value=0.0053004395197255826 -4.8735914155520867e-05 0.0056121339005867519 -0.0091443318317322234 0.015010370858954467 0.0037033543139244032 0.030017166476903692 -0.010098166266602308 -0.0019111556180582713 -0.024955933978848033 -9.0375901381820327e-05 0.0086166305991986786 -0.00087602221266267833 -0.011520649805119843 0.0054266090738362572
leaf_weight=284.61143772304058 8248.5645748227835 609.61605849862099 141.00562664866447 35.113854825496674 27.182991176843643 25.195283383131027 215.165094435215 71.714622750878334 26.293417021632195 578.50193449854851 28.232865884900093 656.76118528842926 74.25231671333313 29.350907400250435
leaf_count=1146 33348 2446 566 141 109 101 868 289 108 2322 114 2661 301 119
internal_value=5.21126e-05 0.000340939 0.00256557 0.000341963 0.00199964 0.016361 -0.00200931 0.00186956 -0.00809357 0.000773757 -0.0061814 -0.00353067 -0.00195724 -0.00823462
internal_weight=11051.6 9693.41 1444.85 835.233 665.994 52.3783 1358.15 382.619 98.008 613.616 169.238 975.53 731.014 244.516
internal_count=44639 39147 5799 3353 2673 210 5492 1543 397 2463 680 3949 2962 987
is_linear=0
shrinkage=0.03


end of trees

feature_importances:
asof_pitcher_fastball_rate=70
asof_pitcher_reverse_rate=67
asof_pitcher_success_rate=65
asof_pitcher_prev1_game_success_rate=64
asof_pitcher_offspeed_rate=64
asof_pitcher_breaking_rate=61
asof_pitcher_n=59
asof_pitcher_ball_rate=55
asof_pitcher_middle_rate=51
asof_pitcher_prev5_game_success_rate=51
asof_pitcher_strike_rate=47
asof_pitcher_prev3_game_success_rate=47
asof_batter_success_rate=44
asof_pitcher_prev3_game_middle_rate=39
asof_batter_n=39
li=39
asof_batter_middle_rate=38
home_win_expectancy=36
same_hand=35
asof_pitcher_prev5_game_middle_rate=33
asof_pitcher_prev1_game_middle_rate=32
asof_pitcher_pitchmix_n=24
matchup_1_1=24
balls_before=24
matchup_1_2=22
strikes_before=21
matchup_2_2=15
inning=13
matchup_2_1=7
num_runners_on=4

parameters:
[boosting: gbdt]
[objective: binary]
[metric: binary_logloss]
[tree_learner: serial]
[device_type: cpu]
[data_sample_strategy: bagging]
[data: ]
[valid: ]
[num_iterations: 85]
[learning_rate: 0.03]
[num_leaves: 15]
[num_threads: 16]
[seed: 0]
[deterministic: 0]
[force_col_wise: 0]
[force_row_wise: 0]
[histogram_pool_size: -1]
[max_depth: -1]
[min_data_in_leaf: 100]
[min_sum_hessian_in_leaf: 0.001]
[bagging_fraction: 0.8]
[pos_bagging_fraction: 1]
[neg_bagging_fraction: 1]
[bagging_freq: 1]
[bagging_seed: 7719]
[bagging_by_query: 0]
[feature_fraction: 0.6]
[feature_fraction_bynode: 1]
[feature_fraction_seed: 2437]
[extra_trees: 0]
[extra_seed: 11797]
[early_stopping_round: 0]
[early_stopping_min_delta: 0]
[first_metric_only: 0]
[max_delta_step: 0]
[lambda_l1: 0]
[lambda_l2: 0]
[linear_lambda: 0]
[min_gain_to_split: 0]
[drop_rate: 0.1]
[max_drop: 50]
[skip_drop: 0.5]
[xgboost_dart_mode: 0]
[uniform_drop: 0]
[drop_seed: 21238]
[top_rate: 0.2]
[other_rate: 0.1]
[min_data_per_group: 100]
[max_cat_threshold: 32]
[cat_l2: 10]
[cat_smooth: 10]
[max_cat_to_onehot: 4]
[top_k: 20]
[monotone_constraints: ]
[monotone_constraints_method: basic]
[monotone_penalty: 0]
[feature_contri: ]
[forcedsplits_filename: ]
[refit_decay_rate: 0.9]
[cegb_tradeoff: 1]
[cegb_penalty_split: 0]
[cegb_penalty_feature_lazy: ]
[cegb_penalty_feature_coupled: ]
[path_smooth: 0]
[interaction_constraints: ]
[verbosity: -1]
[saved_feature_importance_type: 0]
[use_quantized_grad: 0]
[num_grad_quant_bins: 4]
[quant_train_renew_leaf: 0]
[stochastic_rounding: 1]
[linear_tree: 0]
[max_bin: 255]
[max_bin_by_feature: ]
[min_data_in_bin: 3]
[bin_construct_sample_cnt: 200000]
[data_random_seed: 38]
[is_enable_sparse: 1]
[enable_bundle: 1]
[use_missing: 1]
[zero_as_missing: 0]
[feature_pre_filter: 1]
[pre_partition: 0]
[two_round: 0]
[header: 0]
[label_column: ]
[weight_column: ]
[group_column: ]
[ignore_column: ]
[categorical_feature: ]
[forcedbins_filename: ]
[precise_float_parser: 0]
[parser_config_file: ]
[objective_seed: 8855]
[num_class: 1]
[is_unbalance: 0]
[scale_pos_weight: 1]
[sigmoid: 1]
[boost_from_average: 1]
[reg_sqrt: 0]
[alpha: 0.9]
[fair_c: 1]
[poisson_max_delta_step: 0.7]
[tweedie_variance_power: 1.5]
[lambdarank_truncation_level: 30]
[lambdarank_norm: 1]
[label_gain: ]
[lambdarank_position_bias_regularization: 0]
[eval_at: ]
[multi_error_top_k: 1]
[auc_mu_weights: ]
[num_machines: 1]
[local_listen_port: 12400]
[time_out: 120]
[machine_list_filename: ]
[machines: ]
[gpu_platform_id: -1]
[gpu_device_id: -1]
[gpu_device_id_list: ]
[gpu_use_dp: 0]
[num_gpu: 1]

end of parameters

pandas_categorical:null
