tree
version=v4
num_class=1
num_tree_per_iteration=1
label_index=0
max_feature_idx=29
objective=binary sigmoid:1
feature_names=asof_pitcher_n asof_pitcher_success_rate asof_pitcher_reverse_rate asof_pitcher_middle_rate asof_pitcher_ball_rate asof_pitcher_strike_rate asof_pitcher_prev1_game_success_rate asof_pitcher_prev3_game_success_rate asof_pitcher_prev5_game_success_rate asof_pitcher_prev1_game_middle_rate asof_pitcher_prev3_game_middle_rate asof_pitcher_prev5_game_middle_rate asof_batter_n asof_batter_success_rate asof_batter_middle_rate asof_pitcher_pitchmix_n asof_pitcher_fastball_rate asof_pitcher_breaking_rate asof_pitcher_offspeed_rate matchup_1_1 matchup_1_2 matchup_2_1 matchup_2_2 same_hand balls_before strikes_before inning home_win_expectancy num_runners_on li
feature_infos=[0:15444] [0:1] [0:1] [0:1] [0:1] [0:1] [0:1] [0:0.91666700000000001] [0:0.90909099999999998] [0:1] [0:1] [0:1] [0:13926] [0:1] [0:1] [0:15444] [0:1] [0:1] [0:1] [0:1] [0:1] [0:1] [0:1] [0:1] [0:3] [0:2] [1:12] [0:100] [0:3] [0:10.83]
tree_sizes=3855 3986 3982 3994 3963 3975 3976 3977 3962 3961 3981 3995 3955 3972 4000 3982 3978 3978 3983 3985 3956 3980 3977 3948 3967 3979 3974 3994 3960 3952 3980 3989 3994 4000 4013 3961 3992 3989 3965 3968 3984 4003 3966 3982 3984 3980 3986 3976 3986 4002 3947 3980 3959 3959 3962 3974 3987 3966 3992 3967 3993 3979 3967 3984 3981 3932 3987 3996 4001 3988 3954 4013 3969 3968 3954 3974 3981 3974 3937 3971 3980 3989 3980 3973 3952 3946 3963 3993 3970 3962 3986 3972 3925 3994 3984 3964 3958 3967 3969 3973 3968 3952 3963 3915 3949 3957 3955 3935 3960 3959 3927 3960 3956 3973 3942 3961 3949 3947 3934 3981 3960 3926 3971 3954 3941 3968 3953 3939 3928 3904 3948 3963 3954

Tree=0
num_leaves=34
num_cat=0
split_feature=2 2 2 4 4 19 2 4 3 3 3 16 4 5 13 13 23 13 3 4 13 13 19 2 2 13 16 4 4 2 23 16 0
split_gain=4496.17 1106.24 731.036 366.393 312.23 256.389 169.014 126.157 120.558 116.322 115.284 117.99 90.8121 89.5852 82.8093 79.7232 79.149 74.6854 68.419 64.186 58.3303 58.1389 50.8892 47.5478 45.2229 44.0426 41.9438 39.8678 37.0714 36.9532 36.7178 65.6161 53.7298
threshold=0.21561400000000003 0.14035650000000002 0.25757250000000004 0.37749950000000004 0.36842400000000003 1.0000000180025095e-35 0.17721650000000003 0.37300850000000002 0.15514650000000005 0.15035050000000003 0.099833550000000007 0.42426950000000002 0.37267850000000008 0.46412450000000005 0.50897950000000003 0.5373595000000001 1.0000000180025095e-35 0.5363190000000001 0.13898950000000002 0.33490650000000005 0.47699950000000008 0.47699950000000008 1.0000000180025095e-35 0.24849450000000003 0.28180050000000006 0.54335200000000017 0.51905250000000003 0.40664900000000009 0.33150250000000009 0.29564450000000003 1.0000000180025095e-35 0.76472000000000018 3754.5000000000005
decision_type=10 8 10 8 10 2 10 10 10 10 10 10 10 10 10 8 2 8 10 10 8 8 2 10 10 8 10 10 10 10 2 10 2
left_child=1 10 4 6 8 7 14 30 19 21 11 -1 20 24 -3 16 27 -5 -9 -2 -12 -8 28 -21 -7 -14 -18 -6 -16 -20 31 -4 -33
right_child=2 3 5 17 15 13 9 18 -10 -11 12 -13 25 -15 22 -17 26 -19 29 23 -22 -23 -24 -25 -26 -27 -28 -29 -30 -31 -32 32 -34
leaf_value=0.07779591464927528 0.060862617070500773 0.058219545206613314 0.052993258271140133 0.054235364671505061 0.053598050060937534 0.046303188190561055 0.05333171920862595 0.051183580165500911 0.053559335112946978 0.056924593870738206 0.058416230409315109 0.066568970483795273 0.05962589963854998 0.050837532253045464 0.066448561276453849 0.054090690495585181 0.05157259753574342 0.057614474952423105 0.0490706400763758 0.057335646729276345 0.067840397852360512 0.06044308123098828 0.057670648838961107 0.053555507426114028 0.041388059117335563 0.065080382600511022 0.048021406653215151 0.049215681640591251 0.062781258995752848 0.046095927464129285 0.05070302196426104 0.058407010009106933 0.082210687622802647
leaf_weight=2103.343825340271 5120.9677457809448 5285.5881235599518 13238.076327800751 16003.648713827133 14875.28718662262 3621.3985078334808 1409.8898515701294 11038.808033466339 14504.079475879669 19594.571218490601 820.35405254364014 2331.164439201355 3202.4783658981323 2330.6648325920105 3826.7368242740631 18787.956347703934 6887.3269131183624 14936.488996267319 11733.26122045517 22154.055878162384 14267.765549659729 36841.241176366806 2026.1546041965485 4777.9878084659576 5677.5295085906982 3851.467351436615 9144.7993774414062 2935.938239812851 21823.066499471664 8510.2989835739136 9495.5232172012329 402.93273043632507 155.12785220146179
leaf_count=8420 20500 21159 52994 64065 59548 14497 5644 44190 58062 78440 3284 9332 12820 9330 15319 75211 27571 59793 46970 88686 57116 147481 8111 19127 22728 15418 36608 11753 87361 34068 38012 1613 621
internal_value=0.0561386 0.0604834 0.0522423 0.0590966 0.054109 0.0494455 0.0601972 0.0504328 0.0561592 0.0590779 0.0668361 0.0718941 0.0658231 0.0448124 0.0621614 0.0522954 0.0512988 0.0558666 0.049007 0.0573356 0.067328 0.060181 0.0629142 0.056665 0.0433022 0.0626041 0.049547 0.0528757 0.0633284 0.0478201 0.0523478 0.0534799 0.0650239
internal_weight=313716 148324 165392 121747 99188.4 66203.6 90807.2 54574 46557.1 57845.7 26576.6 4434.51 22142.1 11629.6 32961.5 52631.3 33843.4 30940.1 31282.4 32053 15088.1 38251.1 27676 26932 9298.93 7053.95 16032.1 17811.2 25649.8 20243.6 23291.7 13796.1 558.061
internal_count=1255852 593763 662089 487373 397066 265023 363515 218468 186375 231565 106390 17752 88638 46555 131950 210691 135480 123858 125228 128313 60400 153125 110791 107813 37225 28238 64179 71301 102680 81038 93240 55228 2234
is_linear=0
shrinkage=1


Tree=1
num_leaves=34
num_cat=0
split_feature=2 2 2 7 19 7 7 5 5 2 14 5 3 3 5 25 14 3 2 2 6 7 19 2 19 7 2 7 14 24 5 11 19
split_gain=4291.46 991.212 702.983 270.589 253.568 250.156 178.383 142.898 135.727 126.775 110.828 91.4617 76.7322 64.1278 68.7939 57.757 57.2822 54.8747 52.4991 50.2801 49.6092 47.9415 44.2505 44.1663 43.8491 43.3664 41.0236 36.2147 34.5058 36.0788 33.7036 32.2197 31.6918
threshold=0.21495550000000005 0.15122850000000002 0.25757250000000004 0.53949650000000016 1.0000000180025095e-35 0.49814800000000009 0.44618450000000004 0.43190750000000006 0.43165250000000005 0.10252550000000001 0.14316350000000003 0.46412450000000005 0.099833550000000007 0.15035050000000003 0.44212750000000006 1.5000000000000002 0.13993850000000005 0.15930050000000004 0.17721650000000003 0.17721650000000003 0.77888900000000005 0.57903600000000011 1.0000000180025095e-35 0.30306800000000006 1.0000000180025095e-35 0.45484400000000008 0.28180050000000006 0.45951650000000005 0.14328950000000004 1.5000000000000002 0.48131150000000006 0.14518000000000003 1.0000000180025095e-35
decision_type=10 8 10 10 2 8 8 10 10 10 10 10 10 10 10 2 10 10 10 10 8 8 2 10 2 10 10 8 8 2 10 8 2
left_child=1 9 5 10 6 13 23 32 19 12 24 26 20 14 28 16 -11 21 -10 -5 -1 -9 27 -4 31 -15 -6 -12 29 -2 -18 -3 -7
right_child=2 3 4 8 11 7 -8 17 18 15 22 -13 -14 25 -16 -17 30 -19 -20 -21 -22 -23 -24 -25 -26 -27 -28 -29 -30 -31 -32 -33 -34
leaf_value=0.019925631234728906 -0.0010458163012683247 0.0042390010747158854 -0.0069160170608122181 0.0039935204038660027 -0.0097904152463080141 -0.0026923742900535163 -0.0040012628072778186 0.00055166051990825744 0.0068376263278481604 0.010700547507333739 -0.0025001840991057795 -0.0050295621000159066 0.010250511144251007 -0.0066447752256289603 -0.00028055229843609251 0.0058791884524295318 0.0054689071482033301 -0.0017882600497620958 0.0043716204249633203 -0.00051219347622274167 0.0094380328935100549 0.0035646112572887542 -0.0046465703696865297 -0.010271937586438993 -0.001903466168750198 -0.0035381055142295506 -0.014471161179131189 0.00064632757074121485 -0.0056344638835261161 -0.0061966408882397836 0.010617283481707949 0.0018226056702328657 -0.0081992756234587245
leaf_weight=2364.6029513478279 5948.4534054100513 11232.570182010531 13689.801951751113 4704.7260633409023 3619.8095165044069 13906.260686516762 33867.078783258796 21966.030384153128 15877.79536908865 12646.630919292569 5792.4598046541214 2324.9975083172321 3812.1615103036165 11345.358072653413 9291.2156462520361 8269.3420298844576 5385.9439006149769 8003.3452127277851 28501.628239899874 7734.9648752510548 687.68967220187187 8711.9972316324711 2920.4087345153093 7001.0549785643816 2522.159381955862 9972.4613406658173 5685.3148457854986 17003.089473694563 7801.6539372801781 2200.4227989464998 2082.7240350693464 15527.986278578639 1354.6142265200615
leaf_count=9472 23811 44970 54794 18835 14487 55664 135556 87933 63572 50640 23189 9306 15265 45413 37194 33112 21565 32036 114106 30965 2754 34876 11691 28021 10097 39918 22751 68070 31228 8808 8340 62166 5422
internal_value=6.21096e-06 0.00428539 -0.00376921 0.00270122 -0.00651946 -0.00195797 -0.00553731 -0.000364966 0.00436458 0.00931071 0.000982804 -0.0111268 0.0135019 -0.00380356 -0.0026314 0.00829713 0.00929114 0.000746111 0.00525389 0.00119188 0.0175627 0.00140728 -0.0006635 -0.00805154 0.00242858 -0.00519148 -0.0126503 -0.000153216 -0.00400077 -0.00243668 0.00690459 0.00283687 -0.00318119
internal_weight=313757 147067 166690 111818 66188.1 100502 54557.9 53942.2 56819.1 35249.1 54998.7 11630.1 6864.45 46559.6 25241.7 28384.6 20115.3 38681.4 44379.4 12439.7 3052.29 30678 25716 20690.9 29282.7 21317.8 9305.12 22795.5 15950.5 8148.88 7468.67 26760.6 15260.9
internal_count=1256027 588809 667218 447661 264915 402303 218371 215931 227478 141148 220183 46544 27491 186372 101041 113657 80545 154845 177678 49800 12226 122809 102950 82815 117233 85331 37238 91259 63847 32619 29905 107136 61086
is_linear=0
shrinkage=0.0343682


Tree=2
num_leaves=34
num_cat=0
split_feature=1 1 1 1 29 1 6 14 1 6 4 4 14 6 14 16 4 20 21 16 18 20 6 1 1 14 4 4 6 14 16 11 14
split_gain=4502.73 1030.58 682.197 222.915 174.851 161.384 161.277 109.702 97.8618 93.3474 86.7178 85.3323 75.8509 72.4199 68.3583 65.4173 61.141 45.3359 54.5823 51.6691 44.6834 43.5017 41.5813 40.3877 39.6653 39.4466 39.024 38.1905 36.7513 34.3933 32.7724 32.4791 31.9483
threshold=0.52987550000000005 0.58052850000000011 0.49931550000000008 0.45845550000000007 0.35500000000000004 0.67089500000000013 0.50213700000000017 0.14262250000000001 0.54866450000000011 0.44843700000000003 0.37267850000000008 0.37267850000000008 0.14821350000000003 0.34391800000000006 0.13993850000000005 0.41688450000000005 0.38628250000000003 1.0000000180025095e-35 1.0000000180025095e-35 0.76472000000000018 0.30522350000000004 1.0000000180025095e-35 0.41949900000000001 0.50831450000000011 0.60106550000000014 0.13017350000000003 0.36882200000000004 0.40845850000000006 0.32274900000000006 0.14247650000000003 0.44516750000000005 0.10932250000000002 0.14459750000000002
decision_type=8 10 10 10 2 10 8 10 10 8 10 10 10 8 10 10 10 2 2 10 10 2 8 10 10 10 8 10 8 10 10 8 8
left_child=2 6 3 29 11 9 12 23 26 27 22 -3 16 -5 24 -13 -2 18 25 -20 -7 32 -9 -4 -11 -15 -8 -6 -12 -1 -27 -24 -10
right_child=1 4 7 13 5 20 8 10 21 14 28 15 -14 17 -16 -17 -18 -19 19 -21 -22 -23 31 -25 -26 30 -28 -29 -30 -31 -32 -33 -34
leaf_value=-0.007757201746588018 0.0023556576032737666 0.0061613043660774247 -0.0024202587053446566 -0.0085322423480764867 0.0031888360277215889 0.012886342528466679 0.0025655188261154995 -0.0048316323617809149 0.0046592708643439741 0.0087285287994446036 -0.0091993299623176587 0.016278490760486385 -0.0016988302216321756 -0.0032630357808876554 0.0072958991760926923 -0.0019305868522422318 -0.0017308322064611423 -0.0024182642165913276 -0.0041034713876802629 0.0073131595285531332 0.021481816705758387 0.0069699472281096585 0.0035267756687996101 0.00028477783701342667 0.011838072608307536 -0.002935378076261254 -0.00012913298205258347 -0.016956926211294514 -0.0041430440346453034 -0.01046327457341107 -0.0074027175260739774 -0.0012680125176188913 0.0025053397851362517
leaf_weight=9919.6911637783051 20259.644251897931 7530.5674235969782 8707.7811087667942 6921.2672039419413 2581.4262616038322 1514.8622673600912 17495.940487802029 3544.2060447484255 19910.658583328128 9427.3194843828678 1868.4497994482517 252.76462915539742 13476.609333738685 4204.4452798366547 16073.314815029502 2986.3628796041012 5498.2521499693394 8046.7826408445835 17577.573771491647 481.05573701858521 1351.8689935803413 5937.8465406149626 1875.2833604812622 25943.68030244112 9969.5229177474976 2173.5107693523169 9962.9079930484295 116.14903137087822 18606.746975466609 12587.044740229845 18027.393639966846 15148.361983627081 13751.716600880027
leaf_count=39697 81113 30159 34855 27699 10337 6069 70047 14186 79724 37756 7478 1013 53950 16828 64368 11958 22011 32206 70351 1926 5420 23775 7507 103854 39933 8699 39884 465 74473 50369 72146 60637 55059
internal_value=-7.45897e-06 0.00407766 -0.00415727 -0.00637145 0.00805238 0.00907529 0.0021405 -0.00181893 0.00316449 0.0084846 -0.00302112 0.00415493 0.000390314 -0.00523532 0.00895333 -0.000509645 0.00148336 -0.00478356 -0.00523178 -0.00379935 0.0169397 0.00425776 -0.00144492 -0.000394988 0.0103268 -0.0062917 0.00158782 0.00232142 -0.00460445 -0.00927059 -0.00692206 -0.00073983 0.00377935
internal_weight=313731 158098 155633 79938.8 51804.2 41034.5 106294 75694.5 67059.1 38167.7 41043 10769.7 39234.5 57432 35470.2 3239.13 25757.9 50510.8 42464 18058.6 2866.73 39600.2 20567.9 34651.5 19396.8 24405.3 27458.8 2697.58 20475.2 22506.7 20200.9 17023.6 33662.4
internal_count=1255952 633041 622911 319921 207478 164348 425563 302990 268489 152859 164281 43130 157074 229855 142057 12971 103124 202156 169950 72277 11489 158558 82330 138709 77689 97673 109931 10802 81951 90066 80845 68144 134783
is_linear=0
shrinkage=0.0343682


Tree=3
num_leaves=34
num_cat=0
split_feature=7 7 7 14 14 14 7 16 29 21 6 17 23 14 29 7 23 14 7 6 7 6 16 25 16 17 6 7 12 0 16 17 21
split_gain=2591.51 561.232 450.893 181.548 141.44 131.236 115.425 72.3893 70.5279 62.5087 62.1234 73.6909 60.9063 59.6252 48.6112 49.8567 46.3963 45.203 42.4432 41.9135 41.6473 35.9276 33.7323 29.1338 28.3102 27.9548 27.1567 27.0022 27.8918 26.7895 28.0444 27.2887 26.3922
threshold=0.52276150000000021 0.45617200000000008 0.59621350000000006 0.14286300000000005 0.14262250000000001 0.13544950000000003 0.40554250000000008 0.42087800000000003 0.24500000000000002 1.0000000180025095e-35 0.44076900000000002 0.38042000000000004 1.0000000180025095e-35 0.13510850000000005 0.34500000000000003 0.57903600000000011 1.0000000180025095e-35 0.13952050000000002 0.66720450000000009 0.58079850000000011 0.57410300000000014 0.74883200000000005 0.60408600000000012 1.5000000000000002 0.38645200000000007 0.30799900000000008 0.57837200000000011 0.50200800000000012 5047.5000000000009 4441.5000000000009 0.50877950000000005 0.23606650000000004 1.0000000180025095e-35
decision_type=8 10 10 10 10 8 10 10 2 2 8 8 2 10 2 10 2 10 10 10 10 10 10 2 10 10 10 10 2 2 10 10 2
left_child=1 6 4 29 14 7 9 18 -7 13 -6 16 -5 -1 -2 23 20 -8 -4 32 25 24 -15 -16 -21 -12 -19 28 -14 30 -3 -32 -10
right_child=2 3 5 12 10 8 17 -9 19 -11 11 -13 27 22 15 -17 -18 26 -20 21 -22 -23 -24 -25 -26 -27 -28 -29 -30 -31 31 -33 -34
leaf_value=-0.0050185402878676292 0.0010246144457121214 0.0019786468925910394 0.0092943131029406961 -0.0016237049042321248 -0.003352606277589805 0.00085336251720328853 -0.0027192489955247304 0.0071870689678696338 0.0010218857270765892 -0.0047067128654985991 0.0027916955447328238 -0.0021020730013740644 -0.003664376146242761 -0.0081493729336369978 0.0037061916359306737 0.006171986245088544 0.00025206816340983144 -0.00544513941105426 0.018636611934803336 0.014079817203078115 0.0054476112409492083 0.0024222954628133286 -0.011674901494871624 0.0015011436933535446 0.0063322814684799809 -0.00049783636824507656 -0.00097833240852531205 -0.0023200227356807378 -0.006598396472311965 -0.0015821073918465083 0.0014910827923920128 -0.00089049340973233466 0.0054714356571154334
leaf_weight=4829.9563428908587 10614.366594746709 12359.308006301522 1237.2862520068884 26088.339094489813 4419.8163020461798 5510.3797909021378 14148.430036857724 18979.384786084294 3971.1788952201605 8244.1883573532104 10024.795042052865 7821.0458117574453 9590.4232260882854 8635.5668869614601 24868.525609761477 7478.3950760811567 16723.21308785677 23723.639477312565 1072.1273900270462 578.21939939260483 4938.1785796284676 2848.0649611055851 5098.0756606757641 9892.8594354093075 15249.237553119659 4386.6630013138056 1724.5361858904362 7370.0712114870548 6368.3224433064461 7727.3371266126633 8909.4094059169292 15692.147033140063 2609.0238348543644
leaf_count=19329 42499 49478 4958 104422 17692 22064 56628 76025 15902 32993 40136 31310 38384 34556 99580 29952 66953 94939 4301 2318 19774 11405 20399 39613 61076 17562 6902 29500 25487 30934 35665 62815 10448
internal_value=1.55504e-05 -0.00303631 0.00321255 -0.00132917 0.00187521 0.00581165 -0.00545559 0.00788615 0.00437618 -0.00719703 0.000531126 0.000922192 -0.00276467 -0.00830299 0.00310383 0.00362631 0.00157789 -0.0042766 0.0136314 0.0051448 0.00272375 0.00597587 -0.00945809 0.00307865 0.00661532 0.0017904 -0.00514244 -0.0040406 -0.00483519 0.000258237 0.000642994 -2.80099e-05 0.00278611
internal_weight=313733 160510 153223 94105.4 101168 52054.9 66404.4 21288.8 30766.1 26807.8 48313.7 43893.9 49417.2 18563.6 52854.1 42239.8 36072.8 39596.6 2309.41 25255.7 19349.6 18675.5 13733.6 34761.4 15827.5 14411.5 25448.2 23328.8 15958.7 44688.2 36960.9 24601.6 6580.2
internal_count=1255999 642431 613568 376685 405071 208497 265746 85284 123213 107277 193427 175735 197793 74284 211644 169145 144425 158469 9259 101149 77472 74799 54955 139193 63394 57698 101841 93371 63871 178892 147958 98480 26350
is_linear=0
shrinkage=0.0343682


Tree=4
num_leaves=34
num_cat=0
split_feature=8 8 8 26 14 8 14 3 3 24 14 6 8 26 8 3 24 8 9 6 24 14 6 11 9 11 8 27 24 25 6 24 24
split_gain=2947.92 838.691 233.556 207.216 170.636 146.305 110.079 103.998 59.3258 52.3164 46.955 46.123 45.8788 47.4771 44.566 43.9139 43.0461 44.893 42.7083 39.5872 35.1724 35.1623 34.9871 34.5856 31.8449 30.4994 30.1725 28.6296 27.8187 27.7237 27.3816 25.8533 25.4326
threshold=0.50147050000000004 0.56718100000000005 0.42613850000000003 6.5000000000000009 0.14113850000000003 0.60302050000000007 0.14080550000000003 0.090693050000000011 0.13207700000000003 2.5000000000000004 0.12925850000000003 0.40830700000000003 0.53645900000000013 6.5000000000000009 0.37087750000000003 0.14620750000000002 2.5000000000000004 0.53853800000000007 0.26944700000000005 0.49489700000000003 1.5000000000000002 0.13272650000000005 0.42131100000000005 0.077083700000000019 0.23271750000000002 0.18824700000000003 0.4669465000000001 3.7500000000000004 2.5000000000000004 1.5000000000000002 0.41707150000000009 2.5000000000000004 2.5000000000000004
decision_type=8 10 10 2 10 10 8 10 10 2 10 10 8 2 10 10 2 10 10 10 2 8 10 10 10 10 10 2 2 2 10 2 2
left_child=2 4 8 5 16 11 15 23 -1 30 29 -3 20 -14 -10 31 17 24 28 -5 -6 -21 -19 -7 -2 26 -17 -23 -12 -9 -8 -4 -13
right_child=1 3 6 19 12 7 9 10 14 -11 18 32 13 -15 -16 25 -18 22 -20 21 -22 27 -24 -25 -26 -27 -28 -29 -30 -31 -32 -33 -34
leaf_value=-0.0034533330317303395 0.0012187434558457847 -0.0041937202905172255 -0.00037044478715121638 -0.00022030166942606127 -0.00062241067246392417 0.010433875418936306 -0.0052099116920251848 0.011698029005730248 -0.010098612435136205 -0.0077593960148197487 0.0075589007162740291 0.0055123784260799986 0.0015661203329322367 -0.0016383119315615655 -0.0066948639209748386 -0.0063898463998773424 -0.00097596638922552072 -0.0010442419669479243 -0.0031923196705909767 0.0054877598437227046 -0.0031324814870948535 -0.0008803193596654108 0.0041774909108764366 0.018266158531458524 0.0046702938309716637 -0.0012796167146062454 -0.0026830576922573538 0.0032122227339219608 0.0018206980995807687 0.0067240995517673626 -0.0034626271626114202 -0.0047094482024147531 0.0015707635212460404
leaf_weight=5132.003984823823 25623.621902406216 632.16571632027626 17904.167832180858 4098.2177708297968 26097.031041711569 1147.7605374604464 14957.055709838867 4655.0330245047808 5977.0800756663084 4704.1070724576712 13042.816191479564 24375.600242272019 18870.827978432178 7685.5179693102837 18945.69118617475 4563.150182902813 4584.6872435957193 1650.4539825320244 490.86583484709263 6851.8463077694178 8823.3243889957666 2468.5994062125683 18553.729763925076 1586.3393815308809 3601.1010589897633 6419.1231276243925 6009.8360684961081 11086.515601545572 1080.605329811573 1849.5299312621355 36313.276376232505 1783.5763249993324 2100.1489405781031
leaf_count=20536 102592 2531 71667 16409 104462 4604 59852 18657 23914 18825 52253 97638 75555 30767 75806 18261 18357 6608 1966 27450 35318 9885 74303 6368 14418 25692 24055 44399 4329 7412 145326 7139 8412
internal_value=-2.93059e-05 0.00264156 -0.00418564 0.00545922 0.000800393 0.00670805 -0.00333168 0.00867116 -0.00681827 -0.00429062 0.00785464 0.00498066 -0.000437877 0.000638744 -0.00751116 -0.00186829 0.00220976 0.00250524 0.0067735 0.00286216 -0.00125663 0.00348119 0.00375093 0.0149782 0.00164405 -0.00314832 -0.00428285 0.00246691 0.00711986 0.0102837 -0.00397236 -0.000763529 0.00519972
internal_weight=313665 190956 122709 75466 115490 50960.9 92654.3 23853 30054.8 55974.4 21118.9 27107.9 61476.7 26556.3 24922.8 36679.9 54013.6 49428.9 14614.3 24505.2 34920.4 20407 20204.2 2734.1 29224.7 16992.1 10573 13555.1 14123.4 6504.56 51270.3 19687.7 26475.7
internal_count=1255766 764693 491073 302313 462380 204170 370817 95589 120256 224003 84617 108581 246102 106322 99720 146814 216278 197921 58548 98143 139780 81734 80911 10972 117010 68008 42316 54284 56582 26069 205178 78806 106050
is_linear=0
shrinkage=0.0343682


Tree=5
num_leaves=34
num_cat=0
split_feature=2 2 8 8 2 5 5 2 23 8 8 18 2 17 18 8 3 5 23 3 8 5 6 17 3 23 9 2 24 3 18 18 5
split_gain=3448.3 812.199 568.053 288.324 239.232 160.977 111.763 104.206 93.1687 85.8573 83.9252 82.4385 73.2216 58.219 55.8973 52.8246 50.6951 45.3407 49.128 42.234 41.2191 38.949 38.7721 38.4566 38.0304 37.1561 35.2549 35.2112 34.928 33.5126 32.955 30.7958 30.0129
threshold=0.21495550000000005 0.14035650000000002 0.50147050000000004 0.53645900000000013 0.27107250000000005 0.43190750000000006 0.41827750000000002 0.24849450000000003 1.0000000180025095e-35 0.37087750000000003 0.60302050000000007 0.32260050000000007 0.17721650000000003 0.42840000000000006 0.24092150000000004 0.57658650000000011 0.12979150000000003 0.46138250000000008 1.0000000180025095e-35 0.15035050000000003 0.50343250000000006 0.44568150000000006 0.57203950000000015 0.21848950000000003 0.12567050000000005 1.0000000180025095e-35 0.077296500000000004 0.16201200000000002 2.5000000000000004 0.13809850000000004 0.076926800000000004 0.17492000000000002 0.45291250000000005
decision_type=10 8 10 10 10 10 10 10 2 8 10 10 10 10 10 10 10 10 2 10 8 10 10 10 10 2 10 10 2 10 10 10 10
left_child=1 10 4 13 8 25 27 15 -2 -6 31 26 28 20 16 24 -10 18 -11 21 -3 -14 -23 -13 -7 30 -12 -5 -8 -20 -4 -1 -26
right_child=2 3 5 6 9 7 12 -9 14 17 11 23 19 -15 -16 -17 -18 -19 29 -21 -22 22 -24 -25 32 -27 -28 -29 -30 -31 -32 -33 -34
leaf_value=0.005647135534375256 -0.0024465015139007516 0.00010725401085628587 -0.0060409784693022332 0.004121075772118352 -0.012216435033856015 0.0029921934577820178 0.0063161532941399387 -0.0022658405869173306 -0.0026376169783712514 -0.0059297182454033587 0.0062975244080557789 0.011561326019520738 0.002227196192634103 -0.0026677190271239982 -0.0022287482322760985 0.0037927692148637007 -0.0066109576790784408 -0.0042798856237649466 -0.0062067212468485946 0.0015214443504811559 0.0021233703328984955 0.0033632811676021475 0.0065959657823273848 0.020510168714046532 -0.0018873642697193604 -0.0049807081956807575 0.010969559282946434 -0.0016853306574530211 0.001630287535027024 -0.01014960159816243 -0.0010517683582156622 0.0089859597889518795 0.00080833828525487725
leaf_weight=6521.4273331612349 31133.937432736158 23645.988944038749 1950.1663508713245 1666.3696324974298 3757.0225494354963 5494.9396020919085 24338.208958432078 15243.933615162969 4687.5525959283113 12891.934446722269 2446.5981805324554 934.68196941912174 7730.9842555373907 5299.3711570203304 6321.7905896157026 7108.7799824625254 19872.256306380033 7001.6345401853323 3627.5025650113821 8979.3472349345684 24273.969072178006 7926.533351495862 9801.1031555384398 1442.7884129434824 7911.9067185670137 10482.306858584285 8661.9540258795023 4750.2051129043102 2036.1111935228109 8542.0451715439558 7892.3096656948328 6530.6184632778168 12723.766567006707
leaf_count=26132 124588 94654 7805 6675 15029 22001 97518 61012 18759 51580 9810 3748 30962 21214 25298 28470 79514 28015 14513 35958 97194 31748 39264 5802 31671 41952 34735 19021 8157 34172 31589 26174 50938
internal_value=2.46425e-06 0.0038396 -0.00338203 0.00264042 -0.00506482 -0.000989347 0.00413649 8.69581e-05 -0.00377321 -0.00730099 0.00928231 0.0111837 0.00459167 0.000750508 -0.00511076 0.00116598 -0.00585259 -0.00672502 -0.00740813 0.00354803 0.00112852 0.00426281 0.00515054 0.016992 0.000451363 -0.0035568 0.00994057 -0.00017742 0.0059544 -0.00897431 -0.00204032 0.00731772 -0.000225219
internal_weight=313630 146986 166644 120448 97835.7 68808.1 67228.9 48483.3 62015.5 35820.1 26538.1 13486 60812.3 53219.3 30881.6 33239.4 24559.8 32063.1 25061.5 34438 47920 25458.6 17727.6 2377.47 26130.6 20324.8 11108.6 6416.57 26374.3 12169.5 9842.48 13052 20635.7
internal_count=1255672 588766 666906 482365 391468 275438 269303 194092 248159 143309 106401 54095 243607 213062 123571 133080 98273 128280 100265 137932 191848 101974 71012 9550 104610 81346 44545 25696 105675 48685 39394 52306 82609
is_linear=0
shrinkage=0.0343682


Tree=6
num_leaves=34
num_cat=0
split_feature=8 8 4 4 19 8 26 3 14 14 8 4 14 4 19 8 14 5 5 4 19 14 8 14 7 7 24 14 3 3 14 14 3
split_gain=2542.88 755.81 319.417 297.791 280.795 176.138 125.376 107.071 96.9106 94.3676 79.1016 72.9926 64.2905 62.4144 61.1658 56.7081 54.2748 50.4502 45.5656 44.7759 38.4887 38.3225 37.7702 37.0168 32.7385 30.0177 29.5126 28.1614 27.4331 40.4388 26.031 25.0514 26.8138
threshold=0.50147050000000004 0.56627850000000013 0.38789800000000002 0.37267850000000008 1.0000000180025095e-35 0.46163950000000004 4.5000000000000009 0.13178500000000001 0.14342550000000001 0.13813050000000002 0.60440700000000014 0.37694750000000005 0.13292000000000004 0.37403350000000007 1.0000000180025095e-35 0.60570750000000018 0.1438055 0.45374750000000003 0.39965250000000002 0.33695200000000008 1.0000000180025095e-35 0.12808000000000003 0.54116400000000009 0.13544950000000003 0.47068350000000009 0.44894250000000008 2.5000000000000004 0.16065650000000001 0.13983550000000003 0.15485650000000004 0.14556050000000001 0.13630450000000002 0.14376250000000004
decision_type=8 10 10 10 2 10 2 10 10 10 10 10 8 10 2 10 8 10 10 10 2 8 10 8 8 10 2 8 10 10 8 8 10
left_child=4 3 6 8 5 7 10 25 20 24 27 -9 -4 26 -11 19 -13 28 -12 -8 -2 -17 -10 -15 -5 -1 31 -3 -6 -30 -20 32 -7
right_child=1 2 12 9 17 13 15 11 22 14 18 16 -14 23 -16 21 -18 -19 30 -21 -22 -23 -24 -25 -26 -27 -28 -29 29 -31 -32 -33 -34
leaf_value=-0.002719195077471509 0.0035811043554212179 0.0066187831036943496 0.0032715184686598763 -0.0046682585933843952 -0.0068467504674842149 0.0034641366561909185 0.0063477481513002816 -0.003798802783891692 -0.00011593833480817275 -0.0024121081473010377 0.016579659705533715 -0.004728259318559698 -0.0021297449871143857 -0.00093461173548587816 -0.0079951680960180325 0.0086699884788161482 -0.0080531814602616148 -0.005141993206404947 0.010181064612698965 0.0023591461367332973 -0.00020948799148607692 0.0050472787315500901 0.0022290729714181889 -0.0038835117950118802 0.0007806304868765762 0.0013205147796745758 -0.0046714358726099355 0.0022758072338820048 -0.013538819515369416 -0.0084667655789522067 0.0068160578988386905 -0.0010449311573866905 -0.00068181597068816852
leaf_weight=6225.9216814190149 34276.613730028272 14811.27960473299 4042.2672894448042 1420.7934805303812 3862.568907558918 3573.0368792265654 4373.5503204017878 20045.281497851014 22605.27622961998 21608.792384088039 1033.5708314180374 10202.428496658802 7310.4998381137848 7004.2349001169205 2596.2967261970043 4819.5190076231956 13435.625485494733 5150.7793823331594 8189.2276792824268 13858.774622142315 3485.7326178699732 12129.376239225268 12654.426717013121 17820.101898178458 15635.29581604898 3337.2675524652004 2028.2115309983492 2001.9474831074476 2982.0574040412903 4920.107186332345 4062.4227705448866 18366.936175048351 3804.5106821060181
leaf_count=24912 137284 59358 16197 5687 15454 14304 17526 80206 90493 86490 4162 40819 29274 28033 10390 19329 53750 20609 32848 55519 13959 48611 50675 71305 62603 13356 8117 8021 11930 19683 16285 73506 15228
internal_value=-7.97719e-06 0.00247336 0.00511412 0.000702613 -0.00386698 -0.00320987 0.00603943 -0.0046033 0.00202137 -0.00163126 0.00766783 -0.00532439 -0.000206571 -0.00179923 -0.00301096 0.0046463 -0.00661811 -0.00797861 0.0096499 0.00331593 0.00323121 0.00607742 0.000725668 -0.00305147 0.000326731 -0.00130946 -0.000679924 0.00610167 -0.00922052 -0.0103808 0.00906529 -0.000365464 0.00132612
internal_weight=313675 190916 76632.4 114283 122759 105844 65279.7 53246.5 73022 41261.2 30098.4 43683.3 11352.8 52597 24205.1 35181.2 23638.1 16915.5 13285.2 18232.3 37762.3 16948.9 35259.7 24824.3 17056.1 9563.19 27772.7 16813.2 11764.7 7902.16 12251.7 25744.5 7377.55
internal_count=1255923 764711 307130 457581 491212 423536 261659 213043 292411 165170 120674 174775 45471 210493 96880 140985 94569 67676 53295 73045 151243 67940 141168 99338 68290 38268 111155 67379 47067 31613 49133 103038 29532
is_linear=0
shrinkage=0.0343682


Tree=7
num_leaves=34
num_cat=0
split_feature=1 1 2 1 23 1 15 13 1 5 13 5 23 13 7 26 2 1 7 7 7 5 13 13 13 5 13 26 13 23 15 27 2
split_gain=3427.85 893.45 534.96 212.472 140.455 133.207 98.8315 96.2191 87.3307 84.623 78.668 74.4712 68.1988 64.6516 63.9616 61.6769 57.5482 50.834 50.2228 47.1922 43.3944 43.2619 39.9793 38.0942 38.0611 35.5545 33.9867 32.1651 31.5353 30.1425 44.2188 28.6587 28.0414
threshold=0.54448200000000013 0.50440950000000007 0.14035650000000002 0.45845550000000007 1.0000000180025095e-35 0.57119350000000013 10992.500000000002 0.53365050000000014 0.60850300000000013 0.40853450000000008 0.52309050000000012 0.44895050000000009 1.0000000180025095e-35 0.5522800000000001 0.41906750000000004 6.5000000000000009 0.29368200000000005 0.67089500000000013 0.41272500000000006 0.38135700000000006 0.45131300000000002 0.41204950000000007 0.54096850000000007 0.46932900000000005 0.48161400000000004 0.43243350000000008 0.52497450000000012 2.5000000000000004 0.50989050000000014 1.0000000180025095e-35 770.50000000000011 8.4500000000000011 0.18814450000000002
decision_type=8 10 8 10 2 10 2 8 10 10 8 10 2 8 8 2 10 10 8 8 8 10 8 10 10 10 8 2 10 2 2 2 10
left_child=1 3 8 16 20 13 7 11 24 -7 -11 12 -3 21 -6 17 -1 28 -12 -13 -5 -4 -16 -23 -2 -26 -18 -25 -10 -9 -31 -20 -8
right_child=2 6 5 4 14 9 32 29 15 10 18 19 -14 -15 22 -17 26 -19 31 -21 -22 23 -24 27 25 -27 -28 -29 -30 30 -32 -33 -34
leaf_value=-0.0062172001599630081 -0.00056456306700633019 -0.0013469966329905552 -0.0028566564435263853 -0.0045756183534796822 -0.0089972689835014306 -0.0019323501993901593 -0.018790714241749513 0.0015060626253658987 0.0056543459589775639 0.0029451282606408453 -0.0047779485658777151 -0.0084159067543742045 -0.0046467129585189013 0.0044273428002774623 -0.0060759677246325604 0.0065143506051944956 -0.011478470198088406 0.016047338204662507 0.0033426740132686292 -0.00011928708109597687 -0.0019993072206785146 -0.0038528415592504555 -0.0032025535051245827 0.0039506233036709498 0.0042589916547198254 0.0086185589729236532 -0.0079309572278293845 0.0014925203383563215 0.01158416427966045 0.0022765629741691028 -0.0011509510124032461 0.0067431193263195084 0.0084280423561629621
leaf_weight=9748.7000295370817 781.41161048412323 15987.424824401736 2481.6238886862993 11456.698997482657 6534.3049852848053 2118.5072670727968 45.974688813090324 18651.608389779925 1255.3038244694471 13433.269633352757 488.89566418528557 835.82842473685741 13771.228327259421 11846.941504746675 18978.707048147917 3054.852599427104 6450.8098316192627 2783.2680057287216 3327.5822351127863 26013.270398780704 23691.972795143723 1344.7938251197338 8186.5272234529257 8078.1645620763302 3169.2719701230526 7297.5431589484215 6310.2698825001717 28370.899624720216 6785.2359377592802 5847.8511228114367 18545.454882085323 24349.732329428196 1621.6885805428028
leaf_count=39001 3132 63986 9934 45834 26139 8484 184 74673 5036 53819 1957 3344 55109 47457 75932 12254 25805 11199 13333 104135 94810 5385 32759 32355 12706 29272 25243 113619 27234 23413 74242 97597 6497
internal_value=4.74347e-06 -0.00284212 0.00453926 -0.00530674 -0.00435903 0.00336901 -0.000619825 -0.000758682 0.00900289 0.00476804 0.00510927 -0.00168993 -0.00287399 0.00219556 -0.00594438 0.010827 -0.00820539 0.0120441 0.00614141 -0.000377566 -0.00283906 0.00153909 -0.00521003 0.00182772 0.00675227 0.00729852 -0.00972425 0.00203731 0.0106584 0.000465992 -0.000329267 0.00633429 0.00767767
internal_weight=313646 192678 120967 91358 68848.2 95840.4 101320 99652.7 25126.9 43718 41599.5 56607.8 29758.7 52122.4 33699.5 13878.7 22509.8 10823.8 28166.2 26849.1 35148.7 40275.5 27165.2 37793.9 11248.2 10466.8 12761.1 36449.1 8040.54 43044.9 24393.3 27677.3 1667.66
internal_count=1255879 771106 484773 365523 275474 383940 405583 398902 100833 175190 166706 226574 119095 208750 134830 55723 90049 43469 112887 107479 140644 161293 108691 151359 45110 41978 51048 145974 32270 172328 97655 110930 6681
is_linear=0
shrinkage=0.0343682


Tree=8
num_leaves=34
num_cat=0
split_feature=2 2 8 4 4 8 2 8 19 8 19 23 14 0 19 8 2 6 14 0 2 14 4 2 23 2 23 14 4 2 2 4 14
split_gain=2877.71 693.904 466.609 265.065 249.215 174.626 133.931 109.645 83.0603 73.4122 71.8616 69.6918 61.1281 56.2973 54.5302 53.787 53.1707 49.6358 49.3165 47.3608 46.3426 44.7391 38.0361 37.3803 36.1062 35.9057 34.9262 34.052 33.8099 32.2431 30.9668 30.2673 29.5911
threshold=0.21684750000000005 0.14035650000000002 0.47127550000000007 0.37722450000000002 0.37267850000000008 0.53645900000000013 0.30306800000000006 0.55533800000000011 1.0000000180025095e-35 0.60302050000000007 1.0000000180025095e-35 1.0000000180025095e-35 0.14671250000000005 330.50000000000006 1.0000000180025095e-35 0.40917200000000004 0.09598340000000001 0.45932150000000005 0.13813050000000002 8511.5000000000018 0.28846550000000004 0.13544950000000003 0.35696450000000007 0.19277600000000003 1.0000000180025095e-35 0.22735850000000005 1.0000000180025095e-35 0.1438055 0.41321650000000004 0.2414395 0.18168450000000005 0.36235050000000008 0.16065650000000001
decision_type=10 8 10 8 10 10 10 10 2 10 2 2 10 2 2 8 10 10 10 2 10 8 10 10 2 10 2 10 10 10 10 10 8
left_child=1 9 6 5 7 12 11 14 21 -1 17 27 -3 -11 -4 -8 28 -7 23 -9 -10 -6 -21 -5 -23 -13 -20 -2 -15 -16 32 -32 -19
right_child=2 3 4 18 8 10 15 19 20 13 -12 25 -14 16 29 -17 -18 30 26 22 -22 24 -24 -25 -26 -27 -28 -29 -30 -31 31 -33 -34
leaf_value=0.0066267157976862626 -0.0019883836710941323 0.0025501732419771794 -0.00051942517765281662 0.00261200550482777 -0.0011709783477158204 0.001513000160312829 -0.011065354909817892 0.00191726406217966 -0.0060968240447685758 0.005837607635804298 0.00018555900564374653 -0.0020519738851659066 -0.00031986051152476985 0.016347063867779576 -0.0014546896578524174 -0.0066684582140516032 0.010044268376305716 0.0065662195506468917 -1.5048354518257286e-05 0.003697337009555505 -0.014318067687431458 -0.0027264366024298335 0.015277200627322228 -0.00091132103437262333 -0.0052111673018778492 -0.0063576237138081382 -0.0030754418887193793 -0.0045201000414958467 -0.013764504480580513 -0.0068019431416474121 0.0050003340509202536 0.0019874461421920692 0.0026354351905343693
leaf_weight=13067.650337785482 11493.758978679776 23265.247208148241 36548.471655860543 8473.2421776801348 10743.069329366088 4687.9105821996927 5619.4700052440166 11460.753801003098 4320.7152573019266 2731.3125002086163 4170.3092715293169 2544.4148018062115 14064.730181142688 2416.6923376321793 2558.5192340761423 7914.7478284090757 8269.4199504703283 20171.82054643333 8681.3836597204208 777.61590780317783 996.70000876486301 16355.78431122005 588.68866138160229 6129.7668408453465 11958.235604733229 22675.279869064689 8941.0060313344002 13820.963609188795 44.86210972070694 2778.3519720286131 17800.504916876554 5057.3762943446636 2547.849003225565
leaf_count=52412 45986 93170 146288 33938 42998 18781 22480 45902 17287 10968 16711 10180 56303 9742 10241 31662 33207 80890 34753 3115 3987 65448 2359 24542 47846 90711 35788 55292 180 11116 71338 20262 10212
internal_value=-1.02083e-05 0.00341701 -0.00317203 0.00233761 -0.00169412 0.00327928 -0.00545772 -0.000141875 -0.00360799 0.00846171 0.00452081 -0.00464452 0.00146884 0.0102429 -0.000993289 -0.00849407 0.0113642 0.00488049 -0.000343897 0.00263832 -0.00763782 -0.00305935 0.00868666 0.00113305 -0.00377585 -0.00592323 -0.00156779 -0.00337061 0.0157983 -0.00423845 0.00522685 0.00433372 0.00612541
internal_weight=313677 150521 163156 123991 99086.9 91765.7 64068.6 54712.4 44374.5 26529.9 54435.8 50534.4 37330 13462.3 41885.3 13534.2 10731 50265.5 32225.4 12827.1 5317.42 39057.1 1366.3 14603 28314 25219.7 17622.4 25314.7 2461.55 5336.87 45577.6 22857.9 22719.7
internal_count=1256095 603197 652898 496688 396587 367667 256311 219021 177566 106509 218194 202169 149473 54097 167645 54142 43129 201483 129021 51376 21274 156292 5474 58480 113294 100891 70541 101278 9922 21357 182702 91600 91102
is_linear=0
shrinkage=0.0343682


Tree=9
num_leaves=34
num_cat=0
split_feature=2 2 2 7 7 5 5 13 13 7 2 13 7 2 13 16 7 29 5 7 13 2 2 5 16 16 5 13 13 2 5 2 5
split_gain=2698.89 664.634 452.406 171.092 158.746 153.095 115.873 95.9337 90.715 78.0654 59.0891 57.6884 53.9948 49.9329 47.8869 45.706 45.6221 44.5046 40.1315 39.6271 37.9583 37.7777 37.5144 36.9406 33.3176 33.1587 39.8871 32.5471 31.3487 29.6208 30.7529 29.1513 28.8585
threshold=0.21684750000000005 0.15122850000000002 0.24918350000000003 0.41906750000000004 0.53949650000000016 0.45463450000000005 0.43165250000000005 0.55623450000000008 0.51656250000000015 0.45951650000000005 0.2901240000000001 0.48785500000000009 0.59499900000000017 0.30306800000000006 0.49253650000000004 0.45593250000000002 0.60720800000000008 0.40500000000000008 0.416881 0.43576250000000005 0.50806600000000013 0.17946150000000002 0.18814450000000002 0.46783550000000002 0.46311300000000005 0.44213650000000004 0.40588300000000005 0.53033550000000018 0.50494550000000016 0.10837000000000001 0.47020550000000005 0.17721650000000003 0.40676250000000008
decision_type=8 10 10 8 10 8 10 8 8 8 10 8 10 10 10 10 10 2 10 8 10 10 10 10 10 10 10 8 10 10 10 10 10
left_child=1 7 5 13 8 11 22 12 -3 -7 15 -2 -1 -4 -14 -5 -11 -9 -13 -10 -8 -22 32 28 -18 -16 -27 -12 -17 30 -19 -21 -6
right_child=2 4 3 10 6 9 20 17 19 16 27 18 14 -15 25 23 24 29 -20 31 21 -23 -24 -25 -26 26 -28 -29 -30 -31 -32 -33 -34
leaf_value=0.0044581221634888814 -0.0069928686237499382 -0.0015076373203039496 -0.0063306281257674776 -0.00059530104793546247 -0.0021853549482111754 -0.0032763602789695695 0.0018708548059957958 0.0061770989793950397 -0.0010294593317894242 0.0010687743459632608 -0.0068571041125797903 -0.0039726006581027986 0.0022795661903327455 -0.0099691897128533925 0.01330006614792467 -0.0068291929065413129 0.011347156363098847 0.015638278630586446 -0.0015196556062833857 0.0037474757226910252 0.0059717992291344942 0.0037456986529473082 -0.0016255442850658254 -0.0018037630099162919 0.0031577787468397463 -0.00069358519742467311 0.008590748024890486 -0.0038778709206602575 -0.0038233296723687604 0.0097689420414649748 0.0061525672784938723 0.0014791434590133716 0.0032088394701435007
leaf_weight=11415.442335024476 2941.0451536178589 14924.098072826862 12507.500672921538 6368.9959298223257 1470.9000478386879 4632.8835693448782 7185.7721140980721 3048.6162514835596 5790.8993352502584 21654.263642668724 10479.864383026958 9963.3702377825975 1550.2750661075115 6919.559646949172 1603.390094101429 4861.8768195509911 871.2063080072403 2268.6319084316492 37642.538040399551 8848.1341309547424 14544.934568300843 23638.949675038457 5660.7347558438778 9092.3228903561831 1797.4569211453199 593.72138231992722 6882.2288009822369 7382.4411865621805 26091.586791187525 7280.0668822228909 491.09057825803757 27462.693110942841 5754.896299675107
leaf_count=45783 11768 59740 50033 25486 5891 18536 28796 12237 23177 86694 41926 39865 6225 27683 6465 19451 3493 9132 150646 35445 58338 94741 22666 36383 7202 2382 27642 29535 104392 29228 1973 109967 23059
internal_value=2.39105e-05 0.00334491 -0.00303681 -0.00480028 0.00208372 -0.00118014 0.00334553 0.00748322 0.000794689 0.000812487 -0.00394606 -0.00232161 0.00609943 -0.00762662 0.00786208 -0.00329962 0.00159131 0.00981396 -0.00203303 0.00161081 0.00416242 0.00459366 0.000469508 -0.00372973 0.00583127 0.00881528 0.00785341 -0.0056258 -0.00429546 0.0109183 0.0139503 0.00203189 0.00211078
internal_weight=313622 150415 163207 83704.1 115282 79502.8 58256.2 35133.5 57025.8 28955.8 64277.1 50547 22045.1 19427.1 10629.6 46414.8 24322.9 13088.4 47605.9 42101.7 45369.7 38183.9 12886.5 40045.8 2668.66 9079.34 7475.95 17862.3 30953.5 10039.8 2759.72 36310.8 7225.8
internal_count=1255980 602887 653093 334889 461820 318204 233491 141067 228329 115925 257173 202279 88497 77716 42714 185712 97389 52570 190511 168589 181875 153079 51616 160226 10695 36489 30024 71461 123843 40333 11105 145412 28950
is_linear=0
shrinkage=0.0343682


Tree=10
num_leaves=34
num_cat=0
split_feature=8 8 4 4 4 13 13 14 13 24 8 4 13 5 8 23 23 26 8 26 13 5 13 13 25 8 13 8 23 4 8 23 5
split_gain=1980.91 577.734 245.019 238.927 188.76 132.449 121.471 104.567 98.188 76.9592 71.4493 67.885 58.8033 58.2465 54.9077 46.885 46.2082 44.9919 40.8674 40.3437 38.9144 35.7228 35.1203 34.3077 30.0102 31.4549 29.856 28.0842 28.0321 28.0129 27.6195 26.5783 26.3502
threshold=0.50147050000000004 0.56627850000000013 0.37267850000000008 0.38789800000000002 0.38156750000000006 0.54335200000000017 0.56283650000000007 0.14286300000000005 0.52333550000000006 2.5000000000000004 0.43289850000000002 0.33654350000000005 0.54846650000000008 0.39965250000000002 0.46866100000000005 1.0000000180025095e-35 1.0000000180025095e-35 2.5000000000000004 0.63684850000000015 4.5000000000000009 0.53100850000000011 0.47074600000000005 0.53980150000000016 0.53469050000000007 1.5000000000000002 0.55178150000000004 0.55123450000000018 0.60873900000000014 1.0000000180025095e-35 0.36235050000000008 0.47206550000000008 1.0000000180025095e-35 0.40925150000000005
decision_type=8 10 8 10 10 10 8 8 8 2 10 10 10 10 10 2 2 2 10 2 10 10 8 8 2 10 10 10 2 10 10 2 10
left_child=4 2 8 5 9 11 15 21 28 14 -9 -3 -5 18 23 -4 -12 -13 -7 -15 -17 30 -18 -1 25 -10 -16 32 -2 -21 31 -6 -19
right_child=1 3 6 12 7 13 -8 10 24 -11 16 17 -14 19 26 20 22 27 -20 29 -22 -23 -24 -25 -26 -27 -28 -29 -30 -31 -32 -33 -34
leaf_value=-0.0036708233622453177 0.0011795157854249379 0.0064244886303036876 -0.001024536737265955 -0.0018345337315877977 -0.0027330447658543461 0.00087582746165987876 0.0027578988769046053 -0.0084652829757739974 0.0028514459769771734 -0.0061439124522547671 -0.0032423586113093537 0.0057053375518092177 0.0034026597292490406 0.0084545809093258574 -0.0013416467761851927 -0.0050907647462869552 -0.0076019888331447447 -0.010342300500086594 0.018533053113564655 0.0066668442810724768 -0.0017975681770613147 0.0096344047641284923 -0.0014332274328459991 -0.0013900883281146264 0.001484691599970156 0.0054771494504537348 0.0014158299881610738 0.0040272312834485763 -0.0010538109486161228 0.0032077560005103456 -0.0016393167340066715 -0.0055431947585637981 0.001716898060814093
leaf_weight=21405.81954652071 15604.82520070672 10720.879989281297 17582.660359114408 7544.6687496006489 7730.0756102502346 189.88083431124687 6790.8154415786266 11190.226375445724 25263.818172290921 5421.950316414237 9081.6612408012152 6660.1150859743357 3811.6891021877527 11097.265496432781 25165.988905698061 9086.3222381621599 7659.1454090774059 217.45002306997776 838.67154721915722 9394.2367080748081 7943.4662193208933 252.16801378130913 1271.030654489994 12247.712820589542 13586.845792561769 6850.2749814391136 5685.745324999094 8620.7102737426758 11553.33174803853 3918.956529006362 7420.7485835403204 8184.5587740391493 13582.607181668282
leaf_count=85640 62491 43021 70382 30215 30927 762 27196 44769 101201 21694 36332 26730 15282 44574 100711 36360 30640 871 3395 37704 31798 1009 5085 49006 54431 27460 22760 34594 46260 15719 29696 32745 54442
internal_value=2.41923e-05 0.00221454 0.000666368 0.004524 -0.00338242 0.00532483 -0.00144484 -0.00493377 0.00186609 -0.00221127 -0.00630849 0.00408683 -7.67031e-05 0.00726181 -0.00188072 -0.0022694 -0.00496853 0.00322503 0.0152734 0.00692423 -0.00355467 -0.00323182 -0.00672399 -0.00284078 0.00283869 0.00341154 -0.000833464 0.00248826 0.000229438 0.0056486 -0.00337086 -0.00417825 0.00152688
internal_weight=313576 190859 114262 76597.1 122717 65240.8 41403.3 52789.6 72859.1 69927.2 29202.1 39801.8 11356.4 25439 64505.3 34612.4 18011.8 29080.9 1028.55 24410.5 17029.8 23587.6 8930.18 33653.5 45700.9 32114.1 30851.7 22420.8 27158.2 13313.2 23335.4 15914.6 13800.1
internal_count=1255902 764888 457579 307309 491014 261812 165736 211203 291843 279811 116826 159658 45497 102154 258117 138540 72057 116637 4157 97997 68158 94377 35725 134646 183092 128661 123471 89907 108751 53423 93368 63672 55313
is_linear=0
shrinkage=0.0343682


Tree=11
num_leaves=34
num_cat=0
split_feature=6 4 4 3 6 18 5 3 3 18 18 14 18 14 14 14 4 18 18 18 6 4 26 3 5 18 18 17 12 14 4 3 12
split_gain=1158.01 468.338 409.558 174.977 148.652 125.211 171.005 124.738 112.379 89.4734 66.7293 65.6479 64.2787 62.9492 59.4272 58.9172 54.4439 53.055 46.4712 45.5965 36.9934 34.7698 33.5479 33.0429 31.7852 38.2274 48.7536 32.5478 31.5062 29.5795 28.1311 28.0054 26.7068
threshold=0.50213700000000017 0.36767350000000004 0.37749950000000004 0.14071400000000003 0.57837200000000011 0.34559050000000008 0.41415800000000008 0.13463150000000004 0.14194250000000005 0.13944750000000003 0.16078650000000003 0.13776950000000002 0.096697300000000014 0.14286300000000005 0.14434350000000004 0.14286300000000005 0.39988650000000009 0.075735050000000012 0.14208150000000005 0.0034174750000000005 0.33184500000000006 0.33610200000000007 2.5000000000000004 0.15767650000000002 0.40500300000000006 0.28959600000000002 0.19744350000000002 0.25941800000000004 1320.5000000000002 0.14216950000000003 0.42144400000000004 0.13833900000000002 2153.5000000000005
decision_type=8 8 10 10 10 10 10 10 10 10 10 10 8 10 10 8 10 10 10 10 10 10 2 10 10 10 10 10 2 10 10 10 2
left_child=2 4 8 5 14 12 16 17 11 -10 20 -1 28 -5 -2 19 -7 30 -15 -6 -9 -17 -21 -16 -14 26 31 -28 -3 -19 -4 -26 -24
right_child=1 3 7 13 15 6 -8 10 9 -11 -12 -13 24 18 23 21 -18 29 -20 22 -22 -23 32 -25 25 -27 27 -29 -30 -31 -32 -33 -34
leaf_value=0.0027601422161638587 0.003102639100584074 0.00062605884242998653 -0.0030010779694628785 -0.00041526360663773925 -0.00072167849721121622 0.017413975101905236 -0.0015917685001640954 -0.0086979427522859559 -0.0036413219591198433 -0.00056469286124830411 -0.0033502705519831816 -0.00038513978916612004 -0.0013448075740055451 -0.0051429928228773278 0.0015226676216918704 0.0054178694797146426 -0.0041630865915202589 0.00056598255937185225 -0.0016358275056716834 0.0080299830600396391 -0.0056972081033597379 0.0025993459306059893 0.0062975745280705693 -0.0014326046268459734 0.0019776197444876923 -0.002772006681514067 0.0022135027594024528 0.0072612915814708572 -0.0032508146531361622 -0.0026852333726837077 -0.0078382003952996038 -0.0033656711173154366 0.0038798070114588008
leaf_weight=13289.918832704425 24409.425025373697 4432.0940050780773 3952.4940024614334 14616.88583612442 1277.0092778801918 1503.1660617291927 1204.053114309907 6107.8969448208809 17865.593248561025 29768.772761151195 12855.794819846749 19107.493684589863 3460.2847297936678 9277.6093388646841 14389.65175780654 7187.674703001976 152.10390730202198 7400.0159799009562 8598.4798129945993 6775.4269608557224 23613.662504643202 18414.690642699599 12635.631346955895 6481.9032351374626 12482.078789442778 1682.7206065356731 2592.0488263219595 3610.3645189851522 5610.0024808049202 5973.4456778466702 2216.5232185274363 1277.1626532524824 9419.2149533629417
leaf_count=53241 97852 17755 15818 58529 5118 6092 4821 24438 71495 119161 51438 76498 13855 37123 57647 28831 609 29624 34413 27206 94481 73802 50727 25952 50001 6736 10384 14492 22462 23901 8869 5113 37777
internal_value=1.19509e-05 0.00191327 -0.00228177 -0.000236378 0.00341388 0.00134678 0.0082629 -0.00437567 -0.000656509 -0.0017186 -0.00541904 0.000905103 0.000784125 -0.00208815 0.00195133 0.00460264 0.0154312 -0.00210245 -0.00345603 0.00563331 -0.00631387 0.00339063 0.00591479 0.000604874 0.0017137 0.00220266 0.00262201 0.00515177 -0.00153975 -0.000886219 -0.00473905 0.00148164 0.00526499
internal_weight=313641 171490 142152 70499.1 100991 38006.1 2859.32 62119.8 80031.8 47634.4 42577.4 32397.4 35146.8 32493 45281 55709.6 1655.27 19542.5 17876.1 30107.3 29721.6 25602.4 28830.3 20871.6 25104.7 21644.4 19961.7 6202.41 10042.1 13373.5 6169.02 13759.2 22054.8
internal_count=1256261 687297 568964 282385 404912 152320 11522 248569 320395 190656 170357 129739 140798 130065 181451 223461 6701 78212 71536 120828 118919 102633 115710 83599 100581 86726 79990 24876 40217 53525 24687 55114 88504
is_linear=0
shrinkage=0.0343682


Tree=12
num_leaves=34
num_cat=0
split_feature=8 8 8 29 8 21 24 24 12 8 29 8 20 12 17 20 0 12 0 0 0 12 20 17 24 11 21 24 24 12 20 17 27
split_gain=1764.96 528.691 163.353 96.927 113.594 74.041 66.3062 64.4153 53.2601 52.9733 48.2214 46.1085 38.9382 37.7913 35.2078 34.0058 33.843 42.9293 33.3001 32.4834 28.756 28.4036 28.303 36.0035 27.2225 26.7304 24.5105 26.6704 22.2696 20.2244 19.5037 19.2724 19.2676
threshold=0.50147050000000004 0.56718100000000005 0.44779900000000006 0.29500000000000004 0.60302050000000007 1.0000000180025095e-35 2.5000000000000004 2.5000000000000004 4425.5000000000009 0.37087750000000003 0.36500000000000005 0.53645900000000013 1.0000000180025095e-35 3459.5000000000005 0.32264950000000009 1.0000000180025095e-35 383.50000000000006 2303.5000000000005 100.50000000000001 370.50000000000006 9259.5000000000018 4935.5000000000009 1.0000000180025095e-35 0.26500550000000006 2.5000000000000004 0.11840700000000001 1.0000000180025095e-35 2.5000000000000004 2.5000000000000004 193.50000000000003 1.0000000180025095e-35 0.3671950000000001 33.750000000000007
decision_type=8 10 10 2 10 2 2 2 2 10 2 8 2 2 10 2 2 2 2 2 2 2 2 10 2 10 2 2 2 2 2 10 2
left_child=2 6 5 16 12 7 10 9 28 18 -2 14 24 19 -12 26 17 -3 -1 -6 -15 30 32 25 -5 -24 27 -10 -4 -8 -13 -20 -21
right_child=1 3 8 4 13 -7 29 -9 15 -11 11 21 -14 20 -16 -17 -18 -19 31 22 -22 -23 23 -25 -26 -27 -28 -29 -30 -31 -32 -33 -34
leaf_value=0.00098592864243816154 -0.00053679356200442372 0.00099374471664888235 -0.0012643487951835822 0.0033413751298208083 0.0042277248041766068 -0.002807792561585989 0.0043653079671371478 -0.010597979360870835 -0.0043579996674292512 -0.0045723557447240153 0.0012331613494799621 0.002310939959906032 0.0065813635650134785 0.0038078109933180355 -0.00076515038007429162 -0.00041037568071087313 0.0026990239567389546 -0.008003238838173464 -0.010808511084184222 0.005240286040871742 0.010867907375557338 0.00053712702633610331 0.018161186650473532 0.0056278265018870118 -0.00064626168257865644 0.0090628184850063149 -0.002619899207249878 -0.0098093013818657919 -0.003985356723371798 -0.002506103602943655 0.0048729196117315802 -0.0059105331472486958 0.0080075430320173738
leaf_weight=402.57707518339157 22645.91818074882 2510.0102982223034 42972.787826627493 25329.696804076433 3565.9504188448191 15360.910631582141 536.01661869883537 2894.5321183055639 12533.649757921696 24517.284292384982 28641.273178309202 24280.983367219567 4184.6234364807606 7353.1752919405699 16364.48277631402 3925.5702241659164 10931.980369493365 834.76968277990818 3145.3035057783127 4042.6107892841101 751.0287494212389 9823.1750521957874 914.85030896961689 862.85751084983349 2197.5778735876083 654.1198478937149 10636.646516978741 1158.037747874856 3872.9594519138336 9016.114816442132 4102.8297979831696 1358.8275426924229 11221.623232856393
leaf_count=1611 90682 10068 171962 101604 14332 61453 2147 11581 50147 98090 114681 97299 16790 29515 65514 15707 43837 3345 12587 16241 3015 39348 3705 3467 8812 2632 42559 4633 15496 36103 16445 5437 45114
internal_value=1.51678e-05 0.00208382 -0.00319896 0.00432293 0.00491886 -0.00477226 0.000621843 -0.00570597 -0.0022001 -0.00522473 0.000869299 0.00125196 0.00349258 0.00645907 0.000506558 -0.00337862 0.00177345 -0.00125167 -0.00848441 0.00722024 0.00446208 0.00213 0.00782327 0.0112668 0.00302303 0.014368 -0.00385756 -0.00481907 -0.00148931 -0.00212052 0.00268127 -0.00933087 0.00727466
internal_weight=313545 190766 122779 75354.9 61078.1 47679.4 115411 32318.5 75099.7 29424 105859 83212.7 31711.9 29366.2 45005.8 28253.9 14276.8 3344.78 4906.71 21262 8104.2 38207 17696.1 2431.83 27527.3 1568.97 24328.3 13691.7 46845.7 9552.13 28383.8 4504.13 15264.2
internal_count=1255959 764696 491263 302477 245227 190759 462219 129306 300504 117725 423969 333287 127206 118021 180195 113046 57250 13413 19635 85491 32530 153092 71159 9804 110416 6337 97339 54780 187458 38250 113744 18024 61355
is_linear=0
shrinkage=0.0343682


Tree=13
num_leaves=34
num_cat=0
split_feature=2 2 2 19 8 5 8 19 5 8 25 19 2 13 2 13 2 13 13 13 0 0 0 13 17 8 0 5 13 26 11 0 17
split_gain=2289.04 540.146 386.13 183.399 159.901 130.251 114.442 86.3956 83.2315 78.5165 64.7735 57.2128 51.7877 49.2889 51.1968 46.4559 46.1393 43.2316 40.1301 39.3565 35.8892 35.8333 35.0501 34.2892 34.0796 33.8314 32.8544 32.473 31.8064 31.3358 30.6839 30.2609 30.147
threshold=0.21495550000000005 0.14035650000000002 0.24918350000000003 1.0000000180025095e-35 0.53645900000000013 0.43138450000000006 0.47127550000000007 1.0000000180025095e-35 0.41827750000000002 0.55739400000000006 1.5000000000000002 1.0000000180025095e-35 0.28180050000000006 0.48161400000000004 0.17721650000000003 0.53494450000000004 0.10252550000000001 0.47699950000000008 0.48921550000000008 0.49467650000000002 4338.5000000000009 289.50000000000006 4005.5000000000005 0.52986850000000019 0.42840000000000006 0.4669465000000001 12456.500000000002 0.46412450000000005 0.5538145000000001 6.5000000000000009 0.10640450000000003 8511.5000000000018 0.21212650000000002
decision_type=10 8 10 2 10 10 10 2 10 8 2 2 10 10 10 8 10 8 8 8 2 2 2 8 10 10 2 10 10 2 8 2 8
left_child=1 10 5 6 11 15 23 8 22 18 16 19 20 -10 21 -2 30 -18 -7 -3 -5 -15 -6 -4 -21 -20 -16 -14 -23 -19 -1 -11 -13
right_child=2 4 3 12 7 9 -8 -9 13 31 -12 32 27 14 26 -17 17 29 25 24 -22 28 -24 -25 -26 -27 -28 -29 -30 -31 -32 -33 -34
leaf_value=0.015277944512213272 -0.0043682570440145225 -0.0021166489431372983 -0.0059815264231094407 -0.0051606467968832474 -0.0010248785840457509 -0.004799603593542822 -0.0022556691549307606 -0.00082932438482322959 -0.00052300649214992196 0.0017504068946553111 0.0049130010274575815 0.0029001034467344626 -0.011191216782193517 0.00018698186704054113 0.0031632027742261233 -0.0014294176281024937 -4.6328944939418909e-05 0.0090517919224319156 -0.0022650537719280149 0.0017229946865252447 -0.012889517339187088 0.0049782469722060877 0.010299088569213955 -0.0038426485913523414 -0.0016159898833709202 -6.5769377223914223e-06 0.010505529862127407 -0.0041016590210100198 0.0078548486151993006 0.005054650897648877 0.0095578978228712773 0.0074812832962783855 -0.0038971487514233463
leaf_weight=1693.9674644768238 14822.993929162621 4056.2928743213415 20054.172935411334 6417.0258603394032 5295.9970902949572 2802.8256577700377 34027.475909739733 5558.711133018136 2656.1522690653801 10400.749677434564 7628.9333543628454 940.54049578309059 5667.2877700328827 1411.0854446440935 29449.044653311372 11119.21355356276 810.22446551918983 10092.629787653685 10342.239842325449 39980.668670520186 797.89162123203278 15165.159629642963 343.81384961307049 15850.730970919132 3969.0383928269148 32307.885298758745 737.8834525346756 881.87813681364059 6480.1824206411839 3006.7928425222635 3200.6649047583342 1215.5028635114431 4268.2926841378212
leaf_count=6860 59303 16235 80230 25673 21215 11216 136156 22281 10648 41680 30686 3765 22685 5664 118083 44495 3252 40590 41374 160096 3192 60869 1378 63412 15888 129325 2962 3528 26028 12078 12880 4877 17083
internal_value=5.21416e-06 0.00313555 -0.00275029 -0.00439755 0.00215821 -0.00108944 -0.00368382 0.00327401 0.00364466 -0.000171574 0.00758402 0.0007513 -0.00802389 0.00404613 0.00427407 -0.00310863 0.00866766 0.00765779 -0.000816023 0.0011225 -0.00601538 0.00549351 -0.000334548 -0.00503729 0.00142146 -0.000554236 0.00334268 -0.0102366 0.00583944 0.0081343 0.0115375 0.00235008 -0.00266979
internal_weight=313454 146746 166708 83696.5 120313 83011.4 69932.4 67098 61539.3 57069.2 26433.2 53214.8 13764.1 55899.5 53243.4 25942.2 18804.3 13909.6 45453 48006 7214.92 23056.4 5639.81 35904.9 43949.7 42650.1 30186.9 6549.17 21645.3 13099.4 4894.63 11616.3 5208.83
internal_count=1255687 588541 667146 334876 482195 332270 279798 269128 246847 228472 106346 213067 55078 224254 213606 103798 75660 55920 181915 192219 28865 92561 22593 143642 175984 170699 121045 26213 86897 52668 19740 46557 20848
is_linear=0
shrinkage=0.0343682


Tree=14
num_leaves=34
num_cat=0
split_feature=6 4 4 13 13 19 14 14 19 14 6 19 19 6 24 6 4 4 5 10 6 4 17 19 13 4 5 17 17 22 13 17 22
split_gain=1029.62 410.113 355.845 214.159 144.059 138.186 93.0383 80.3782 75.7639 75.4404 63.7812 52.7861 52.5778 46.1863 41.5279 45.6257 40.5647 37.1462 35.6753 33.9581 33.6372 32.7986 31.5583 31.0562 29.5751 27.6706 34.2232 26.5698 26.2229 24.8973 24.7063 24.4763 23.5774
threshold=0.50213700000000017 0.36842400000000003 0.37367700000000009 0.56283650000000007 0.54008250000000013 1.0000000180025095e-35 0.13382850000000004 0.1491915 1.0000000180025095e-35 0.14286300000000005 0.57343100000000014 1.0000000180025095e-35 1.0000000180025095e-35 0.55898200000000009 2.5000000000000004 0.33184500000000006 0.33490650000000005 0.40104250000000002 0.5000285000000001 0.11367400000000001 0.45665600000000001 0.34160250000000009 0.30049550000000008 1.0000000180025095e-35 0.48921550000000008 0.38433600000000007 0.4030200000000001 0.30382350000000008 0.31343650000000006 1.0000000180025095e-35 0.55123450000000018 0.40917000000000009 1.0000000180025095e-35
decision_type=8 8 10 8 10 2 8 10 2 10 10 2 2 10 2 10 10 8 10 10 10 10 10 2 10 8 10 10 10 2 10 10 2
left_child=2 4 7 9 8 6 -4 12 10 22 18 17 20 -6 15 -8 -12 27 -2 25 -1 -14 -3 -15 -17 26 -5 29 -26 -11 -9 -10 -18
right_child=1 3 5 19 13 -7 14 30 31 11 16 -13 21 23 -16 24 32 -19 -20 -21 -22 -23 -24 -25 28 -27 -28 -29 -30 -31 -32 -33 -34
leaf_value=-7.0059774375954908e-05 0.0017105432166195931 0.0011878027868911184 -0.00089763769748284672 0.018110030164781323 0.003101308333850515 -0.0075829263098485082 -0.0062376924311604541 -0.0023725137988477698 -0.00015259177316713352 0.0017020469695059545 0.0057237506628918565 -0.0061521373055262131 0.0019783544298552207 0.005958591954320666 -0.0072420633405921178 -0.0065965908320029772 0.0037708487681768991 -0.0039028954453604126 -0.0030348301643900936 0.0024231550218932088 0.0018748400313033072 -0.0044696486660825959 -0.0011789425621212578 0.00076054053351125425 -0.0019144116836502388 0.0040669468937400239 0.0069792424906291589 -0.0023228324936889113 -0.0039195620255035408 -0.0017636746852399922 0.0022437749602108674 -0.0053120882117763087 0.0015280501975388728
leaf_weight=25290.425507679582 23027.099476441741 15850.838070765138 14770.498450651765 414.42838065326214 12067.927155360579 10252.516149714589 6940.3135295659304 22400.96728657186 6113.637323141098 5806.6950903832912 8213.9923017174006 3692.0071285218 1222.1564827114344 24663.137792676687 4328.6863871663809 2743.5128505676985 14557.785538211465 7008.9494161754847 2036.8091292232275 6871.0868430733681 17964.736447677016 3921.9331313222647 11470.163634344935 1436.715534940362 16113.196597293019 2943.8709157556295 1533.8796670436859 9107.1386117041111 14760.976192235947 4233.363924369216 1458.5817692875862 1320.6374234706163 8934.1507094055414
leaf_count=101251 92275 63555 59123 1685 48400 41036 27770 89655 24500 23265 32979 14786 4894 99066 17320 10977 58391 28048 8157 27548 71967 15698 45931 5764 64475 11808 6154 36448 59061 16950 5840 5288 35825
internal_value=1.3106e-05 0.00180748 -0.00214901 -0.000241808 0.00318738 -0.00389709 -0.00326365 -0.000457751 0.00219334 -0.00111076 0.00262057 -0.00230521 0.000347058 0.00485951 -0.00404222 -0.00370071 0.0036448 -0.00176221 0.00132491 0.00398128 0.000737696 -0.0029377 0.000194173 0.00567246 -0.00317695 0.00616968 0.00934689 -0.000978596 -0.00287308 0.000240735 -0.00209031 -0.00106913 0.0029179
internal_weight=313473 171304 142169 68932.4 102372 69909.7 59657.2 72258.8 64204.1 57169.2 56769.8 29848.2 48399.3 38167.8 44886.7 40558 31705.9 26156.1 25063.9 11763.3 43255.2 5144.09 27321 26099.9 33617.7 4892.18 1948.31 19147.2 30874.2 10040.1 23859.5 7434.27 23491.9
internal_count=1255890 686823 569067 276178 410645 279762 238726 289305 257415 228983 227627 119497 193810 153230 179603 162283 127195 104711 100432 47195 173218 20592 109486 104830 134513 19647 7839 76663 123536 40215 95495 29788 94216
is_linear=0
shrinkage=0.0343682


Tree=15
num_leaves=34
num_cat=0
split_feature=8 8 4 4 4 13 13 13 13 4 3 8 13 5 24 13 13 3 8 18 18 3 16 3 5 5 10 8 18 13 24 27 13
split_gain=1492.13 436.807 198.259 197.51 141.158 110.236 103.56 85 78.8534 67.0407 62.4594 55.0314 49.0465 44.8524 44.1537 43.7526 42.2308 40.3309 39.8914 38.1396 36.5529 36.3172 34.0917 61.9114 47.4471 31.6597 30.8474 37.6597 29.5024 25.147 24.8665 24.3837 24.2729
threshold=0.50147050000000004 0.56718100000000005 0.37267850000000008 0.38668750000000002 0.38156750000000006 0.56283650000000007 0.5538145000000001 0.53602850000000013 0.51562550000000018 0.32968850000000005 0.14331650000000004 0.43465000000000004 0.54846650000000008 0.39965250000000002 2.5000000000000004 0.48009300000000005 0.5452085000000001 0.12949800000000003 0.47816800000000004 0.098913600000000004 0.14208150000000005 0.14035150000000005 0.45593250000000002 0.097668100000000008 0.40925150000000005 0.47310250000000004 0.15462200000000001 0.55254700000000012 0.083033400000000021 0.52873650000000005 1.5000000000000002 8.9500000000000011 0.49467650000000002
decision_type=8 10 8 10 10 8 10 10 8 10 10 10 10 10 2 10 10 10 10 8 10 10 10 10 10 10 8 10 10 10 2 2 10
left_child=4 2 8 6 10 19 9 11 28 -3 16 -6 -5 -8 18 -11 30 -10 20 -4 -12 -9 23 -17 -24 -23 -19 -28 -2 -21 -1 -26 -13
right_child=1 3 5 12 7 -7 13 21 17 15 14 32 -14 -15 -16 22 -18 26 -20 29 -22 25 24 -25 31 -27 27 -29 -30 -31 -32 -33 -34
leaf_value=-0.00075612990770076874 -0.0033273100813499658 0.0067588671394455012 -0.003745378045718218 -0.0017407346133734955 -0.0070117415766444199 0.002686359241530861 0.015299225048318963 -0.00068480563838404032 0.003843132064447986 -0.001030050245563174 -0.0045334085598351106 -0.0070714440511068866 0.0029522444891199612 0.0065595472659131411 -0.0065139852240775646 0.013699685360085045 0.0015654911189405432 0.00073121300739678412 -0.00086477833664145968 -0.0024100158935515445 -0.002002548338030007 -0.0039386798476496298 -0.0074400310653251556 0.0043602872817175139 0.0003839323325851721 0.01423497624789747 0.0019554623248392283 0.0056980528026159428 0.00034658052831215366 -0.00016946831163820747 -0.0036430209533731463 0.0036015544452479764 -0.0037057172152026494
leaf_weight=13999.683210238814 3075.5938128530979 7684.3169269710779 11197.405312612653 7755.8733378201723 13528.114934965968 6815.2436194866896 722.60095728933811 8054.9909603744745 14915.778200775385 2639.0680641382933 12496.077537566423 2955.6883109658957 3980.368222951889 17281.662404671311 3361.530362740159 1002.3055635690689 7527.753167077899 18686.536910891533 13201.805866017938 12063.151029661298 14635.020636707544 10532.656061455607 498.8972704410553 5126.6410104483366 3122.3887577950954 114.45397751033306 17085.085578516126 3900.8323995620012 16080.068172544241 11612.866523295641 4709.9346155375242 25512.125162050128 17610.777723312378
leaf_count=56020 12316 30897 44812 31065 54145 27301 2942 32231 59801 10591 49995 11825 15972 69515 13449 4073 30132 74877 52830 48275 58553 42143 2000 20585 12523 458 68449 15649 64397 46490 18846 102422 70458
internal_value=9.6106e-06 0.00191148 0.000582959 0.00394735 -0.0029465 -0.0013114 0.0047034 -0.00428794 0.00165387 0.00383177 -0.00193374 -0.00530927 -0.000149102 0.00691031 -0.00272966 0.00323832 -0.000608267 0.00231961 -0.00241425 -0.00209268 -0.00316822 -0.00242602 0.00355776 0.00588762 0.00306762 -0.00374332 0.00174681 0.00265113 -0.000243292 -0.00131105 -0.00148287 0.0032507 -0.00418942
internal_weight=313487 190759 115433 75326.2 122728 41688.7 63590 52796.7 73743.9 45585.7 69931.8 34094.6 11736.2 18004.3 43694.4 37901.4 26237.4 54588.2 40332.9 34873.4 27131.1 18702.1 35262.4 6128.95 29133.4 10647.1 39672.5 20985.9 19155.7 23676 18709.6 28634.5 20566.5
internal_count=1256037 764952 462367 302585 491085 166878 255548 211260 295489 183091 279825 136428 47037 72457 174827 152194 104998 218776 161378 139577 108548 74832 141603 24658 116945 42601 158975 84098 76713 94765 74866 114945 82283
is_linear=0
shrinkage=0.0343682


Tree=16
num_leaves=34
num_cat=0
split_feature=1 1 1 29 23 1 1 23 1 13 13 4 13 4 13 16 13 17 1 3 5 4 13 6 14 5 4 16 6 16 4 6 14
split_gain=2217.04 570.32 303.15 111.743 94.1698 91.7801 82.3007 76.5178 73.5042 71.9216 67.986 57.3645 55.5375 55.4821 52.4613 48.1486 46.2334 45.2786 40.4319 38.5201 37.7666 37.6814 35.5905 35.5274 33.3861 33.1126 32.8641 31.5203 30.8196 30.6934 28.1407 26.8833 26.0355
threshold=0.52604550000000005 0.58052850000000011 0.48461450000000006 0.29500000000000004 1.0000000180025095e-35 0.67089500000000013 0.54448200000000013 1.0000000180025095e-35 0.4512230000000001 0.55623450000000008 0.5522800000000001 0.37694750000000005 0.54156450000000012 0.37267850000000008 0.47699950000000008 0.45593250000000002 0.49620550000000002 0.34837750000000006 0.50571350000000004 0.13207700000000003 0.42481850000000004 0.32790300000000006 0.54480550000000016 0.49444350000000004 0.15159950000000003 0.49608250000000004 0.37334050000000002 0.82356950000000007 0.45665600000000001 0.41688450000000005 0.38311800000000001 0.41206800000000005 0.13661250000000005
decision_type=8 10 10 2 2 10 10 2 10 8 8 10 8 10 10 10 10 10 10 8 10 10 8 8 10 10 10 10 10 10 10 8 8
left_child=2 6 7 13 24 9 26 8 -1 11 14 16 15 -3 -8 -6 -5 31 -17 -14 -16 -18 30 -22 -4 -7 -2 -10 -23 -15 -9 -13 -28
right_child=1 3 4 5 12 25 10 22 27 -11 -12 17 19 29 20 18 21 -19 -20 -21 23 28 -24 -25 -26 -27 32 -29 -30 -31 -32 -33 -34
leaf_value=-0.0064502882960974436 0.00094560150945959811 0.0040607292778906852 -0.00019663966145345958 0.0018272987976460564 -0.00080103817779689419 0.013689349805928817 -0.0029925404284061709 -0.005761500703104435 -0.0027681946274923483 0.008341599135276585 0.0040578456628796453 -0.0097983152752333987 0.001373759978716086 0.011084288410038352 -0.00057089637395321777 -0.0060106692758241974 0.0089500021777895421 -0.0074432680240640132 -0.0032470175760505211 -0.0024630627084823351 0.00059548410017946007 0.001019899590322778 -0.00430418014652925 0.002791148233917351 -0.0022040808611184432 0.0025872076903782982 0.00073907261337295943 0.011855195073336882 0.0059875382277980484 -0.002685601583891395 -0.0083670726778477082 0.0035898135058433428 -0.0020000492636409331
leaf_weight=8808.9600383639336 31094.205508843064 6412.6392891705036 32068.919565945864 3171.8843979537487 5091.181446865201 2568.6205383986235 2870.0731950551271 8851.2558251172304 18066.082182779908 11217.145359754562 16436.194640278816 188.33678407967091 4506.2402021437883 206.03850494325161 6911.8971242457628 11167.367523536086 4813.1666319221258 607.98757126927376 14208.050075411797 9839.0624746978283 12161.009280472994 1638.4350761920214 6694.6429179757833 30625.386337324977 14083.184502929449 362.04302428662777 6740.0776692926884 175.79831656813622 14803.821301490068 2655.7327817827463 10956.605344772339 2984.254273250699 10459.4521022439
leaf_count=35252 124558 25757 128347 12736 20374 10431 11496 35415 72277 45164 65944 754 18037 835 27677 44680 19374 2436 56856 39380 48701 6569 26787 122803 56353 1457 26989 704 59503 10644 43862 11981 41855
internal_value=1.84212e-05 0.00269187 -0.00310661 0.00570182 -0.00189883 0.00644999 0.001367 -0.00515809 -0.00387221 0.0060138 0.00212859 0.00508813 -0.00302105 0.00228495 0.00152538 -0.00385128 0.00569786 0.00114853 -0.00446326 -0.00125781 0.00178629 0.00627545 -0.00647057 0.00216708 -0.000809205 0.0123178 0.000278809 -0.00262727 0.00549252 -0.00169421 -0.00720276 0.00279504 -0.000926654
internal_weight=313446 168928 144517 51630.1 90964 42355.7 117298 53553.3 27050.8 39425 69004.6 28207.9 44811.9 9274.41 52568.4 30466.6 24427.3 3780.58 25375.4 14345.3 49698.3 21255.4 26502.5 42786.4 46152.1 2930.66 48293.7 18241.9 16442.3 2861.77 19807.9 3172.59 17199.5
internal_count=1255988 677664 578324 207641 364027 170405 470023 214297 108233 158517 276621 113353 179327 37236 210677 121910 98182 15171 101536 57417 199181 85446 106064 171504 184700 11888 193402 72981 66072 11479 79277 12735 68844
is_linear=0
shrinkage=0.0343682


Tree=17
num_leaves=34
num_cat=0
split_feature=1 1 1 29 19 19 23 1 1 24 1 24 27 8 25 1 23 15 1 24 16 15 15 16 8 1 16 15 15 29 15 15 1
split_gain=2081.23 539.192 283.998 113.403 91.7875 90.6554 89.0499 84.8674 78.2239 48.8487 45.5132 43.7843 38.9156 35.9291 36.7457 32.7077 32.6884 35.8633 30.8207 30.8157 30.4913 30.027 29.5206 30.2552 29.2832 28.5185 26.856 53.4663 26.5856 23.2833 23.1891 21.2352 20.8773
threshold=0.52604550000000005 0.58052850000000011 0.48461450000000006 0.35500000000000004 1.0000000180025095e-35 1.0000000180025095e-35 1.0000000180025095e-35 0.54511350000000014 0.67089500000000013 2.5000000000000004 0.43925500000000001 2.5000000000000004 4.4500000000000011 0.54322350000000008 1.5000000000000002 0.59242250000000007 1.0000000180025095e-35 262.50000000000006 0.51728950000000007 1.5000000000000002 0.50043550000000014 3072.5000000000005 1500.5000000000002 0.45593250000000002 0.37677800000000006 0.46746900000000008 0.76472000000000018 3547.5000000000005 11915.500000000002 0.49500000000000005 302.50000000000006 159.50000000000003 0.60682250000000015
decision_type=8 10 10 2 2 2 2 10 10 2 10 2 2 8 2 10 2 2 10 2 10 2 2 10 10 10 10 2 2 2 2 2 10
left_child=2 4 5 20 7 10 18 28 13 12 21 29 -8 -5 15 -15 26 -18 -4 -6 32 -1 -14 -24 -19 -7 -12 -28 -2 -9 -10 -16 -3
right_child=1 3 6 8 19 25 9 11 30 -11 16 -13 22 14 31 -17 17 24 -20 -21 -22 -23 23 -25 -26 -27 27 -29 -30 -31 -32 -33 -34
leaf_value=-0.005975210223068142 0.00038940633107976394 0.0027376346924590225 -0.0012870474849942912 0.0033095140106416984 -0.00058971945786374816 -0.0093215039998492868 -0.0058909624748911763 0.0017294042971782203 0.0078450289123389756 -0.0067410300641540096 -0.0031781590171777907 -0.00066841994094502682 -0.00097184383003144279 0.0051543573000425716 -0.0016332275377950786 0.0079666385240141861 -0.00037318592839116391 -0.01207925181147282 0.00078778429599537592 -0.0047277782096508828 0.0010061633920250856 -0.013570628712812111 -0.00055630200241042716 -0.0036006640217094085 -0.0052887336050133332 -0.0052875170025605345 -0.00039756386632342047 0.025335161880088854 0.0064471766141707002 0.0032319149660042334 0.014277186011509499 0.0050065836344985624 0.0078417406256470635
leaf_weight=8174.8614859730005 44456.298017904162 2336.3667057007551 34999.327464565635 5258.7933869808912 8598.542402818799 6500.5129951536655 3843.5745238810778 18015.671209275723 1057.5901468843222 3660.3328401446342 20618.697991907597 4822.2685031741858 13458.403879925609 7011.7810894697905 607.10255940258503 16103.213689431548 1675.2926270067692 803.02391575276852 11150.727778241038 2823.7023533135653 6840.1567971408367 664.77945141494274 4834.3344079554081 19050.777256295085 11384.587960541248 3037.1521830111742 641.79390530288219 112.01866635680199 872.52310983836651 37621.905999585986 1770.1227139085531 9048.3588333278894 1591.2432278990746
leaf_count=32717 178039 9379 140052 21087 34439 26039 15380 72215 4262 14647 82492 19328 53860 28187 2440 64856 6703 3215 44638 11308 27458 2663 19346 76234 45550 12154 2568 449 3503 150875 7227 36410 6410
internal_value=1.13694e-05 0.00260318 -0.00301463 0.0055297 0.00131421 -0.00499888 -0.00184557 0.00163024 0.00635663 -0.0029362 -0.00434145 0.00247311 -0.00259806 0.00594657 0.00636975 0.00711355 -0.00378829 -0.00508805 -0.000785729 -0.00161269 0.002392 -0.00654642 -0.00225914 -0.00298449 -0.00573615 -0.00803693 -0.00294522 0.00342639 0.000506011 0.0027454 0.0118715 0.00458909 0.00480553
internal_weight=313446 168836 144610 51624.7 117211 53612.7 90997.5 105789 40857 44847.4 44075.1 60459.8 41187.1 38029.2 32770.5 23115 35235.4 13862.9 46150.1 11422.2 10767.8 8839.64 37343.5 23885.1 12187.6 9537.67 21372.5 753.813 45328.8 55637.6 2827.71 9655.46 3927.61
internal_count=1256130 677423 578707 207716 469707 214550 364157 423960 164469 179467 176357 242418 164820 152980 131893 93043 140977 55468 184690 45747 43247 35380 149440 95580 48765 38193 85509 3017 181542 223090 11489 38850 15789
is_linear=0
shrinkage=0.0343682


Tree=18
num_leaves=34
num_cat=0
split_feature=1 1 2 1 4 1 13 15 6 25 13 13 2 13 6 25 13 15 4 6 2 2 13 26 15 25 2 2 6 22 3 15 22
split_gain=1941.05 511.746 324.828 131.304 110.352 98.407 73.9576 63.5452 60.8502 56.9675 48.0297 44.7688 44.0126 41.5583 41.0099 37.9734 36.6669 31.9442 31.7177 30.9444 29.47 29.42 26.0671 28.9983 26.2463 25.9809 25.8865 25.5886 25.0973 23.9725 28.9584 23.5522 22.5893
threshold=0.54448200000000013 0.50440950000000007 0.13680000000000003 0.45845550000000007 0.37749950000000004 0.57901050000000021 0.48921550000000008 10658.500000000002 0.34391800000000006 1.5000000000000002 0.51503750000000015 0.49837050000000005 0.073516850000000009 0.5452085000000001 0.33484850000000005 1.5000000000000002 0.48282000000000008 383.50000000000006 0.37267850000000008 0.41707150000000009 0.21224800000000002 0.30908950000000007 0.55123450000000018 3.5000000000000004 1943.5000000000002 1.5000000000000002 0.16280250000000004 0.18168450000000005 0.45932150000000005 1.0000000180025095e-35 0.18104450000000002 9060.5000000000018 1.0000000180025095e-35
decision_type=8 10 8 10 8 10 8 2 8 2 8 10 10 8 8 2 8 2 10 8 10 10 10 2 2 2 8 10 8 2 10 2 2
left_child=1 3 9 13 5 10 31 14 32 12 -4 -7 -2 21 -8 27 -14 -18 25 -6 -20 -1 23 -10 -24 -16 -21 -12 -13 -25 -31 -3 -5
right_child=2 6 4 8 19 11 7 -9 22 -11 15 28 16 -15 18 -17 17 -19 20 26 -22 -23 24 29 -26 -27 -28 -29 -30 30 -32 -33 -34
leaf_value=-0.0058901201019308609 0.013013259387147936 -0.0045422974712559273 0.00036178706131285467 -0.0047128515102194202 -0.0032743388510498173 0.00064321780014492532 -0.0028503195465186897 0.0061553607385140289 -0.0021584191845921015 0.0044214935355012556 0.0050729144295467458 0.0022433238258010545 0.0012056765644782319 -0.0037027401965743813 0.00096644448010198888 0.0011240255605746475 0.0048189418554974136 0.0089184481160358084 0.00046571230461079038 0.0030541823430409072 -0.0015536199218786613 -0.0087793416437568564 -0.00010135389431739094 -0.0031881914363650031 -0.0036202218084949319 -0.00079049836039560718 -0.00013620863290117195 0.002781133705537463 0.0055244296534663704 -0.005932110919732214 -0.0008146560889134779 0.0060958105347154084 -0.0085189299073635989
leaf_weight=9671.9785725921392 1978.6525623947382 5943.5612208098173 12781.391943469644 5088.9765677005053 2695.2524426430464 2910.7871870845556 7164.2186588197947 1806.8954514861107 18713.095187306404 6597.9204368293285 8417.0778593569994 3124.4681821763515 1002.6456926763058 5527.6205637603998 33639.750759080052 11245.579717427492 2871.8760477751493 10287.832562297583 12813.214385613799 4104.6253255605698 25575.407915830612 7308.5571403354406 6937.835198789835 20736.528942197561 3917.3173466175795 14112.070974901319 11203.036565691233 18192.257702752948 23197.989035755396 9087.2788607627153 1525.3545599728823 256.42521366477013 2886.6680834442377
leaf_count=38714 8034 23785 51217 20364 10787 11681 28666 7252 74870 26603 33790 12530 4030 22121 134724 45103 11566 41512 51298 16466 102333 29278 27761 82969 15674 56513 44869 72951 93276 36359 6103 1028 11553
internal_value=-7.51543e-06 -0.00214753 0.0034118 -0.00401212 0.00255211 0.0031 -0.00046534 -0.000228259 -0.00326755 0.00711208 0.00218339 0.00468772 0.00821191 -0.00629109 -0.000351881 0.00279844 0.0075411 0.0080238 -0.000144088 0.000121378 -0.000879615 -0.00713366 -0.00289797 -0.00322902 -0.00137121 0.000447216 0.000719269 0.00350607 0.00513496 -0.00386809 -0.00519658 -0.00410232 -0.00609041
internal_weight=313324 192713 120611 91401.2 97872.5 79869.6 101312 95111.6 68893.1 22738.9 50636.3 29233.2 16141 22508.2 93304.7 37854.9 14162.4 13159.7 86140.4 18002.9 38388.6 16980.5 60917.4 50062.3 10855.2 47751.8 15307.7 26609.3 26322.5 31349.2 10612.6 6199.99 7975.64
internal_count=1255780 771365 484415 365766 392670 320548 405599 380786 275653 91745 203061 117487 65142 90113 373534 151844 57108 53078 344868 72122 153631 67992 243736 200301 43435 191237 61335 106741 105806 125431 42462 24813 31917
is_linear=0
shrinkage=0.0343682


Tree=19
num_leaves=34
num_cat=0
split_feature=8 8 7 14 14 6 29 8 16 5 23 5 5 23 24 16 24 5 5 16 16 16 5 3 8 16 3 14 24 3 5 15 5
split_gain=1155 325.659 113.275 95.5827 79.7519 76.3119 63.4422 77.5798 57.9559 57.7233 49.2096 40.7082 37.5059 34.604 33.3656 32.9297 32.2945 31.849 31.0557 29.9931 29.89 29.0711 28.3596 31.7997 25.6727 25.2951 25.2479 24.4812 24.1731 24.1475 25.5806 24.0852 23.0236
threshold=0.50147050000000004 0.56627850000000013 0.40554250000000008 0.14113850000000003 0.14276750000000002 0.48164950000000006 0.26500000000000007 0.62192950000000013 0.44066600000000006 0.42438650000000006 1.0000000180025095e-35 0.4427870000000001 0.40925150000000005 1.0000000180025095e-35 2.5000000000000004 0.45593250000000002 1.5000000000000002 0.42328950000000004 0.41277900000000006 0.50414800000000015 0.48229050000000007 0.57286550000000014 0.45939000000000002 0.16655850000000003 0.53645900000000013 0.42087800000000003 0.13715350000000001 0.13979950000000005 2.5000000000000004 0.14232750000000002 0.41871450000000004 8351.5000000000018 0.45434350000000007
decision_type=8 10 10 10 8 10 2 10 10 10 2 10 10 2 2 10 2 8 10 10 10 10 10 10 10 10 10 10 2 10 10 2 10
left_child=2 3 16 17 14 -3 12 11 18 -5 -6 19 25 24 29 -12 21 -2 -9 20 -8 -1 26 -24 -11 -7 -17 -18 -19 -4 -31 -21 -10
right_child=1 5 4 9 10 6 7 8 32 13 15 -13 -14 -15 -16 22 27 28 -20 31 -22 -23 23 -25 -26 -27 -28 -29 -30 30 -32 -33 -34
leaf_value=-0.0026140616566387538 -3.8260233727370143e-05 0.00021950947837630626 0.00028273613131142762 -0.0027019095818781535 -0.0019627024734124336 0.008760254782645506 0.0017062746293864846 0.014221008422406171 0.0039234348547904094 4.2320582911456159e-05 -0.0010289993143144742 0.0042033985165565863 0.0022286073437282044 -0.00089129601215868972 -0.0040568803148237562 -0.0031490338250447923 -0.0038587513554169976 0.0022502968514749675 0.0071303338444007923 0.00066498807306785833 0.0066239157826373943 -0.0053175479944591085 -0.00014739471101496006 -0.0054061762371986144 0.002229931527686978 -0.0049951463135067299 -0.0061331534701015156 -0.008118982875900467 -0.00076416219851449378 -0.0039485280286644664 -0.00088723617809863698 -0.017257575517106456 0.0066730196101210375
leaf_weight=9944.2393530458212 11491.695479869843 7971.0050150752068 17352.912957325578 10838.22280177474 28024.991874471307 177.77375477552414 3614.7400780618191 1419.0037468522787 7369.3485198020935 15785.898547872901 3654.4315471351147 25980.58095023036 9865.3748266994953 23593.243826881051 3779.9188016802073 4703.315067216754 2453.4095137268305 38479.585032403469 1501.704502299428 7543.7618515193462 2449.0118674635887 8905.6083183735609 3133.9021375775337 2397.0911364853382 10585.450980335474 1413.0876771509647 11629.733241245151 4544.2746993303299 3421.5506305098534 3919.5755369067192 18172.207917898893 89.617706835269928 7027.2342828810215
leaf_count=39803 46024 31972 69455 43374 112131 723 14524 5824 29662 63206 14622 104488 39611 94483 15125 18821 9820 154282 6065 30282 9844 35658 12540 9591 42427 5662 46549 18196 13711 15684 72719 359 28328
internal_value=-8.21702e-06 0.00166559 -0.00261031 0.000503492 -0.00207043 0.00340208 0.00377268 0.00424177 0.00616109 -0.000428262 -0.00295692 0.00340409 0.00143894 6.49327e-05 -0.000972316 -0.0040488 -0.0046315 0.00156456 0.0105753 0.00188797 0.0036924 -0.00389132 -0.00455354 -0.00242651 0.000920427 -0.00345802 -0.00527384 -0.00662533 0.00200414 -0.000676727 -0.00143038 0.000454573 0.00526556
internal_weight=313234 190618 122616 114196 96768.1 76422.2 68451.2 56995 17317.3 60802.8 53543.5 39677.7 11456.2 49964.6 43224.6 25518.5 25847.5 53392.8 2920.71 13697.1 6063.75 18849.8 21864 5530.99 26371.3 1590.86 16333 6997.68 41901.1 39444.7 22091.8 7633.38 14396.6
internal_count=1255565 764851 490714 457507 387237 307344 275372 229376 69879 243490 214254 159497 45996 200116 172983 102123 103477 214017 11889 55009 24368 75461 87501 22131 105633 6385 65370 28016 167993 157858 88403 30641 57990
is_linear=0
shrinkage=0.0343682


Tree=20
num_leaves=34
num_cat=0
split_feature=2 2 2 5 2 2 25 3 5 6 6 3 3 18 24 6 18 24 26 24 18 0 16 5 0 6 5 5 3 6 5 16 26
split_gain=1560.97 410.039 264.869 95.877 94.3673 90.4924 60.226 51.6533 56.5651 46.2902 45.5224 44.1432 42.0443 40.0796 40.0487 38.884 38.6029 34.2323 32.3413 30.4265 28.2567 32.9472 28.1444 40.4337 32.2407 28.1105 27.1706 26.6226 26.5192 26.4532 24.2315 22.4111 24.8445
threshold=0.21684750000000005 0.14035650000000002 0.24918350000000003 0.45405250000000003 0.17721650000000003 0.2901240000000001 1.5000000000000002 0.15055300000000002 0.43918450000000003 0.46634300000000006 0.50757750000000013 0.12567050000000005 0.10313150000000001 0.047269600000000009 1.5000000000000002 0.29442750000000006 0.075735050000000012 2.5000000000000004 6.5000000000000009 1.5000000000000002 0.16559800000000002 3547.5000000000005 0.45593250000000002 0.45939000000000002 3630.5000000000005 0.41499400000000003 0.48305300000000007 0.40676250000000008 0.15217500000000003 0.5748565000000001 0.40588300000000005 0.45476050000000007 3.5000000000000004
decision_type=10 8 10 10 8 10 2 8 10 10 10 10 10 8 2 8 10 2 2 2 10 2 10 10 2 8 10 10 10 10 10 10 2
left_child=1 6 3 11 10 14 12 8 -6 28 20 30 18 -9 16 -7 26 27 -1 -17 -3 -22 23 24 -11 -13 -4 -12 -5 -10 -2 -18 -33
right_child=2 4 5 9 7 15 -8 13 29 22 17 25 -14 -15 -16 19 31 -19 -20 -21 21 -23 -24 -25 -26 -27 -28 -29 -30 -31 -32 32 -34
leaf_value=0.012642894744916424 -0.0036117451736844071 -7.7944316071867963e-05 -0.0043708339019468282 0.00033423120817891431 0.0001186167506074742 -0.0093517506148386859 0.003835865080998297 -0.0047391225660277014 0.0016767587903009963 0.0016969918001262197 -0.0003349335476931296 -0.0040147189923619552 0.0066885944628147839 0.0001688082672154137 -0.0044449471581860375 -0.0041666366139668162 0.00089855004536765464 -0.00024590197092978967 0.0045442212207016221 -0.0069107871688385732 0.0050241065935183755 -0.00021800640753106215 0.0010078100880503706 0.00073213584323691429 0.012649531168033749 -0.0018481124921251363 0.00018369184232468403 0.004387134749000262 -0.0035051366073953418 0.0036057477205175049 0.00089982713081603884 -0.00048144403901601826 -0.002803589214725513
leaf_weight=2696.8048897236586 1678.2716743946075 7359.7880382984877 12600.871698454022 4469.0385198891163 19189.965647444129 2567.558062389493 7615.0366934835911 2133.0923111140728 21256.567551225424 485.92427460849285 1494.0544309467077 9217.8885567039251 15299.157476916909 24992.80699545145 14811.124709546566 17753.819079682231 3637.7342289835215 2302.1853238046169 742.86652489006519 6527.1630181819201 3834.7291624099016 2245.4403447061777 17978.311711996794 1498.83603733778 915.6889341622591 30402.595978677273 1763.6736078113317 25145.957282498479 4051.3648337870836 13880.51294696331 8673.023706972599 8342.3584434986115 15653.661474645138
leaf_count=10988 6715 29495 50424 17889 76857 10290 30712 8537 85219 1947 5987 36883 61685 100104 59269 71079 14558 9244 2996 26136 15380 9006 72019 6007 3680 121662 7058 101089 16210 55748 34728 33380 62639
internal_value=-7.35763e-06 0.00252045 -0.00233608 -0.000913875 0.00169203 -0.00368541 0.00641315 0.00100767 0.00161923 0.000643448 0.00300728 -0.00183007 0.0074605 -0.000217135 -0.00290834 -0.00532963 -0.00236644 0.00377484 0.0108938 -0.00490431 0.00135439 0.00308817 0.00151464 0.00465617 0.0088524 -0.00235218 -0.00381163 0.00412231 -0.00149135 0.00243878 0.000168359 -0.0016152 -0.00199628
internal_weight=313218 150189 163029 79370.9 123835 83658 26353.9 81452.9 54327 29399.2 42382.2 49971.8 18738.8 27125.9 56809.4 26848.5 41998.3 28942.2 3439.67 24281 13440 6080.17 20878.8 2900.45 1401.61 39620.5 14364.5 26640 8520.4 35137.1 10351.3 27633.8 23996
internal_count=1255620 603047 652573 317740 496666 334833 106381 326465 217824 117752 170201 199988 75669 108641 227328 107505 168059 116320 13984 97215 53881 24386 83653 11634 5627 158545 57482 107076 34099 140967 41443 110577 96019
is_linear=0
shrinkage=0.0343682


Tree=21
num_leaves=34
num_cat=0
split_feature=2 2 2 19 19 5 2 19 8 25 7 18 13 13 5 13 8 7 5 7 13 16 13 21 13 9 16 12 12 18 18 19 6
split_gain=1465.92 360.462 246.839 121.65 113.883 96.4336 79.7939 59.962 56.2908 55.9477 49.0944 48.594 42.0966 41.6994 41.5931 40.9148 38.7309 36.2174 30.2788 35.9658 29.5792 28.3635 25.6393 24.5753 25.7109 24.3252 22.5748 21.3389 27.4641 21.2569 20.9952 21.1985 20.5872
threshold=0.21561400000000003 0.14035650000000002 0.27212750000000002 1.0000000180025095e-35 1.0000000180025095e-35 0.43982650000000006 0.17721650000000003 1.0000000180025095e-35 0.55533800000000011 1.5000000000000002 0.36858550000000007 0.12844450000000004 0.48921550000000008 0.49902550000000007 0.46412450000000005 0.55027700000000013 0.55004750000000013 0.42117450000000006 0.43918450000000003 0.53949650000000016 0.52535250000000011 0.42426950000000002 0.52284350000000013 1.0000000180025095e-35 0.56080050000000015 0.16740450000000004 0.46171150000000005 396.50000000000006 4990.5000000000009 0.30203900000000006 0.17614500000000002 1.0000000180025095e-35 0.60817750000000015
decision_type=10 8 10 2 2 10 10 2 8 2 8 10 8 8 10 10 10 10 10 10 8 10 8 2 8 10 10 2 2 10 10 2 10
left_child=1 9 5 6 10 7 13 11 17 15 -4 23 -8 27 -6 30 -15 -7 25 -20 -12 -17 -13 24 32 -14 -10 -3 -29 -21 31 -1 -2
right_child=2 3 4 -5 14 8 12 -9 26 -11 20 22 18 16 -16 21 -18 -19 19 29 -22 -23 -24 -25 -26 -27 -28 28 -30 -31 -32 -33 -34
leaf_value=0.0047068585685060994 -0.0057102792148480156 0.0045123700899316948 -0.0073173886896787423 -0.0017837745355047271 -0.0090999190207608164 -0.0033232284807140637 -0.0018674134057870809 -0.0058660463863872614 0.0041996052080532 0.0036277782764925614 -0.004304754619678523 -0.0024673071912583531 0.0013929225092082036 0.0022844909979199213 -0.0023550226254743338 0.013821072524929411 0.0046150931206806935 -0.00066652890750315476 0.0011038649825920385 0.0034477574047736487 -0.002203297674431959 0.0080881749906360385 -0.00039762864111851171 -0.0019783788980160923 -0.001085218043781362 -0.00092675635475259963 0.00074062193070688668 -0.0029582271201646589 0.0045915074187064036 3.1986254561260948e-05 0.0070982865310424614 -0.0033129566892650167 -0.0013144799396345853
leaf_weight=4298.09915779531 8720.004651337862 979.25080668926239 3750.4719491899014 10884.939795970917 7037.3472421318293 7000.3702371716499 4523.8985288888216 5539.6499480009079 2912.3868351131678 7598.1849799007177 14529.722268715501 11563.959146767855 14703.364779010415 14229.856521353126 1275.6557337790728 1184.3952194452286 20637.136176854372 45169.720506936312 21938.651503369212 19534.973655611277 17369.068428874016 7315.2787998765707 18192.101293131709 9041.2687049657106 2345.9403204917908 8384.6494065821171 9492.8365225791931 2544.3326260596514 733.12682837247849 2418.3773912787437 5543.2756691426039 428.08041743934155 1470.6961964517832
leaf_count=17322 34895 3927 15028 43611 28217 28011 18119 22170 11691 30654 58153 46268 58897 57056 5105 4843 83041 180789 87888 78455 69506 29550 72800 36174 9388 33573 38057 10203 2940 9708 22409 1722 5885
internal_value=-1.29955e-05 0.00247337 -0.00223584 0.00168296 -0.00444252 -0.00143707 0.00202406 -0.002469 -0.000528209 0.00611596 -0.00359782 -0.00210242 0.00134131 0.00327189 -0.00806489 0.00712324 0.00366393 -0.00102301 0.00155803 0.002088 -0.0031605 0.00888703 -0.00120196 -0.00334415 -0.00432913 0.000550507 0.00155269 6.06538e-05 -0.00126945 0.00307148 0.00566341 0.00398045 -0.00507589
internal_weight=313291 147880 165411 121513 43962.3 121449 110628 56873.6 64575.3 26367.3 35649.3 51334 71503.9 39123.7 8313 18769.1 34867 52170.1 66980 43892 31898.8 8499.67 29756.1 21577.9 12536.6 23088 12405.2 4256.71 3277.46 21953.4 10269.5 4726.18 10190.7
internal_count=1256055 593918 662137 487418 176009 486128 443807 227580 258548 106500 142687 205410 286640 157167 33322 75846 140097 208800 268521 176051 127659 34393 119068 86342 50168 92470 49748 17070 13143 88163 41453 19044 40780
is_linear=0
shrinkage=0.0343682


Tree=22
num_leaves=34
num_cat=0
split_feature=2 2 2 24 2 5 5 3 25 2 2 7 20 6 29 7 6 16 17 3 16 3 24 16 3 24 20 25 16 17 20 16 17
split_gain=1374.01 422.574 155.988 94.1521 81.7326 71.5102 65.5968 64.8577 57.3533 53.8956 51.938 50.1232 42.9403 41.2674 37.4872 36.5682 32.0091 31.6877 31.1379 31.1113 28.3577 27.7314 25.9108 25.9032 38.0937 25.5445 24.5039 23.643 22.524 44.6644 21.2507 21.8916 21.1892
threshold=0.22845400000000002 0.15122850000000002 0.2901240000000001 2.5000000000000004 0.17721650000000003 0.43918450000000003 0.43000200000000005 0.15164450000000004 1.5000000000000002 0.12409250000000001 0.24849450000000003 0.39768250000000005 1.0000000180025095e-35 0.55505050000000011 0.29500000000000004 0.46167200000000003 0.40609550000000005 0.43350400000000006 0.32521900000000004 0.11676850000000001 0.44992300000000002 0.13463150000000004 2.5000000000000004 0.80131950000000007 0.10577250000000001 1.5000000000000002 1.0000000180025095e-35 1.5000000000000002 0.51984950000000019 0.32521900000000004 1.0000000180025095e-35 0.51318850000000016 0.27793650000000009
decision_type=10 8 10 2 8 8 10 10 2 10 10 8 2 10 2 8 8 10 10 10 10 10 2 10 10 2 2 2 10 10 2 10 10
left_child=1 8 6 4 15 16 22 27 9 20 13 -4 17 21 -11 -3 -6 -12 -16 23 26 -8 28 -13 -25 -21 -1 -7 30 -30 -2 -32 -19
right_child=2 3 11 -5 5 7 10 -9 -10 14 12 19 -14 -15 18 -17 -18 32 -20 25 -22 -23 -24 24 -26 -27 -28 -29 29 -31 31 -33 -34
leaf_value=0.0091364860279531442 -0.0021539291874794237 -0.00098301761245687632 -0.0076346561670170747 -0.0018044903736178857 -0.0024574328217715881 0.0028465944621449035 0.00063100972714310113 6.9411988584218127e-06 0.0031750944740506762 0.00090526013547198515 -6.9570735393555431e-05 -0.0022992623211807797 0.00057417705083808118 0.0012485727127314974 0.0067014212034333205 0.0033056237149361291 0.00019444312789785445 -0.0021229869914166041 0.0028006660660381145 -0.0038631464165669381 0.007201875733755944 -0.0020037501225494011 -0.0061009369702119546 -0.0064340403932553027 0.013463990847055157 -0.0068020215876634284 0.016824000378171129 0.0010693702963606318 -0.0026385984959196515 -0.0060809930589590918 0.00092082092190439086 0.014265866258067493 -0.004060777693680827
leaf_weight=1548.3051316291094 7009.9151781052351 2559.8758525252342 6380.3048848807812 11738.231800064445 6550.9602566808462 32119.721072912216 6451.8804136812687 20181.307359740138 10096.551145106554 2313.8741463124752 4279.479134246707 1910.0238511115313 5114.0198749601841 10967.144945204258 9138.9102120995522 28432.247694566846 29982.152546703815 11464.024755910039 3286.389343932271 13294.277010053396 7836.9469894021749 17562.998505219817 3400.4288298040628 174.93267670273781 324.36774678528309 4738.5982515364885 716.34671521186829 12199.924448236823 18231.624835923314 5890.3651725053787 1136.5511127263308 166.46054480969906 15922.867991998792
leaf_count=6311 28051 10249 25591 47039 26216 128856 25831 80830 40709 9304 17128 7644 20463 43937 36867 114235 120058 45873 13235 53223 31648 70282 13609 700 1299 18975 2961 48937 72957 23575 4547 666 63718
internal_value=-5.45902e-06 0.00196907 -0.00263045 0.00114519 0.00140744 0.000933838 -0.0020459 0.00162196 0.00535927 0.00624703 -0.00144624 -0.00497534 -0.00234795 -0.000498181 0.00492174 0.00295139 -0.00028108 -0.00281987 0.0056697 -0.00414533 0.00818074 -0.00129589 -0.00324676 -0.000477265 0.00649261 -0.00463541 0.0115682 0.00235738 -0.00294753 -0.0034792 -0.00140475 0.00262566 -0.00324963
internal_weight=313122 178702 134420 143764 132026 101034 107598 64501 34937.3 24840.8 71762.4 26822.5 36780.4 34982 14739.2 30992.1 36533.1 31666.4 12425.3 20442.2 10101.6 24014.9 35835.3 2409.32 499.3 18032.9 2264.65 44319.6 32434.9 24122 8312.93 1303.01 27386.9
internal_count=1255524 717455 538069 576420 529381 404897 430637 258623 141035 100326 287232 107432 147182 140050 59406 124484 146274 126719 50102 81841 40920 96113 143405 9643 1999 72198 9272 177793 129796 96532 33264 5213 109591
is_linear=0
shrinkage=0.0343682


Tree=23
num_leaves=34
num_cat=0
split_feature=1 1 1 29 1 24 7 1 0 1 24 0 0 21 5 5 7 29 26 7 21 1 0 26 24 7 7 11 0 11 21 1 0
split_gain=1453.01 457.4 161.136 90.528 77.7293 71.7577 59.4742 45.5951 48.4685 42.7958 42.1999 29.7361 29.7309 27.3063 26.7954 25.835 25.3502 25.2879 24.3803 20.8504 25.9478 20.2604 20.0708 19.1423 18.3991 18.3679 17.742 22.1564 17.9015 17.648 17.3726 21.2747 16.9905
threshold=0.5185320000000001 0.57119350000000013 0.45845550000000007 0.35500000000000004 0.67089500000000013 2.5000000000000004 0.45484400000000008 0.54448200000000013 10658.500000000002 0.5898095000000001 1.5000000000000002 275.50000000000006 4287.5000000000009 1.0000000180025095e-35 0.49736750000000002 0.40405350000000007 0.43247900000000006 1.0000000180025095e-35 2.5000000000000004 0.32529050000000009 1.0000000180025095e-35 0.50440950000000007 6785.5000000000009 3.5000000000000004 2.5000000000000004 0.45250150000000006 0.57802450000000005 0.13081700000000004 124.50000000000001 0.054807450000000008 1.0000000180025095e-35 0.48613550000000005 248.50000000000003
decision_type=8 10 10 2 10 2 8 10 2 10 2 2 2 2 10 10 8 2 2 10 2 10 2 2 2 8 10 8 2 8 2 10 2
left_child=2 5 12 17 9 7 11 8 -2 -5 23 -4 32 -10 29 -9 -11 -3 25 20 -13 -12 -20 -8 26 -17 27 -18 -28 -6 31 -25 -1
right_child=1 3 6 4 14 -7 10 15 13 16 21 19 -14 -15 -16 18 24 -19 22 -21 -22 -23 -24 30 -26 -27 28 -29 -30 -31 -32 -33 -34
leaf_value=-0.0035744762567745322 0.00014175924505067776 -0.0032732980287353336 0.00085011212210569348 0.0033925119490513635 -0.0013941129250835572 -0.0021305391880060902 -0.00035603395664359172 -0.0017720321544315786 0.0020390434165776755 -0.0034658195607923802 -0.0040181237317510341 -0.009311515834513371 -0.0095125983075299812 0.011090115127702957 0.0013926330723371334 -0.0037079325655376702 0.0020853779201437188 0.0021866902497307428 0.0017631946901911755 -0.0034945325622124401 -0.0014739778606996678 -0.0016410203199623968 -0.00065838215586643478 -0.004005350614889173 0.0024668913186167867 0.0036703523158132896 0.0011148679622744882 0.0058006584160061941 0.0066609381075684974 0.012321747335882533 -0.0006408462203881199 -0.0016109732281570054 -0.0057485873334358747
leaf_weight=6008.8604092597961 60736.027333140373 1085.7492454051971 1753.6340996623039 21297.335941776633 116.27922168374062 9944.3938414156437 19077.561831220984 2419.165416970849 849.73191976547241 373.05786019563675 11522.023981258273 1606.0992364436388 1988.287276506424 733.6246579438448 340.54303450882435 415.63547585904598 2912.8069702386856 12980.816008791327 32571.461058065295 28347.718489810824 723.8034924864769 6696.5561343282461 4615.6955307275057 6174.2404511868954 2108.8145084232092 9684.4697253704071 717.04074877500534 5431.0852800160646 16650.060948222876 2354.2121844291687 11355.108738511801 15110.218856334686 14470.37213614583
leaf_count=24063 243215 4360 7018 85606 472 39830 76343 9691 3413 1494 46104 6434 7981 2951 1375 1664 11725 52184 130644 113453 2897 26800 18496 24707 8498 38863 2893 21863 67286 9660 45440 60468 57979
internal_value=1.08479e-05 0.00191674 -0.00286457 0.0042128 0.00487108 0.000667376 -0.0022861 0.000915743 0.000296513 0.00455531 -0.00172197 -0.00350259 -0.00550023 0.00623272 0.0104304 0.0016921 0.00543371 0.00176525 0.00186932 -0.0037514 -0.00687672 -0.00314438 0.00146263 -0.0012209 0.00555305 0.00336672 0.00580618 0.00450367 0.00643196 0.0116762 -0.0017264 -0.00230554 -0.00511068
internal_weight=313172 188338 124834 66367.8 52301.2 121970 102367 112026 62319.4 49490.2 69935.7 32431.3 22467.5 1583.36 2811.03 49706.4 28192.9 14066.6 47287.3 30677.6 2329.9 18218.6 37187.2 51717.1 27819.8 10100.1 25711 8343.89 17367.1 2470.49 32639.6 21284.5 20479.2
internal_count=1255870 756183 499687 267416 210872 488767 409664 448937 249579 199365 279862 129802 90023 6364 11507 199358 113759 56544 189667 122784 9331 72904 149140 206958 112265 40527 103767 33588 70179 10132 130615 85175 82042
is_linear=0
shrinkage=0.0343682


Tree=24
num_leaves=34
num_cat=0
split_feature=6 19 19 18 3 3 6 5 5 18 18 5 12 18 3 20 18 5 0 6 3 16 16 0 12 12 26 6 3 18 16 5 6
split_gain=528.036 181.08 177.484 110.219 124.096 94.7373 75.077 81.7677 53.2425 49.9425 47.2447 47.0494 45.7401 44.6367 40.2969 39.1326 40.5089 36.8531 35.1868 32.6509 32.5155 31.8422 29.0277 28.962 27.7986 27.5778 26.0322 25.695 24.347 30.2911 24.1869 23.6026 23.3936
threshold=0.51595900000000017 1.0000000180025095e-35 1.0000000180025095e-35 0.16078650000000003 0.1364235 0.16208050000000004 0.60221200000000008 0.42438650000000006 0.48305300000000007 0.075735050000000012 0.35875350000000006 0.46176350000000005 1880.5000000000002 0.22451150000000003 0.11676850000000001 1.0000000180025095e-35 0.37314650000000005 0.47565650000000009 2101.5000000000005 0.35198250000000003 0.11138650000000001 0.51537450000000018 0.43091950000000007 4095.5000000000005 1083.5000000000002 5209.5000000000009 2.5000000000000004 0.52132250000000013 0.15323450000000002 0.15376950000000003 0.55856950000000005 0.43393950000000009 0.3083915000000001
decision_type=8 2 2 10 10 10 10 8 10 10 10 10 2 10 10 2 10 10 2 10 10 10 10 2 2 2 2 8 10 10 10 10 10
left_child=1 3 5 4 -1 6 7 25 13 27 -4 19 14 21 22 23 -17 18 -14 -6 -20 -3 -8 -5 -11 -2 -9 -7 -13 -30 -25 -16 -23
right_child=2 8 10 15 11 9 12 26 -10 24 -12 28 17 -15 31 16 -18 -19 20 -21 -22 32 -24 30 -26 -27 -28 -29 29 -31 -32 -33 -34
leaf_value=-2.8722778409739715e-06 -0.00041798867280706651 -0.0037201011768472321 -0.0023306718368112551 0.00031361689627349028 -0.0054350496540221047 -0.016090020760100146 0.010845500889873246 0.0032042402056245848 0.0028627674674249386 0.0031846982049778387 0.0080800921966655507 0.00070283661153273469 -9.0226434765096171e-05 0.00028701977582491967 0.0013738249521774142 0.0025075320748915446 -0.013150007578307523 0.0049747180663906659 0.010454805727489256 -0.0029786979151381001 0.0022729109688600642 -0.010364518798051343 0.0052164523651329993 -0.0020025900725305274 -0.00016714557624976188 -0.0046972375877615043 0.0014790116801019614 -0.0027833825055357015 -0.0026707026604282057 0.0093246426895032888 0.0023279711951852047 0.0040076106758335089 -0.0060184124564784053
leaf_weight=27134.717236608267 10604.152535513043 6586.8108802735806 16130.002473846078 32394.269078165293 8369.2275900840759 177.30027621984482 1302.8660203069448 13943.036935567856 1071.2485205829144 3785.7080449312925 531.85253775119781 5082.3994868546724 9282.4660385102034 1695.4892204254866 5709.8859616667032 9103.9574822485447 199.44801208376884 4459.6795063316822 597.049001917243 27053.984874561429 14680.699075117707 1787.1063965260983 6385.1868675798178 13372.1327085495 12818.981920748949 2137.3928112387657 39875.513843685389 5155.8441164046526 8200.3878799676895 256.43451444804668 1719.2319398522377 13571.175286486745 8063.433725759387
leaf_count=108694 42507 26388 64692 129755 33522 710 5339 55989 4289 15198 2185 20360 37245 6792 22922 36475 799 17962 2443 108305 58959 7169 25731 53535 51382 8556 160043 20653 32821 1027 6892 54634 32312
internal_value=-1.04648e-05 -0.00146296 0.00136038 -0.00101214 -0.0018672 0.0017477 0.00212005 0.00133986 -0.00458245 -0.000332291 -0.00199836 -0.00290039 0.00304754 -0.0050223 0.00406653 0.000133627 0.00217186 0.00210056 0.00157867 -0.00355905 0.00259266 -0.00556995 0.00617039 -0.000265705 0.000597042 -0.00113583 0.00192598 -0.00322576 -0.00117714 -0.00230697 -0.00150925 0.00322764 -0.00680689
internal_weight=313239 152090 161149 132886 76097.2 144487 122549 66560.1 19204.1 21937.8 16661.9 48962.4 55989 18132.8 26969.1 56789 9303.41 29019.9 24560.2 35423.2 15277.7 16437.4 7688.05 47485.6 16604.7 12741.5 53818.6 5333.14 13539.2 8456.82 15091.4 19281.1 9850.54
internal_count=1256285 609135 647150 532185 304729 580273 492330 267095 76950 87943 66877 196035 225235 72661 108626 227456 37274 116609 98647 141827 61402 65869 31070 190182 66580 51063 216032 21363 54208 33848 60427 77556 39481
is_linear=0
shrinkage=0.0343682


Tree=25
num_leaves=34
num_cat=0
split_feature=8 4 8 18 3 23 22 7 26 7 4 12 12 3 18 4 25 4 8 3 8 8 4 4 18 17 25 17 23 12 12 18 3
split_gain=825.136 246.228 145.081 93.7512 101.687 80.3403 78.6254 69.7375 47.1864 43.5542 36.0396 35.3143 31.7779 31.76 32.0584 31.1875 28.5571 28.3376 27.6413 27.5597 26.8854 26.2911 26.205 25.7415 25.4717 24.5839 23.9333 23.7972 22.1402 21.8688 21.4602 20.8155 23.91
threshold=0.50147050000000004 0.37179050000000008 0.55321350000000014 0.096697300000000014 0.097668100000000008 1.0000000180025095e-35 1.0000000180025095e-35 0.5860970000000002 2.5000000000000004 0.41476400000000008 0.33654350000000005 3381.5000000000005 302.50000000000006 0.14213850000000003 0.16180000000000003 0.43071300000000007 1.5000000000000002 0.42683150000000009 0.46290700000000001 0.13541050000000002 0.60570750000000018 0.56963350000000013 0.33036750000000009 0.37664850000000005 0.11774600000000002 0.19452150000000004 1.5000000000000002 0.15090900000000004 1.0000000180025095e-35 6737.5000000000009 2858.5000000000005 0.17255850000000003 0.12628650000000005
decision_type=8 8 10 8 8 2 2 10 2 10 10 2 2 10 10 10 2 10 10 10 10 8 10 10 10 10 2 10 2 2 2 10 10
left_child=5 2 26 12 7 13 22 -5 16 31 -10 21 -3 23 18 -9 -4 -14 -15 30 27 -6 -7 -1 -21 -24 -2 -12 -13 -19 -11 32 -8
right_child=1 3 8 4 11 6 9 15 10 19 20 28 17 14 -16 -17 -18 29 -20 24 -22 -23 25 -25 -26 -27 -28 -29 -30 -31 -32 -33 -34
leaf_value=0.0010393028018315994 0.0014952862707810685 0.0013143808477278096 0.005963855619118304 0.00045205241146683238 -2.2192554043983072e-06 0.0047624135712168534 -0.00040360980056996842 0.010691268465502939 0.0042513969513665161 0.0011799242978950766 -0.0021463186700917763 6.3810519559957422e-05 -0.0022270513542645377 -0.0036388733304120757 -0.00071689970784253741 -0.0073000300966354218 0.0028140159407703648 -0.004793759622875057 -0.0012415398072893266 -0.003707583834796655 0.0036320584587741091 0.0022570220465835513 -0.001257965354287665 -0.0013398240374627604 -0.0014323947107623856 -0.0057066401826998845 -3.3560867962213079e-05 0.0019263465850487041 -0.0025011939765161671 -0.013564126830090704 -0.0021249052245860549 -0.0017862557067376311 -0.0060006516962368677
leaf_weight=9748.5532391965389 40607.442811608315 2482.6375605463982 11226.620615154505 1647.3302647322416 16663.924691185355 313.36123622953892 1047.2905770987272 2151.7423214763403 15640.010759800673 5681.6114361137152 1835.3067119717598 7881.3842570632696 14032.59208637476 14557.617519170046 16045.881325244904 120.16251297295094 4876.5586364865303 2352.8542913943529 9316.5289625227451 9712.5373063981533 11566.33393445611 9582.8975051343441 1627.0315940976143 11964.461701333523 14473.108792021871 14940.758419707417 17224.765021815896 22113.478063225746 8019.1990353763103 391.7282557785511 3923.6127772778273 2880.9800644367933 6477.1475437581539
leaf_count=39021 162789 9961 45269 6600 66736 1254 4193 8847 63047 22743 7375 31567 56203 58292 64210 483 19643 9426 37278 38877 46635 38526 6517 47882 57923 59882 69032 88858 32113 1569 15703 11531 25947
internal_value=-7.22019e-06 0.00140905 0.00230216 -0.00030112 0.000540728 -0.00220493 -0.00308832 0.00583592 0.0033875 -0.00232623 0.00287675 4.83345e-05 -0.0023147 -0.00132951 -0.00190489 0.0097397 0.00500998 -0.00285172 -0.00270335 -0.00172753 0.00227139 0.000822645 -0.00508354 -0.000271661 -0.00234607 -0.00526976 0.00103993 0.00161424 -0.00122981 -0.00604553 -0.000170057 -0.00427046 -0.00522163
internal_weight=313127 190417 125091 65326.5 46066.6 122710 61077.4 3919.24 67258.3 44196.3 51155.1 42147.4 19259.8 61633 39920 2271.9 16103.2 16777.2 23874.1 33790.9 35515.1 26246.8 16881.2 21713 24185.6 16567.8 57832.2 23948.8 15900.6 2744.58 9605.22 10405.4 7524.44
internal_count=1255932 764679 502648 262031 184872 491253 244570 15930 270827 176917 205915 168942 77159 246683 159780 9330 64912 67198 95570 135246 142868 105262 67653 86903 96800 66399 231821 96233 63680 10995 38446 41671 30140
is_linear=0
shrinkage=0.0343682


Tree=26
num_leaves=34
num_cat=0
split_feature=1 1 1 2 4 23 24 24 4 1 19 19 24 25 23 2 18 15 18 15 27 25 12 18 2 15 27 18 2 3 12 19 4
split_gain=1264.85 397.211 141.587 125.87 99.869 86.3516 62.2714 48.5371 43.3071 40.283 40.2347 37.0564 35.0662 34.878 33.2477 31.7497 30.2794 29.4475 34.8039 29.313 28.3522 28.1634 27.739 26.185 38.3646 54.8582 25.6829 25.6829 24.6539 24.1457 23.353 22.3518 21.9928
threshold=0.5185320000000001 0.57201050000000009 0.45845550000000007 0.13680000000000003 0.37722450000000002 1.0000000180025095e-35 2.5000000000000004 2.5000000000000004 0.37300850000000002 0.49315400000000004 1.0000000180025095e-35 1.0000000180025095e-35 2.5000000000000004 1.5000000000000002 1.0000000180025095e-35 0.17118050000000004 0.16180000000000003 1184.5000000000002 0.051680200000000003 4338.5000000000009 99.750000000000014 1.5000000000000002 476.50000000000006 0.073043050000000012 0.32744700000000004 3391.5000000000005 4.8500000000000005 0.41764750000000006 0.23184950000000001 0.11811100000000001 2333.5000000000005 1.0000000180025095e-35 0.41863200000000006
decision_type=8 10 10 10 10 2 2 2 8 10 2 2 2 2 2 8 10 2 10 2 2 2 2 10 10 2 2 10 10 10 2 2 10
left_child=2 6 11 13 10 23 8 9 21 17 12 19 -5 20 -8 -10 22 18 -7 -1 29 28 -6 24 -4 -26 -11 -25 -2 30 -3 -17 -24
right_child=1 3 5 4 16 7 14 -9 15 26 -12 -13 -14 -15 -16 31 -18 -19 -20 -21 -22 -23 32 27 25 -27 -28 -29 -30 -31 -32 -33 -34
leaf_value=-0.0040196404960272667 0.00208698836007616 0.010406393434400195 -0.0029080992823762369 0.0041373238567359132 0.0028468937652036718 -0.0057460038222624356 -9.9502251646086493e-05 -0.0067117374796201966 0.0021659476377431999 -0.0052342380922399401 -0.00073148056032516394 -0.0076951323111889205 1.837078923055069e-05 0.0039362980945695514 -0.0040577099845298939 -0.00026554831954234186 0.0015371172881067966 -0.0049742152681782016 -0.00070226261254204545 -0.0096136690512268266 -0.0039277158367036248 0.00021751533925320061 -0.0031334697966514794 -0.00056483915055573382 -0.0018228786480181374 0.023438344199982343 -0.0015891132057965155 -0.004969125487278148 0.00032771811105397484 0.0062866970229259727 0.0037593358699898279 -0.0033527336819724708 -0.010326359847328
leaf_weight=16017.258774355054 43408.414395317435 3794.0555790662766 12153.111724868417 33056.028832644224 690.00473767518997 2349.2531070411205 5245.738228559494 4213.8456355333328 5969.0225396752357 2533.493475779891 2436.6309297680855 5290.035257935524 2636.0310036987066 6082.8428571373224 4800.275241419673 28052.518965855241 2718.5201941430569 13096.027872085571 5177.264225885272 1188.5360578149557 273.73980605602264 20606.383622691035 2092.6785897761583 37699.049697890878 276.39672143757343 160.5106426179409 23105.315612450242 1631.577878549695 12012.556135132909 9916.3497427105904 747.27019523084164 3073.6495825648308 660.59471234679222
leaf_count=64157 174136 15491 48630 133065 2769 9408 21013 16872 23943 10140 9788 21253 10597 24610 19225 112305 10917 52434 20724 4771 1103 82614 8384 150859 1106 644 92472 6528 48105 40142 3056 12300 2646
internal_value=-2.89273e-05 0.00175001 -0.00271067 0.0039213 0.00288535 -0.00216828 0.000602312 -0.00318052 0.000832601 -0.00285886 0.00354142 -0.00517951 0.00383312 0.00612568 -0.00199085 -0.000130093 -0.0011743 -0.00398967 -0.00227657 -0.00440606 0.00702971 0.00130232 -0.00331501 -0.00118422 -0.00254838 0.00745757 -0.00194931 -0.000747545 0.00170566 0.00723718 0.00931263 -0.000570402 -0.00485926
internal_weight=313165 188273 124892 65104.7 44290.5 102396 123169 50475.2 113123 46261.4 38128.7 22495.8 35692.1 20814.3 10046 37095.2 6161.8 20622.5 7526.52 17205.8 14731.4 76027.4 3443.28 51920.6 12590 436.907 25638.8 39330.6 55421 14457.7 4541.33 31126.2 2753.27
internal_count=1256207 756209 499998 262568 178166 409817 493641 202050 453403 185178 153450 90181 143662 84402 40238 148548 24716 82566 30132 68928 59792 304855 13799 207767 50380 1750 102612 157387 222241 58689 18547 124605 11030
is_linear=0
shrinkage=0.0343682


Tree=27
num_leaves=34
num_cat=0
split_feature=2 2 2 23 14 16 2 29 2 9 2 16 0 14 3 20 16 27 3 23 2 14 20 3 16 16 12 0 16 0 10 0 20
split_gain=1080.17 282.494 185.345 83.6447 76.1954 56.0871 52.5956 41.9187 40.7746 40.4807 35.3369 34.0494 49.7604 33.4263 31.8328 31.6762 27.4882 26.7137 24.9713 24.0921 24.0072 23.9528 23.5771 30.4646 26.5023 25.3323 21.5829 20.7343 20.1119 19.7951 17.7564 38.5576 18.1093
threshold=0.21684750000000005 0.13840750000000004 0.24918350000000003 1.0000000180025095e-35 0.14905950000000004 0.43350400000000006 0.17721650000000003 0.36500000000000005 0.30001000000000005 0.19617000000000004 0.35000600000000004 0.78088200000000019 3391.5000000000005 0.14393550000000002 0.12979150000000003 1.0000000180025095e-35 0.50961950000000011 99.750000000000014 0.14376250000000004 1.0000000180025095e-35 0.2802765000000001 0.14420450000000004 1.0000000180025095e-35 0.15139950000000005 0.40773800000000004 0.68274800000000002 6456.5000000000009 11395.500000000002 0.52149350000000017 905.50000000000011 0.12379450000000002 8875.5000000000018 1.0000000180025095e-35
decision_type=8 10 10 2 8 10 10 2 10 10 10 10 2 10 10 2 10 2 10 2 10 8 2 10 10 10 2 2 10 2 10 2 2
left_child=1 13 9 10 6 -5 26 -6 14 19 11 20 -13 15 -7 17 -17 -1 21 30 -4 -11 23 27 -24 -25 -3 -8 -21 -16 31 -2 -33
right_child=2 4 3 5 7 8 22 -9 -10 18 -12 12 -14 -15 29 16 -18 -19 -20 28 -22 -23 24 25 -26 -27 -28 -29 -30 -31 -32 32 -34
leaf_value=0.0057324653785913214 0.00099441360180605159 0.0034010971166294405 -0.0012652287020851877 -0.00014645110404835955 -0.0020870247842475335 -0.0018009587859561488 0.0014941618061524251 0.0007266020631549959 -0.0065456628673080794 0.0013681157370263404 -0.0066591573610311223 0.00054265455696039398 0.021291286856511129 0.003350629434288085 -0.0027243161979221002 0.012155780520501425 0.0058914942017419753 -0.0041386314039973428 -0.0028217206464726677 -3.1864327512273349e-05 -0.003004842162452912 -0.0024701985828080577 -0.003592050898637374 3.7117681161376602e-05 0.0039785772855921563 -0.0064313251151891116 0.00060883484976853944 0.0085149918540204077 -0.0018648873293857474 -0.0051368069083410255 -0.00025888402580735644 0.012717892642496445 -0.00085022392303667432
leaf_weight=14724.5106703192 10768.398122221231 28441.782620877028 24728.315104395151 3720.2481646984816 8088.3218097537756 6454.4906779527664 37035.202116161585 27585.276595041156 9290.192076176405 4150.2722906768322 1837.9645356237888 580.15614660084248 178.54347288608551 6704.0148211270571 5312.0975694954395 1767.1286871880293 1555.9076955616474 331.11244356632233 14689.205645650625 13701.737100347877 15087.171568855643 3574.2412707358599 601.43626700341702 12294.171137049794 5944.5973623096943 759.30589513480663 3694.4554102420807 503.60845513641834 14608.131641834974 16482.509123161435 17320.993144378066 503.40181620419025 151.0590323805809
leaf_count=59654 43135 114435 98951 14891 32410 25834 148590 110649 37281 16617 7371 2322 717 27105 21275 7248 6297 1333 58790 54871 60413 14308 2410 49249 23846 3040 14847 2027 58488 66007 69339 2025 606
internal_value=-5.31032e-06 0.00209945 -0.00194095 -0.0030699 0.00143127 -0.00417161 0.00196776 8.86648e-05 -0.00457052 -0.000752272 -0.00199812 -0.00178698 0.00542539 0.00542795 -0.00392096 0.0061857 0.00922272 0.00551537 -0.00198985 -0.000266087 -0.00192442 -0.000407926 0.00134215 0.00109103 0.003283 -0.000339144 0.00308009 0.00158835 -0.00097772 -0.0045488 0.000434802 0.00148667 0.00958618
internal_weight=313170 150031 163139 83671.7 124948 41259.5 89274.6 35673.6 37539.3 79467.4 42412.2 40574.2 758.7 25082.7 28249.1 18378.7 3323.04 15055.6 22413.7 57053.7 39815.5 7724.51 57138.3 50592.3 6546.03 13053.5 32136.2 37538.8 28309.9 21794.6 28743.9 11422.9 654.461
internal_count=1256381 603140 653241 335062 501503 165288 358444 143059 150397 318179 169774 162403 3039 101637 113116 74532 13545 60987 89715 228464 159364 30925 229162 202906 26256 52289 129282 150617 113359 87282 115105 45766 2631
is_linear=0
shrinkage=0.0343682


Tree=28
num_leaves=34
num_cat=0
split_feature=1 1 1 1 29 0 6 2 5 6 6 16 2 2 5 0 29 5 2 2 5 16 1 0 2 2 0 11 16 0 3 0 16
split_gain=1116.17 298.61 180.543 77.1019 73.8397 48.0111 44.7355 43.0523 39.9934 37.2877 30.5983 30.2107 29.0096 25.5213 24.959 22.0172 19.5576 24.4026 22.666 19.0246 21.3447 60.8659 18.8231 18.4198 17.6559 17.2268 16.5592 29.9091 31.5436 16.3214 35.1471 30.3017 19.6773
threshold=0.54448200000000013 0.50440950000000007 0.5898095000000001 0.45845550000000007 0.29500000000000004 10992.500000000002 0.49374900000000005 0.084447900000000006 0.40405350000000007 0.3083915000000001 0.39228100000000005 0.51743400000000006 0.30306800000000006 0.18814450000000002 0.45405250000000003 6908.5000000000009 0.97500000000000009 0.45050350000000006 0.21273550000000005 0.13840750000000004 0.44109750000000009 0.51243900000000009 0.57119350000000013 11.500000000000002 0.11408100000000002 0.18606450000000005 4796.5000000000009 0.14271750000000002 0.46536300000000003 905.50000000000011 0.11676850000000001 4287.5000000000009 0.45593250000000002
decision_type=10 8 10 10 2 2 10 10 10 8 10 10 10 10 10 2 2 10 10 10 10 10 10 2 10 10 2 10 10 2 10 2 10
left_child=1 3 6 12 11 10 -2 23 -8 -5 -3 24 25 -7 -13 -10 17 18 -12 -9 21 -21 -17 -6 -4 -1 -19 28 -28 -11 31 -31 -32
right_child=2 5 4 9 7 13 8 19 15 29 16 14 -14 -15 -16 22 -18 26 -20 20 -22 -23 -24 -25 -26 -27 27 -29 -30 30 32 -33 -34
leaf_value=0.0036649700715661441 0.00035527039963539442 -0.0018944708738145189 0.0095522082127516943 -0.0053558867587664011 -0.0019655572339048227 -0.020160285657221541 -0.0021499698206533663 0.0057840210744998198 0.0026012359349212861 -0.0013668102841697027 5.6125371777022879e-05 -0.0029196525105426537 -0.0061232646529352968 0.0061527650806219173 0.0026504861875578907 -0.00085713628548862849 0.00044437173465340527 0.0008945647637123885 -0.0019391096180720534 0.0048952246530967695 0.0048786105134541674 -0.0029343710745015944 0.002793417410986748 0.0098462296201165377 0.0026735808978366163 -0.0038822292150036131 0.010832922824780178 -0.0029531179281904168 0.00012929951378758199 -0.00052635896069838433 -0.001179741176536536 0.014034681420658963 -0.0030500990801103538
leaf_weight=368.61119420826435 22462.10570295155 14737.853591516614 533.54558429121971 4978.5557228475809 165.28555880486965 44.744357988238335 2439.612181276083 12968.734754100442 49344.034617945552 17311.051482453942 10228.148401662707 2359.0027578622103 10540.679485604167 1615.7036958485842 1591.0502337068319 4335.4639457464218 33742.899892449379 14920.423148661852 19636.226678803563 3410.5810333490372 10919.547566503286 1787.3638917505741 2711.9441121518612 2759.2577648311853 2534.4708944112062 11569.671915858984 390.07820026576519 4116.5006449371576 1955.6197278797626 450.58470967411995 8061.7086555510759 269.94129836559296 37780.493652805686
leaf_count=1476 90030 58982 2173 19947 668 179 9779 52613 198305 69282 40969 9474 42324 6502 6414 17386 135119 59767 78578 13752 44038 7180 10900 11361 10204 46353 1569 16479 7838 1803 32259 1083 151222
internal_value=-1.47522e-05 -0.00163631 0.00258249 -0.00306168 0.00450385 -0.000352314 0.00166004 0.00520381 0.00215821 -0.00249112 -0.000448817 0.00131122 -0.00480932 0.0054437 -0.000676045 0.00234459 -0.00019813 -0.000621176 -0.00125577 0.00480414 0.0040157 0.00220294 0.000547649 0.00917867 0.00386981 -0.0036492 0.000265137 -0.00118813 0.00190926 -0.00226782 -0.0026028 0.00492886 -0.00272118
internal_weight=313041 192719 120322 91331.3 39028.8 101388 81293.2 32010.8 58831.1 68852.3 99727.8 7018.07 22479 1660.45 3950.05 56391.4 84989.9 51247 29864.4 29086.2 16117.5 5197.94 7047.41 2924.54 3068.02 11938.3 21382.6 6462.2 2345.7 63873.8 46562.7 720.526 45842.2
internal_count=1256008 771731 484277 365749 157877 405982 326400 129612 236370 275596 399301 28265 90153 6681 15888 226591 340319 205200 119547 117583 64970 20932 28286 12029 12377 47829 85653 25886 9407 255649 186367 2886 183481
is_linear=0
shrinkage=0.0343682


Tree=29
num_leaves=34
num_cat=0
split_feature=2 2 2 8 5 18 2 21 5 29 2 17 0 8 0 5 8 0 0 18 17 9 8 5 9 8 18 5 17 5 5 5 26
split_gain=922.471 296.115 104.468 75.4511 60.5779 55.8053 45.2034 41.004 39.9751 39.4314 36.8332 34.9844 34.3663 30.8691 37.53 30.7474 25.0323 31.6353 24.4118 23.3077 22.9945 22.4837 22.0879 23.9795 21.463 20.508 20.2301 20.1252 18.8365 17.775 17.476 25.0166 27.4481
threshold=0.22950900000000002 0.15122850000000002 0.2901240000000001 0.50147050000000004 0.40925150000000005 0.080608550000000015 0.10837000000000001 1.0000000180025095e-35 0.43113850000000004 0.29500000000000004 0.17721650000000003 0.32673400000000002 275.50000000000006 0.56035450000000009 8875.5000000000018 0.45830150000000008 0.55440950000000011 2151.5000000000005 12456.500000000002 0.31335150000000006 0.21095450000000002 0.31951600000000008 0.37087750000000003 0.42890950000000005 0.31605800000000006 0.40917200000000004 0.0067709200000000006 0.48305300000000007 0.28886850000000003 0.47249850000000004 0.45079000000000008 0.45939000000000002 2.5000000000000004
decision_type=10 8 10 8 8 10 10 2 10 2 8 10 2 10 2 10 10 2 2 10 10 10 8 10 8 10 10 10 10 10 10 10 2
left_child=1 6 5 12 24 27 19 15 21 -8 -6 29 25 -10 -15 22 -9 -18 30 -1 -16 -7 23 -4 -5 -3 -14 -2 -29 -11 -12 32 -32
right_child=2 3 7 4 10 8 9 16 13 11 18 -13 26 14 20 -17 17 -19 -20 -21 -22 -23 -24 -25 -26 -27 -28 28 -30 -31 31 -33 -34
leaf_value=0.0056746410826505247 -0.0032621200681516049 0.010951183710611703 -0.005128475065807608 -0.002470415886081719 0.0026888713241152175 -0.0019679443730323057 0.00073117575780537155 -0.0023341400513936469 -0.00088493460595647541 0.0043645278245142763 0.00053796729513431519 0.0019628894611549543 -0.0052022535126130202 0.0009029069056259491 -0.0069361088078075516 -0.0021809714892534297 -0.0071972804982080767 0.016797194294875206 0.0066024547266093749 0.010010855681866849 0.013125983328434522 -0.0062317660777600186 -0.0050980819428962385 -0.012441072465762005 0.004645584082367633 0.0022175885240815667 -0.00051473397002379324 -0.0046657773311643566 0.0008175404019317295 0.0067532192029462635 0.0054544533693876695 0.0010264650884058131 0.0018956922160533775
leaf_weight=6086.0207997262478 26572.825280949473 377.32032203674316 1033.5784367471933 5834.5083933621645 26683.925645723939 26592.051595464349 4230.7122177928686 7289.7526089251041 41069.434180319309 11732.354341134429 32738.151980057359 5502.2816680371761 1123.082894384861 4932.1911993175745 78.526156470179558 3840.4461553245783 101.6861771941185 179.42126344144344 976.11308141052723 1928.0129517912865 479.79130926728249 1545.6835204511881 13270.064282268286 1086.4507325440645 547.63949911296368 2005.7846084833145 34314.582350850105 999.03782592713833 2853.8813600838184 5361.0003010630608 3485.4472595006227 28407.599494129419 9640.5835843682289
leaf_count=24678 106387 1510 4160 23364 107388 106438 17036 29190 164368 47413 131233 22209 4495 19771 315 15380 407 721 3932 8002 1933 6189 53237 4377 2193 8028 137348 4000 11427 21742 14006 114007 38712
internal_value=1.24865e-05 0.00160574 -0.00217314 0.000926937 0.0013884 -0.00168481 0.00445291 -0.00408854 -0.00117944 0.00377629 0.00159178 0.00434644 -0.000394633 -0.000561371 0.00185891 -0.004932 -0.00194607 0.00811757 0.00120273 0.00671785 0.0103043 -0.00220217 -0.0056185 -0.00887596 -0.00185981 0.00360039 -0.00066329 -0.00292554 -0.00060425 0.00511369 0.00113177 0.00159982 0.00284068
internal_weight=312900 180975 131925 146135 108314 105123 34840.4 26801.4 74697.7 26826.3 101932 22595.6 37820.8 46559.9 5490.51 19230.5 7570.86 281.107 75247.9 8014.03 558.317 28137.7 15390.1 2120.03 6382.15 2383.1 35437.7 30425.7 3852.92 17093.4 74271.8 41533.6 13126
internal_count=1255596 727296 528300 586216 434835 420828 141080 107472 299014 108400 409278 91364 151381 186387 22019 77154 30318 1128 301890 32680 2248 112627 61774 8537 25557 9538 141843 121814 15427 69155 297958 166725 52718
is_linear=0
shrinkage=0.0343682


Tree=30
num_leaves=34
num_cat=0
split_feature=6 14 14 24 5 5 20 3 3 3 20 24 21 5 3 6 0 0 27 6 3 3 27 24 6 6 29 0 21 3 0 5 0
split_gain=395.453 133.222 122.335 62.2139 59.0948 53.5286 46.5975 39.9203 38.6074 35.4895 33.2678 32.019 27.5628 26.1514 24.9654 25.1272 24.6257 23.9172 22.8161 22.2469 21.3796 19.3334 19.0511 19.0396 18.9024 18.9003 18.5346 18.1441 18.1137 26.87 19.0366 17.5779 20.1501
threshold=0.50213700000000017 0.14286300000000005 0.14080550000000003 2.5000000000000004 0.43953250000000005 0.43138450000000006 1.0000000180025095e-35 0.16087050000000003 0.14398550000000002 0.095698450000000004 1.0000000180025095e-35 2.5000000000000004 1.0000000180025095e-35 0.40925150000000005 0.13787050000000003 0.65240300000000018 8511.5000000000018 289.50000000000006 6.3500000000000005 0.45495100000000005 0.11676850000000001 0.14273550000000004 99.850000000000009 2.5000000000000004 0.26975050000000006 0.58374550000000014 4.9750000000000005 383.50000000000006 1.0000000180025095e-35 0.13514250000000003 8351.5000000000018 0.48440300000000008 477.50000000000006
decision_type=8 10 10 2 10 10 2 10 10 10 2 2 2 8 10 10 2 2 2 10 10 8 2 2 10 10 2 2 2 10 2 10 2
left_child=2 6 8 5 10 12 11 20 23 17 18 13 16 -2 15 22 24 -8 -3 -7 -6 -20 -15 -1 -4 -22 -23 -17 -27 -30 -31 -16 -33
right_child=1 4 3 -5 7 19 9 -9 -10 -11 -12 -13 -14 14 31 27 -18 -19 21 -21 25 26 -24 -25 -26 28 -28 -29 29 30 -32 32 -34
leaf_value=0.00096064790199925536 -1.8400236867859792e-05 -0.004188364632332642 -0.0071588433505423979 -0.0052688262872018195 0.0036293570015241243 -0.0017972809009215557 0.0036257848593787842 -0.0008861588816994416 -0.0010650480583089259 0.0034173432141503578 0.0019575092545332392 -0.00059220935261929727 -0.0016123504493206183 0.0023113783146255116 0.0010636817606898079 0.00089650233014833551 -0.011097418614105721 0.013916264439553816 -0.00012001780593095058 -0.00030218520040118264 0.00023360934897908393 -0.0020274999422200731 -0.0069641041949628484 -0.0020024663413853263 -0.0033369025248252038 0.00096076997266698286 -0.023612185805076492 0.0049585361472952302 0.00022420911888149 0.0036294616513714538 0.0091316625571334475 -0.00040864306986471637 0.0046602375958837271
leaf_weight=28588.619520679116 7289.3737169057131 3320.7676956802607 1707.1165662109852 7032.1390012204647 4399.0374728739262 31276.371300861239 441.37414067983627 12147.968465477228 27702.0362726897 11165.952399790287 3694.072938606143 6465.0918341726065 8867.8106952160597 24864.979245319963 25167.471356168389 1554.0330843478441 555.14500598609447 674.41902117431164 11219.681978940964 18834.952004209161 16173.657309472561 11719.296249523759 264.33503845334053 2813.4553399533033 14608.123128443956 10591.898468598723 47.179295167326927 7910.3037105351686 2369.9439538866282 3771.0944508910179 924.89130586385727 1254.554124429822 3540.7015500813723
leaf_count=114605 29310 13302 6850 28175 17696 125267 1779 48692 110975 44918 14837 25970 35501 100087 101060 6272 2229 2832 45035 75449 64887 46944 1061 11272 58536 42574 189 31932 9533 15164 3730 5051 14259
internal_value=1.61452e-05 0.00112947 -0.00132446 -0.00217637 0.000110982 -0.00188966 0.00203314 0.000830107 -0.000129843 0.00400135 -0.00109659 0.00172445 -0.00316361 0.00193292 0.00215325 0.00278225 -0.00397902 0.00984566 -0.00152545 -0.00123533 0.00137546 -0.00114075 0.00221381 0.000695169 -0.0037368 0.00108239 -0.00211405 0.00429155 0.00185983 0.00320753 0.00471314 0.00142704 0.0033341
internal_weight=312958 170972 141986 82881.7 80379.5 75849.5 90592.6 50378.5 59104.1 12281.7 30001 78310.8 25738.2 71845.8 64556.4 34593.7 16870.4 1115.79 26306.9 50111.3 38230.5 22986.2 25129.3 31402.1 16315.2 33831.5 11766.5 9464.34 17657.8 7065.93 4695.99 29962.7 4795.26
internal_count=1255973 687114 568859 332007 322583 303832 364531 202276 236852 49529 120307 315002 103116 289032 259722 139352 67615 4611 105470 200716 153584 92168 101148 125877 65386 135888 47133 38204 71001 28427 18894 120370 19310
is_linear=0
shrinkage=0.0343682


Tree=31
num_leaves=34
num_cat=0
split_feature=8 8 19 19 19 15 8 12 8 18 18 29 15 8 20 18 18 18 15 27 15 18 6 12 6 15 16 27 12 20 18 15 15
split_gain=555.416 165.269 112.281 79.5523 72.1775 52.2229 58.0831 49.1801 40.7595 38.2572 35.8485 35.6604 31.2588 30.082 28.8378 27.1914 27.1283 26.9566 35.2339 26.9174 24.964 24.2816 22.3992 22.3319 21.0581 20.7144 20.5367 19.9968 21.0366 19.4321 20.4554 19.0698 18.7373
threshold=0.50147050000000004 0.55739400000000006 1.0000000180025095e-35 1.0000000180025095e-35 1.0000000180025095e-35 357.50000000000006 0.60302050000000007 661.50000000000011 0.45164900000000002 0.15376950000000003 0.16463550000000002 0.35500000000000004 5361.5000000000009 0.37087750000000003 1.0000000180025095e-35 0.35875350000000006 0.25849400000000006 0.32447350000000003 741.50000000000011 77.950000000000017 100.50000000000001 0.12844450000000004 0.33484850000000005 2183.5000000000005 0.44843700000000003 3670.5000000000005 0.45133950000000006 8.9500000000000011 5554.5000000000009 1.0000000180025095e-35 0.25210300000000008 136.50000000000003 1988.5000000000002
decision_type=8 10 2 2 2 2 10 2 10 10 8 2 2 10 2 10 10 10 2 2 2 10 8 2 10 2 10 2 2 2 10 2 2
left_child=2 3 8 10 5 7 14 -3 9 13 -2 -8 23 20 27 31 -4 19 -19 -12 -1 -5 -23 32 -20 -25 29 28 -7 -13 -31 -6 -10
right_child=1 4 16 21 15 6 11 -9 12 -11 17 26 -14 -15 -16 -17 -18 18 24 -21 -22 22 -24 25 -26 -27 -28 -29 -30 30 -32 -33 -34
leaf_value=0.0029298914297263708 -9.1254905936356793e-05 0.0024825839548223813 -0.0046928595948233327 -0.0048542030450758394 -0.0089541207751733642 0.00066835694509727675 0.0017144488173150361 -0.0024041725098863514 0.0011460684398271186 -0.00079194504208643195 0.0022183166618772268 0.005741619935710679 -0.0023872475835430523 -0.002460547676364621 0.0042783913735743905 0.0070867228739619637 0.0022554538701257676 0.0037012657593425645 -0.0053414834949965344 -0.00023768525233328381 -0.0063326760590283219 -0.013593254269255704 -0.0010670499640874733 -0.0015519359909863359 -0.00059358882569701601 0.00069955387400797114 0.004281533774015263 0.0020141229715292461 -0.0055802599712667716 -0.0024280978759097095 0.013829532698052925 -0.00086566068599790787 -0.00096601952152959439
leaf_weight=375.56327278912067 48945.382290259004 5239.7876254767179 16162.454105302691 3722.1213245838881 360.33792164921761 3297.2867166548967 5801.3500377237797 4540.4347779452801 13812.358913257718 14902.749708712101 26552.017733469605 2755.9315578639507 12217.761960417032 23784.481715455651 6115.1701857000589 493.13628154993057 692.13204514980316 1961.9009343534708 1362.8147301971912 6576.4966570883989 4049.5986012667418 173.09832181036472 6516.8415689170361 22758.146600499749 5796.5500074774027 6125.8561813682318 18520.1794257164 32323.466168984771 788.589379966259 104.74616378545761 718.1331735253334 7731.963583111763 7742.313608288765
leaf_count=1507 196162 21162 64840 14906 1448 13242 23371 18267 55289 59660 106463 11178 48897 95274 24623 2048 2773 7870 5458 26360 16251 693 26106 91090 23233 24518 74878 130055 3163 421 3030 31086 30990
internal_value=1.62842e-06 0.00116344 -0.00180232 0.000216891 0.00224662 0.00256721 0.00289402 0.000213924 -0.00138717 -0.00220051 0.000541832 0.00411255 -0.000827528 -0.00294464 0.00209455 -0.000748366 -0.00440753 0.00127525 -0.000379191 0.00173076 -0.00554656 -0.00262913 -0.00139116 -0.000449717 -0.00149737 -0.00107443 0.00474209 0.00172776 -0.00053765 0.00712545 0.0117601 -0.00122583 0.000387419
internal_weight=313021 190398 122623 101607 88790.5 80205.1 70424.9 9780.22 105769 43112.4 91195.2 27900.3 62656.4 28209.6 42524.5 8585.44 16854.6 42249.8 9121.27 33128.5 4425.16 10412.1 6689.94 50438.7 7159.36 28884 22099 36409.3 4085.88 3578.81 822.879 8092.3 21554.7
internal_count=1256312 765223 491089 407251 357972 323390 283961 39429 423476 172692 365546 112878 250784 113032 171083 34582 67613 169384 36561 132823 17758 41705 26799 201887 28691 115608 89507 146460 16405 14629 3451 32534 86279
is_linear=0
shrinkage=0.0343682


Tree=32
num_leaves=34
num_cat=0
split_feature=7 13 23 14 7 13 7 7 5 14 23 6 26 5 6 5 21 7 7 17 25 10 13 6 17 13 17 17 10 25 6 14 26
split_gain=436.37 172.112 106.12 86.4411 73.6777 62.2918 60.9337 50.9003 47.9678 42.6762 40.546 32.3505 30.7382 32.155 26.9259 26.4662 25.9321 25.5996 23.2525 28.489 23.0383 22.9785 22.1335 20.6688 19.91 19.8203 18.9032 18.6907 21.8329 18.3645 18.2564 17.9626 18.4114
threshold=0.49220800000000003 0.5538145000000001 1.0000000180025095e-35 0.13966050000000005 0.39513300000000001 0.48627950000000003 0.57903600000000011 0.57410300000000014 0.44757350000000007 0.14991550000000001 1.0000000180025095e-35 0.44843700000000003 6.5000000000000009 0.45291250000000005 0.6178125000000001 0.46015250000000002 1.0000000180025095e-35 0.42833800000000005 0.60578900000000013 0.21350750000000004 1.5000000000000002 0.10617950000000001 0.52535250000000011 0.42131100000000005 0.41102900000000003 0.55174950000000011 0.30876300000000007 0.30945550000000005 0.065254750000000014 1.5000000000000002 0.73797950000000012 0.14130450000000003 5.5000000000000009
decision_type=8 8 2 10 10 10 8 10 10 10 2 10 2 10 10 10 2 10 10 10 2 8 10 10 10 10 10 8 8 2 10 10 2
left_child=3 2 7 17 16 -4 20 9 18 29 22 -10 13 23 -8 25 -5 -1 21 -20 -3 -7 -6 -9 30 -12 -24 -11 -29 -2 -15 -23 -33
right_child=1 6 5 4 10 8 14 12 11 27 15 -13 -14 24 -16 -17 -18 -19 19 -21 -22 31 26 -25 -26 -27 -28 28 -30 -31 -32 32 -34
leaf_value=-0.00162535045468719 0.0018480370538675875 0.0023284990714251474 -0.0040574296724503623 -0.0056551120647457438 -0.001674063729596599 -0.0036281497139781464 0.0029426984747666163 -0.0078851063145306006 -0.0023222982248200922 0.00024074336696349463 -0.0037346372676027931 0.0010287722735362408 0.00079426622655762473 0.0052967679079078305 0.0054019969804842815 -0.0010229294750460599 -0.0024936601518616842 0.00017870918726132042 -0.0038636507894894909 0.0017685372786248703 5.522909583958648e-05 0.0001011336031095015 0.0016332284109107421 0.0020485180041106867 -0.001241758627894106 0.00015230836874865943 -0.0012836622882860045 -0.013113381839005371 -0.0016922164791128519 7.1674584719508061e-05 -0.002576481570712157 -0.00077968871756993333 -0.0035145171529037461
leaf_weight=14105.626525580883 24262.950847879052 18301.803260609508 5528.3568375110626 9544.5959023088217 19903.466007530689 5576.9023119062185 10545.758517220616 254.1350719332695 3840.5499512553215 10280.894540354609 19375.670418530703 29849.338575780392 9232.6182505339384 8865.4541626572609 10488.425308942795 7304.5576972961426 4514.0372739434242 27217.206948786974 1332.5876585245132 5201.3783052414656 7392.8572264313698 8207.3359162211418 5629.2609895914793 9346.8231806010008 648.58772575855255 1684.2572695612907 4916.0941773951054 202.9659391194582 7618.7821635454893 9591.953713580966 362.08163288235664 6552.7763429433107 5227.0135498344898
leaf_count=56513 97311 73497 22183 38324 79672 22346 42567 1018 15389 41199 77635 119924 37098 35798 42549 29243 18080 108986 5354 20967 29673 32909 22536 37711 2614 6744 19680 813 30515 38456 1462 26262 20938
internal_value=2.43908e-07 0.000973187 0.000412339 -0.00169279 -0.00240484 -0.000553518 0.00279732 0.00126623 -0.000259074 0.000624494 -0.00187055 0.00064676 0.00242762 0.00320188 0.004169 -0.0028055 -0.00464001 -0.00043711 -0.00120983 0.000619865 0.00167443 -0.00167749 -0.000999592 0.00178558 0.00457872 -0.00342378 0.000273416 -0.000722499 -0.00198858 0.00134475 0.00498783 -0.00113321 -0.00199321
internal_weight=312907 198712 151983 114195 72871.9 71316.2 46728.8 80667.2 65787.9 51957.5 58813.3 33689.9 28709.7 19477.1 21034.2 28364.5 14058.6 41322.8 32098 6533.97 25694.7 25564 30448.8 9600.96 9876.12 21059.9 10545.4 18102.6 7821.75 33854.9 9227.54 19987.1 11779.8
internal_count=1255966 798553 610267 457413 291914 286272 188286 323995 264089 208294 235510 135313 115701 78603 85116 113622 56404 165499 128776 26321 103170 102455 121888 38729 39874 84379 42216 72527 31328 135767 37260 80109 47200
is_linear=0
shrinkage=0.0343682


Tree=33
num_leaves=34
num_cat=0
split_feature=2 2 4 19 19 4 2 13 23 18 15 2 13 2 13 3 18 18 18 3 15 18 3 18 4 4 15 12 3 18 15 18 5
split_gain=798.683 208.407 139.488 84.9694 71.0916 70.2974 67.2431 51.2904 49.9501 46.8365 45.5621 45.3471 44.548 40.2023 37.5285 34.7481 30.4493 30.4334 27.7638 23.6983 25.9255 22.7423 28.7868 24.4686 22.3566 21.7288 33.1285 25.1192 21.6899 21.3472 73.8506 36.2263 28.0505
threshold=0.21495550000000005 0.14035650000000002 0.37367700000000009 1.0000000180025095e-35 1.0000000180025095e-35 0.37749950000000004 0.24780450000000001 0.48161400000000004 1.0000000180025095e-35 0.049529300000000005 4674.5000000000009 0.28180050000000006 0.50989050000000014 0.18168450000000005 0.48443300000000006 0.15035050000000003 0.09347960000000001 0.17492000000000002 0.23176350000000004 0.13715350000000001 4796.5000000000009 0.26655000000000001 0.12740350000000003 0.40941800000000006 0.39860300000000004 0.37267850000000008 920.50000000000011 1678.5000000000002 0.11676850000000001 0.0082280350000000016 3754.5000000000005 0.073043050000000012 0.48382650000000005
decision_type=10 8 10 2 2 10 10 8 2 10 2 10 8 10 8 10 10 10 10 10 2 10 10 10 10 10 2 2 10 10 2 10 10
left_child=1 12 6 5 9 7 21 -3 29 -4 14 -6 -1 -9 -11 -15 -7 25 28 20 -18 22 -2 -23 -16 -14 27 -27 -10 30 -8 -31 -33
right_child=2 3 4 -5 11 16 8 13 18 10 -12 -13 17 15 24 -17 19 -19 -20 -21 -22 23 -24 -25 -26 26 -28 -29 -30 31 -32 32 -34
leaf_value=0.0012734290766381157 0.0016992339064119486 -0.0018043811141472254 -0.0040248125443496877 -0.0016577780036459834 -0.0032729370294559005 -0.0017297687327624768 0.00024037738719678462 0.0031346615358113041 0.0012545667360591573 -0.0053594770856814243 -0.0038640557034961918 -0.0075000616920122137 0.005134774138009889 0.0022288078167668019 -0.00045255362727003698 0.00019587995453705336 0.0013007821170727654 0.0064357717257286099 -0.0003872139177495456 -0.00055829507580110692 0.0069199367502704211 0.0022381787512578172 -0.00064766845060827975 -0.0052736362590053336 -0.0019791112263336688 0.0054367275971146795 -0.0042214692535306369 -0.0012189906451712802 -0.0039806327867576968 -0.0035400452470700215 0.021052428236688119 0.00095490674894908314 -0.0027513436770233903
leaf_weight=3944.1062464565039 8054.6044385135174 3902.6586518883705 13308.464705228806 10759.567295923829 7340.9292264580727 8186.5803839564323 1318.5661255270243 33466.612601444125 1003.3049936294556 2588.6634858548641 10140.579911902547 5066.4233255833387 6415.1244585365057 30286.119846716523 26424.474523931742 14776.637938961387 9163.223704084754 11771.079580977559 3980.9073713570833 8508.9168683588505 1084.636949762702 8885.7268911749125 26430.268079787493 543.52318328619003 19839.446924731135 2290.1900913715363 825.86933487653732 946.62054522335529 13684.711204245687 4265.1261430680752 237.69446685910225 10371.380931913853 3143.0078512132168
leaf_count=15963 32313 15655 53314 43120 29410 32781 5279 134811 4017 10367 40618 20413 26064 121677 105777 59224 36736 47981 15933 34075 4355 35628 105831 2177 79438 9256 3323 3809 54805 17071 956 41506 12579
internal_value=9.2973e-06 0.00186203 -0.00161772 0.0012564 -0.00259559 0.00154308 -0.000606552 0.00204121 -0.00166501 -0.00218314 -0.00176767 -0.00499904 0.00463977 0.00223232 -0.00133252 0.00156219 1.90622e-05 0.00523653 -0.00293303 0.000782357 0.00189552 0.00030947 -9.95043e-05 0.00180518 -0.00110719 0.00388927 0.00192258 0.00349023 -0.00362303 -0.000440713 0.00341909 -0.000778566 9.29533e-05
internal_weight=312956 146328 166628 120135 84709 109375 81918.8 82432 38004.7 72301.6 58993.2 12407.4 26193 78529.4 48852.6 45062.8 26943.4 22248.9 18668.9 18756.8 10247.9 43914.1 34484.9 9429.25 46263.9 10477.8 4062.68 3236.81 14688 19335.8 1556.26 17779.5 13514.4
internal_count=1256262 588830 667432 482434 339337 439314 328095 331367 152146 289514 236200 49823 106396 315712 195582 180901 107947 90433 74755 75166 41091 175949 138144 37805 185215 42452 16388 13065 58822 77391 6235 71156 54085
is_linear=0
shrinkage=0.0343682


Tree=34
num_leaves=34
num_cat=0
split_feature=2 2 4 2 13 2 13 4 18 23 13 4 23 16 3 18 11 18 3 18 14 4 16 14 4 18 16 2 3 13 18 13 5
split_gain=744.138 160.542 152.269 75.104 67.465 67.0758 65.9581 58.3786 45.9306 48.1937 43.2621 35.4092 32.8719 45.6115 32.8139 35.3801 31.2999 27.8814 27.7693 27.6957 27.2282 27.2037 27.0711 29.8017 26.3871 29.242 24.8174 24.3677 24.1709 23.3614 22.1012 22.0148 20.8256
threshold=0.21119350000000001 0.13840750000000004 0.36842400000000003 0.29564450000000003 0.51503750000000015 0.24780450000000001 0.49366100000000007 0.37300850000000002 0.049529300000000005 1.0000000180025095e-35 0.48785500000000009 0.41540550000000004 1.0000000180025095e-35 0.76472000000000018 0.13146150000000004 0.25504600000000005 0.25937650000000007 0.23176350000000004 0.15767650000000002 0.17713800000000002 0.15008550000000001 0.34605850000000005 0.41688450000000005 0.13017350000000003 0.41758450000000008 0.39945350000000007 0.68605100000000008 0.17946150000000002 0.10979600000000002 0.56418950000000012 0.09347960000000001 0.51302250000000005 0.43000200000000005
decision_type=8 10 10 10 10 10 8 10 10 2 8 10 2 10 8 10 10 10 10 10 10 10 10 10 10 10 10 10 10 10 10 10 10
left_child=1 10 5 6 20 14 -4 18 11 16 -1 -8 13 -7 -2 -16 24 28 27 -12 -3 -15 -11 -24 25 -10 -22 -6 -14 30 -9 -5 -25
right_child=2 4 3 31 7 12 8 29 9 22 19 -13 17 21 15 -17 -18 -19 -20 -21 26 -23 23 32 -26 -27 -28 -29 -30 -31 -32 -33 -34
leaf_value=-0.00054451977297938388 0.002109391553914573 0.0013591608966549702 -0.0052805995222308987 -0.0065748551500292426 0.0034885408707617973 -0.00078951606677169959 -0.0025942586307285175 -0.0020730837555511992 0.00011412196492868203 0.0040173683061099936 0.003543121173689808 -0.0068957890677587936 0.0037426005240308638 0.0031408362651036232 -0.00075062069767717939 0.0018405633060607444 0.007774525168938333 7.4484325445746594e-06 0.00070704252817928661 0.005927809463654338 -0.00070459246852216364 0.018129677127304338 -0.00028972406692039581 -0.0038388570043172638 -0.0033821870171709075 -0.0051686851118310628 -0.0063986045744756203 0.0019857041773646404 -0.0037046173897578001 0.0022933957651006458 0.00052199341772223755 -0.0037469039291712731 -0.0018199879201407773
leaf_weight=1958.358482003212 11639.615454509854 8469.7642795592546 6554.5036219060421 4457.7230321913958 23352.092842891812 16078.212518528104 10797.149190872908 5317.1604500710964 26138.244777679443 795.01948241889477 11123.906253427267 2858.9080289155245 537.83696264028549 379.2383017539978 22398.521574854851 8619.2174814343452 551.52578583359718 3706.3387237340212 10221.888280823827 11913.5511610955 16194.943664208055 229.62042626738548 6258.777027323842 13665.946215108037 3315.1273438036442 1299.1445296704769 957.59673646092415 28053.918529495597 12006.42109285295 5849.5124571174383 14306.178249165416 12016.477883458138 10808.680308297276
leaf_count=7916 46715 33991 26249 17924 94178 64350 43246 21292 104606 3182 45096 11456 2154 1518 89698 34563 2208 14834 41023 48609 64952 925 25055 54739 13267 5199 3840 112712 48082 23469 57349 48248 43271
internal_value=-2.25466e-05 0.00186758 -0.00150906 -0.00239234 0.00131502 -0.000346249 -0.00197182 0.00177104 -0.00168828 -0.00129565 0.00435946 -0.00349479 -0.0015113 -0.000439858 0.000553338 -3.05818e-05 -0.000340418 -0.00261152 0.00234308 0.00477633 -0.000235199 0.00879362 -0.00224409 -0.00240607 -0.000485954 -0.000136016 -0.00102248 0.00266839 -0.00338532 0.000387081 -0.000181171 -0.00451211 -0.00294727
internal_weight=312831 137719 175112 99517.2 112723 75595 83043 87100.8 76488.5 62832.5 24995.8 13656.1 32937.7 16687.1 42657.4 31017.7 31304 16250.6 61627.9 23037.5 25622.3 608.859 31528.4 30733.4 30752.5 27437.4 17152.5 51406 12544.3 25472.9 19623.3 16474.2 24474.6
internal_count=1255916 554427 701489 398650 452806 302839 332478 350023 306229 251527 101621 54702 131863 66793 170976 124261 125280 65070 247913 93705 102783 2443 126247 123065 123072 109805 68792 206890 50236 102110 78641 66172 98010
is_linear=0
shrinkage=0.0343682


Tree=35
num_leaves=34
num_cat=0
split_feature=2 2 2 24 24 23 2 5 6 3 23 6 3 6 23 5 15 3 27 15 5 15 2 9 5 23 3 11 5 2 6 15 3
split_gain=701.471 183.512 118.466 75.3027 66.1322 51.1545 45.2963 39.5461 36.3484 35.2512 29.329 28.113 27.9332 27.4856 27.19 34.7232 26.6647 26.4141 24.2908 24.2608 23.3838 22.604 21.5849 21.1576 21.1281 21.0784 20.6849 20.3444 19.3766 18.6874 18.6768 18.3525 17.7497
threshold=0.21684750000000005 0.13680000000000003 0.27107250000000005 1.5000000000000002 2.5000000000000004 1.0000000180025095e-35 0.17721650000000003 0.433008 0.29442750000000006 0.15825650000000005 1.0000000180025095e-35 0.49444350000000004 0.10313150000000001 0.20112350000000004 1.0000000180025095e-35 0.46285950000000003 2701.5000000000005 0.15164450000000004 86.750000000000014 12456.500000000002 0.49262050000000007 383.50000000000006 0.09598340000000001 0.073282600000000017 0.44951350000000007 1.0000000180025095e-35 0.16087050000000003 0.13484950000000004 0.40405350000000007 0.25965050000000006 0.70620200000000011 2528.5000000000005 0.18678350000000002
decision_type=10 8 10 2 2 2 8 10 8 10 2 10 10 8 2 10 2 8 2 2 10 2 10 8 10 2 10 10 10 10 10 2 10
left_child=1 12 3 7 6 13 11 10 -4 20 -2 -3 21 -5 32 -16 -12 19 -19 28 -9 22 -1 30 -7 -6 -26 -17 31 -18 -14 -8 -10
right_child=2 4 8 5 25 24 17 9 14 -11 16 -13 23 -15 15 27 29 18 -20 -21 -22 -23 -24 -25 26 -27 -28 -29 -30 -31 -32 -33 -34
leaf_value=0.0074345165740274284 -0.00037274898439626324 0.00075245406062301849 -0.0062239367511224821 -0.012028583259578163 4.0375763758775705e-05 -0.004959706374056367 -0.0006548317205186437 0.0004022899564579762 -0.0015774231847379108 -0.0012268279569872568 -0.0015498008219548872 0.0028452020575222936 -0.00078511705985049923 -0.00090035441958487609 -0.0044097235461478344 -0.0045309390264178075 -0.0037425320588918738 0.00045721769690967526 -0.002489909624164979 0.007871975819218141 0.0037444158077702991 0.0089766176038411118 0.00011776877069279303 0.0043626908110888573 -0.00097387224225010309 -0.0030770026344792553 -0.0055513557873306712 0.00065599977351773998 0.0014226738621941435 -0.0097830982994206034 0.0054534992834531868 -0.010276737054290424 -0.0049758555182596639
leaf_weight=1034.0526552498341 14639.774090439081 10035.968927040696 3897.0906194299459 266.71105964481831 5313.8078248053789 8941.1514373868704 2383.0631827116013 37247.904611065984 19285.002880126238 17476.404871225357 10634.62488912046 31009.099449291825 1893.3424762189388 15365.858810171485 15688.350957021117 1277.9733777940273 4196.5538523197174 19573.08306491375 3974.081938624382 665.04247814416885 2648.5979895591736 2617.9867132753134 882.84788025915623 16533.723315894604 4075.794511526823 4947.1672577857971 1633.3217319399118 2966.3715339452028 47931.27761785686 706.8202488720417 809.00559177994728 259.65928517282009 2003.933722615242
leaf_count=4206 58586 40278 15672 1068 21321 35808 9541 149195 77256 69957 42582 125027 7672 61517 62991 5116 16802 78422 15917 2688 10625 10898 3580 67081 16327 19841 6540 11880 192420 2835 3281 1039 8031
internal_value=6.95456e-06 0.00170403 -0.0015538 -0.000980388 0.00118185 -0.00245766 0.00141611 -0.000469417 -0.00305135 6.03311e-05 -0.00147655 0.0023335 0.00447392 -0.00109022 -0.00275141 -0.00366362 -0.00251655 0.000912613 -4.01723e-05 0.00135047 0.000624163 0.00690035 0.00406471 0.00390189 -0.00391678 -0.00146262 -0.00228345 -0.000905789 0.00126471 -0.00461328 0.00108255 -0.00160023 -0.00189732
internal_weight=312815 149863 162952 117834 126092 30282.8 115831 87550.7 45118.7 57372.9 30177.8 41045.1 23771 15632.6 41221.6 19932.7 15538 74786.2 23547.2 51239 39896.5 4534.89 1916.9 19236.1 14650.3 10261 5709.12 4244.34 50574 4903.37 2702.35 2642.72 21288.9
internal_count=1256000 603212 652788 471842 506494 121260 465332 350582 180946 229777 120805 165305 96718 62585 165274 79987 62219 300027 94339 205688 159820 18684 7786 78034 58675 41162 22867 16996 203000 19637 10953 10580 85287
is_linear=0
shrinkage=0.0343682


Tree=36
num_leaves=34
num_cat=0
split_feature=1 1 2 23 24 24 1 1 23 2 26 18 18 24 16 20 11 16 1 16 26 1 17 2 17 26 1 16 12 17 17 6 17
split_gain=760.256 198.677 128.058 65.229 59.7398 56.0232 49.2419 45.9186 45.5043 41.3596 37.4818 34.7539 34.8143 27.3266 27.0013 24.7555 23.6189 23.3576 23.0543 22.7127 22.4479 23.5979 22.3677 21.9181 21.7012 21.6115 19.7303 20.3985 19.5787 15.9217 16.438 15.7018 15.5437
threshold=0.54267350000000014 0.50440950000000007 0.12958250000000002 1.0000000180025095e-35 2.5000000000000004 2.5000000000000004 0.45455350000000005 0.57119350000000013 1.0000000180025095e-35 0.25699550000000004 4.5000000000000009 0.079474150000000007 0.37857950000000001 2.5000000000000004 0.43091950000000007 1.0000000180025095e-35 0.14407700000000004 0.68605100000000008 0.64449300000000009 0.43091950000000007 6.5000000000000009 0.65685250000000017 0.46283550000000007 0.17295700000000003 0.20698800000000003 4.5000000000000009 0.47761450000000005 0.50961950000000011 5554.5000000000009 0.29838800000000004 0.35503350000000006 0.77888900000000005 0.45801400000000009
decision_type=10 8 10 2 2 2 10 10 2 10 2 10 10 2 10 2 10 10 10 10 2 10 10 10 10 2 10 10 2 10 10 10 10
left_child=1 3 20 6 7 9 -1 32 11 -5 -9 22 16 28 -11 -6 29 18 -12 -18 21 -2 -3 -7 -14 26 -16 -28 -10 -13 -31 -23 -4
right_child=2 8 4 5 15 23 -8 10 13 14 17 12 24 -15 25 -17 19 -19 -20 -21 -22 31 -24 -25 -26 -27 27 -29 -30 30 -32 -33 -34
leaf_value=-0.0037664990233938146 0.0046845861845858285 -0.0028048186242319896 0.0012786045080600825 -0.0017283716641880557 -0.0018585466807756871 0.015467648137809297 -0.0010566743643322112 0.0036928898582112156 -0.00040033146255442551 0.00077693450934328636 0.0022415295379365624 0.0028529305410667262 -0.0042263070323722927 -0.003800953064192212 -0.0042452915057594309 0.0037360629897375363 -0.0030571860016522009 -0.0014487927903799403 -0.0059255964402996969 0.00068062552798458381 0.0025278185083572402 0.0085412431076706194 0.0017331605162821118 -0.0077373919665953937 0.0053670353485211183 -0.0051055224318012739 -0.0047099606570107453 0.00065541919087841883 -0.0020519419152740439 -0.0011129539072281549 0.0022879217257765106 -0.0031057760092472781 -0.0020833856864762219
leaf_weight=10121.313184633851 9653.8928244560957 5597.9333485364914 50357.628320425749 15730.17636346817 7336.1833981126547 48.693717077374458 36431.137397021055 21850.245158463717 33735.412218987942 1336.6777755618095 21910.463364750147 10518.958686858416 2268.5400194525719 3937.5932153463364 5895.6995089948177 1070.5420472323895 2130.709573507309 2445.2705057859421 416.00278441607952 19436.710110321641 3755.9561487436295 3183.7707718163729 1664.4092019051313 3806.5930531322956 317.50201618671417 14044.957039669156 1235.9957823306322 2592.5894399136305 11323.388091236353 3124.1149744689465 3628.5067499279976 142.85567343235016 1678.4762932062149
leaf_count=40609 39256 22412 202127 62986 29455 195 145814 88228 135106 5353 88282 42162 9082 15765 23693 4302 8530 9845 1679 77823 15223 13210 6664 15280 1272 56382 4949 10385 45341 12511 14551 588 6730
internal_value=-2.13032e-05 -0.00139303 0.00207203 -0.0025462 0.001635 -0.00348405 -0.00164584 0.00187198 -0.000315888 -0.00311017 0.00265531 0.000428237 0.000812703 -0.00105532 -0.00397594 -0.00114611 0.00106979 0.0017401 0.00208935 0.000311356 0.00486772 0.00554478 -0.00176479 -0.0074443 -0.00304848 -0.00424322 -0.00299778 -0.00107671 -0.000815385 0.00201687 0.000714499 0.00804108 0.00117016
internal_weight=312729 188928 123801 91243.8 107065 44691.4 46552.5 98658.1 97683.8 40836.1 46622 48687.4 41425 48996.4 25105.9 8406.73 38839 24771.7 22326.5 21567.4 16736.5 12980.5 7262.34 3855.29 2586.04 23769.2 9724.28 3828.59 45058.8 17271.6 6752.62 3326.63 52036.1
internal_count=1255790 756865 498925 365646 430648 179223 186423 396891 391219 163748 188034 195007 165931 196212 100762 33757 155577 99806 89961 86353 68277 53054 29076 15475 10354 95409 39027 15334 180447 69224 27062 13798 208857
is_linear=0
shrinkage=0.0343682


Tree=37
num_leaves=34
num_cat=0
split_feature=1 1 13 19 1 13 2 13 19 1 29 14 14 18 7 18 27 27 2 7 9 8 13 13 18 13 14 29 18 8 7 8 9
split_gain=713.824 181.977 122.991 69.2012 64.2722 59.0075 49.9069 43.146 35.8143 33.8865 32.914 30.3276 28.4541 25.5445 24.7031 29.4997 24.0385 23.8979 23.2631 22.3325 22.1783 23.1415 21.0949 20.8642 18.8177 18.6295 18.2085 17.6655 16.8649 16.435 16.4066 16.2267 15.4898
threshold=0.54267350000000014 0.50440950000000007 0.5522800000000001 1.0000000180025095e-35 0.5898095000000001 0.48921550000000008 0.12409250000000001 0.48161400000000004 1.0000000180025095e-35 0.4512230000000001 0.29500000000000004 0.13382850000000004 0.14008650000000003 0.097939150000000016 0.40388400000000008 1.0000000180025095e-35 8.9500000000000011 74.050000000000011 0.30908950000000007 0.50905800000000012 0.16972700000000002 0.5715690000000001 0.49467650000000002 0.54442400000000013 0.19521350000000001 0.48443300000000006 0.15076750000000003 0.90500000000000014 0.078241700000000011 0.51124500000000006 0.5553855000000002 0.61036400000000013 0.087167550000000024
decision_type=8 10 8 2 10 8 10 10 2 10 2 10 10 8 8 10 2 2 10 8 10 10 10 8 10 10 10 2 10 10 10 10 10
left_child=1 3 4 9 7 -3 -4 -2 13 23 24 19 -12 -9 15 -11 -13 -15 29 -7 21 -18 -14 -1 -6 28 -22 -8 -16 -5 -31 -28 -23
right_child=2 5 6 18 10 11 27 8 -10 14 12 16 22 17 25 -17 20 -19 -20 -21 26 32 -24 -25 -26 -27 31 -29 -30 30 -32 -33 -34
leaf_value=-0.0044612019211342901 -0.0026001213641553482 -0.0036015328218542042 0.0064715159223673255 -0.0032244232549135735 -0.0014841998930871106 0.0021321650319268614 0.0023831137543160958 5.9901057799832027e-05 -0.0012734458576192976 0.011346674463613034 0.0048797488069837209 -0.0021700401133445298 -0.00047876995556181255 0.002251755747304021 -0.0079648038494411037 -0.0037302660581040692 -1.4040234897038333e-05 0.0002659950161685127 -0.0070723822899098456 2.9542867899361898e-05 -0.00031190176074265215 0.0045475246397625345 0.0030684166579274877 -0.0014619823908915796 0.0032459322201779917 -0.0012753897076971711 -0.0021384141474412575 0.00412223267281753 -0.0023020243850091502 -0.0093310452619054032 -0.0030105465055149847 -0.015480103852947682 0.0006464447984937307
leaf_weight=9457.1138149350882 4165.2907295227051 5981.9355543255806 6548.33377379179 9192.1728749573231 2890.3935725986958 10763.636984676123 15861.586477071047 13933.887118130922 7112.3737702518702 156.26058153808117 8892.2918886095285 8424.7244182527065 2529.6030220240355 29717.52031891048 918.40422524511814 8055.221056073904 30824.617385476828 9430.0004507899284 3431.5376577079296 13388.119495540857 14963.239558696747 2346.3115797042847 9118.8677999377251 3857.03104801476 1513.6713596284389 52247.921768784523 8284.6281733959913 12209.288800552487 1919.683615103364 1151.9093660563231 838.00059597194195 109.09471403062344 2465.6040700376034
leaf_count=37974 16702 23948 26822 36908 11626 43094 63942 55954 28516 626 36157 33727 10223 119402 3678 32304 123419 37864 13855 53672 59904 9427 36914 15462 6117 209149 33160 49279 7686 4614 3355 437 9906
internal_value=4.1189e-06 -0.00132631 0.00203081 -0.00242975 0.00135668 -0.000294424 0.00376979 0.000782673 0.00101676 -0.00201633 0.00283766 -7.8382e-05 0.00341572 0.00132362 -0.00168483 -0.00344336 -0.000452738 0.00177342 -0.00459708 0.000966612 -0.000207494 0.000331991 0.0022981 -0.00359235 0.00014154 -0.00142269 -0.00103061 0.00313953 -0.0041345 -0.00383746 -0.00666933 -0.00231182 0.00254863
internal_weight=312700 188777 123923 91225.3 89303.9 97551.9 34619.2 64359.1 60193.8 76611.6 24944.8 91570 20540.8 53081.4 63297.5 8211.48 67418.2 39147.5 14613.6 24151.8 58993.5 35636.5 11648.5 13314.1 4404.06 55086 23357 28070.9 2838.09 11182.1 1989.91 8393.72 4811.92
internal_count=1255823 756305 499518 365611 359475 390694 140043 258438 241736 306879 101037 366746 83294 213220 253443 32930 269980 157266 58732 96766 236253 142752 47137 53436 17743 220513 93501 113221 11364 44877 7969 33597 19333
is_linear=0
shrinkage=0.0343682


Tree=38
num_leaves=34
num_cat=0
split_feature=1 1 1 24 13 13 20 13 24 26 13 15 7 15 13 1 15 3 16 26 13 7 3 15 2 1 26 16 26 13 12 15 13
split_gain=663.415 209.768 81.3654 69.8849 62.8963 54.0373 49.7151 42.715 42.1901 39.8357 32.5743 31.2784 31.1073 29.3046 27.9403 26.9368 29.3549 25.2278 30.2849 24.5131 23.8881 23.1991 21.665 21.646 20.1526 19.1605 18.647 15.9773 15.7187 17.4671 15.6391 19.1701 15.6104
threshold=0.5185320000000001 0.58659450000000013 0.45845550000000007 2.5000000000000004 0.47699950000000008 0.49620550000000002 1.0000000180025095e-35 0.54940350000000004 1.5000000000000002 7.5000000000000009 0.56563250000000009 5213.5000000000009 0.49371050000000011 920.50000000000011 0.54239150000000003 0.54448200000000013 10658.500000000002 0.11628250000000001 0.56925900000000007 2.5000000000000004 0.5455905000000002 0.45484400000000008 0.093340900000000018 316.50000000000006 0.25013800000000003 0.67089500000000013 2.5000000000000004 0.54180950000000017 5.5000000000000009 0.49253650000000004 136.50000000000003 450.50000000000006 0.47435600000000006
decision_type=8 10 10 2 8 8 2 10 2 2 10 2 8 2 10 10 2 10 10 2 8 10 10 2 10 10 2 10 2 10 2 2 10
left_child=2 3 20 4 -2 30 8 15 13 10 12 -5 -7 14 26 16 -6 18 -15 -17 -1 -19 -11 -14 28 -25 -4 -8 -10 -30 -3 -32 -28
right_child=1 5 6 11 7 9 27 -9 24 22 -12 -13 23 17 -16 19 -18 21 -20 -21 -22 -23 -24 25 -26 -27 32 -29 29 -31 31 -33 -34
leaf_value=-0.0044568782636577953 -0.0028388140904841348 0.0040666803233104292 0.0017847420086235714 -0.0010447925571824299 -9.8984981847545961e-05 -0.0015493440580751348 0.0014900731967911164 0.0020861484088702019 -0.00088169179317521983 -0.0041472770585408445 0.0061841380365722761 -0.0056617349836138023 0.0010226693824531004 0.00011924059937374781 0.0018928764784534302 0.0026366787678673773 0.0049168918507929591 -0.0029820109120127754 0.014473682608937392 0.00080494488698026044 -0.0018384018498429631 -0.0013832673649335852 0.0020639485091898191 0.0040796498195429633 -0.0041249779222372667 0.008623300550039438 -0.0070550662722271432 -0.00080583054779416864 -0.010163947282829419 -0.0028667560226067574 -0.0072796294955117836 -0.00021352381116810189 -0.0014440485982667316
leaf_weight=16985.348302662373 5141.6486106067896 772.16507151722908 2055.5618634521961 9689.5725550502539 43914.93548078835 1279.28199416399 7157.4294814169407 33817.010422438383 6031.418191626668 751.16075733304024 8118.5321285128593 2110.7620331048965 2621.5388775020838 656.18850374221802 5415.2246725410223 11149.180948451161 1422.814428076148 16066.097580462694 236.06174190342426 38185.234321072698 5431.1527818739414 32222.920374304056 5671.6773615777493 18853.44898070395 11504.03695602715 1163.9298170208931 633.47687578201294 7163.484456628561 420.1983265131712 4972.5560055822134 541.474161490798 2791.3131436258554 7758.9403309375048
leaf_count=68297 20602 3120 8228 38838 175873 5133 28644 135904 24144 3034 33144 8460 10614 2626 21678 44823 5739 64378 949 153320 21782 128992 22895 76458 46097 4890 2537 28673 1683 19909 2182 11272 31072
internal_value=-3.59107e-06 0.00128572 -0.00194718 0.000664642 0.000888521 0.00340778 -0.00153623 0.00103768 -0.00184193 0.00380785 0.00430311 -0.00187064 0.00366463 -0.00139507 -0.000110602 0.000663159 5.8426e-05 -0.00180937 0.00391698 0.0012189 -0.00382246 -0.00191518 0.00133754 0.00395926 -0.00310961 0.00434384 -0.00114901 0.000341636 -0.00208714 -0.00343535 -0.000340465 -0.00136155 -0.00186758
internal_weight=312706 187996 124710 145431 133631 42564.5 102294 128489 87972.7 38459.6 32036.7 11800.3 23918.2 65044.5 15863.2 94672.2 45337.7 49181.3 892.25 49334.4 22416.5 48289 6422.84 22638.9 22928.2 20017.4 10448 14320.9 11424.2 5392.75 4104.95 3332.79 8392.42
internal_count=1255990 756301 499689 583559 536261 172742 409610 515659 352293 156168 130239 47298 97095 260460 63515 379755 181612 196945 3575 198143 90079 193370 25929 91962 91833 81348 41837 57317 45736 21592 16574 13454 33609
is_linear=0
shrinkage=0.0343682


Tree=39
num_leaves=34
num_cat=0
split_feature=2 2 19 4 19 4 5 8 25 25 2 16 0 16 8 0 16 2 12 0 2 2 16 0 0 21 16 16 10 2 8 5 16
split_gain=515.271 147.521 107.459 80.1729 77.7693 58.799 57.7755 42.8927 37.6053 35.8674 34.5025 28.229 23.5299 27.4051 22.7377 25.2098 30.6178 21.9673 21.8347 31.1383 22.3373 20.6987 19.555 18.4053 17.9039 17.6762 33.0565 17.6629 17.4028 17.7424 16.5077 16.3496 16.2283
threshold=0.21684750000000005 0.13680000000000003 1.0000000180025095e-35 0.37300850000000002 1.0000000180025095e-35 0.37749950000000004 0.48305300000000007 0.46866100000000005 1.5000000000000002 1.5000000000000002 0.28180050000000006 0.67928200000000005 4674.5000000000009 0.63884050000000014 0.56199150000000009 8875.5000000000018 0.46729150000000003 0.18677100000000002 2039.5000000000002 1402.5000000000002 0.12766550000000002 0.27212750000000002 0.58054750000000011 12456.500000000002 1943.5000000000002 1.0000000180025095e-35 0.48893350000000008 0.61728600000000011 0.12126150000000001 0.26638950000000006 0.58055550000000011 0.40588300000000005 0.72327850000000016
decision_type=8 10 2 10 2 10 10 10 2 2 8 10 2 10 10 2 10 10 2 2 10 10 10 2 2 2 10 10 10 10 10 10 10
left_child=1 9 3 7 5 8 10 21 17 18 11 27 13 -5 -9 28 -17 -3 20 -20 -1 22 -2 -19 -13 26 -14 -4 -16 -30 -10 -28 -8
right_child=2 4 6 12 -6 -7 32 14 30 -11 -12 24 25 -15 15 16 -18 23 19 -21 -22 -23 -24 -25 -26 -27 31 -29 29 -31 -32 -33 -34
leaf_value=0.0064659025267307753 0.00038254436990537566 0.0028542358699857277 -0.0031510667243667208 -0.0011661977493990566 -0.0017119917333844276 -6.5142205927426621e-05 0.0037433608167209242 5.0601709730260069e-05 7.404370792190882e-05 0.0018745855687338985 -0.0061667007714542206 5.4767681927716578e-05 -0.0016487404865246802 -0.0030504778737336486 0.0026871849127224966 0.0089381832186500223 -0.016641326826778064 0.001426540129418132 -0.00071636760181919971 0.0050406332361150816 0.0031082874149670303 -0.0030483291912422866 -0.0023964665676603461 0.0075435356755054247 0.01136907422658234 -0.0017315504769358642 0.0054838984790877027 -0.0073503250552966739 -0.0011769266069059882 0.0072245279029336815 0.0020402773410333457 -0.0073612198048101443 -0.0092958030309246709
leaf_weight=8974.0130013674498 7802.3931311666965 30035.223907426 11586.890467047691 50349.704396530986 11279.052940189838 28789.496730104089 1475.3877000808716 40017.611034914851 18302.716692835093 6874.2604430615902 6251.1071827411652 1059.9774319678545 2584.3580965846777 11132.939376488328 4878.7011926323175 867.05907422304153 59.035078823566437 29946.745329201221 1801.7800417244434 2889.2131001204252 3166.04805983603 6673.1255031526089 4849.9202296584845 592.50001086294651 195.69823461771011 4874.9175209850073 121.66389901936054 1317.6734795123339 3375.8359182476997 325.53536430001259 6961.9278079271317 3081.820305109024 122.07028006017208
leaf_count=36715 31227 121104 46430 201652 45216 115381 5912 160211 73484 27951 25228 4248 10355 44620 19595 3502 237 120253 7290 11837 12867 26741 19419 2395 784 19514 487 5285 13548 1304 28114 12375 489
internal_value=2.28556e-05 0.00147926 -0.00131391 -0.000965271 0.00101099 0.00127893 -0.0035474 -0.000126343 0.00172971 0.00396642 -0.00404001 -0.00310118 -0.00176587 -0.00150739 0.000409524 0.00192046 0.00730758 0.00219428 0.00482078 0.00282941 0.00559026 -0.00149957 -0.000682714 0.00154522 0.00181811 -0.00325627 -0.0045405 -0.00357985 0.001339 -0.000438019 0.000615859 -0.00687338 0.00274697
internal_weight=312616 149613 163003 140995 125908 114629 22008.8 68849.2 85839.1 23705.3 20411.3 14160.2 72145.4 61482.6 49523.8 9506.17 926.094 60574.5 16831.1 4690.99 12140.1 19325.4 12652.3 30539.2 1255.68 10662.8 5787.84 12904.6 8580.07 3701.37 25264.6 3203.48 1597.46
internal_count=1255770 602607 653163 564787 505947 460731 88376 275784 345350 96660 81975 56747 289003 246272 198397 38186 3739 243752 68709 19127 49582 77387 50646 122648 5032 42731 23217 51715 34447 14852 101598 12862 6401
is_linear=0
shrinkage=0.0343682


Tree=40
num_leaves=34
num_cat=0
split_feature=2 2 2 6 18 20 26 20 7 21 26 18 15 14 16 7 16 18 14 14 14 16 8 2 29 2 14 18 8 16 7 11 2
split_gain=498.731 170.479 63.4926 43.2587 42.5365 35.5391 33.3118 31.9318 31.5492 31.1605 31.1982 29.0704 36.2442 28.8653 28.6493 28.0043 26.2274 25.4561 24.1645 23.0941 22.5476 22.2261 20.9237 20.5502 19.74 19.2481 18.7981 18.7277 18.6196 18.6122 18.4752 18.4461 18.3198
threshold=0.22950900000000002 0.15122850000000002 0.30154250000000005 0.41707150000000009 0.080608550000000015 1.0000000180025095e-35 5.5000000000000009 1.0000000180025095e-35 0.39768250000000005 1.0000000180025095e-35 3.5000000000000004 0.22897250000000005 2674.5000000000005 0.15094450000000001 0.40773800000000004 0.61023000000000016 0.45593250000000002 0.097939150000000016 0.14892450000000004 0.15413250000000003 0.15094450000000001 0.48670450000000004 0.5343865000000001 0.17946150000000002 0.59500000000000008 0.10837000000000001 0.15987550000000003 0.39945350000000007 0.54652350000000005 0.69474000000000014 0.60030500000000009 0.27125200000000005 0.17799250000000003
decision_type=8 10 10 8 8 2 2 2 8 2 2 8 2 10 10 10 10 10 8 10 10 10 8 10 2 10 8 10 8 10 10 10 10
left_child=1 6 4 19 -2 13 18 9 -4 10 29 12 -12 23 -7 20 -14 21 25 -3 27 -16 24 -5 -15 28 -9 -11 -1 -6 -10 -21 -19
right_child=2 3 8 5 7 14 -8 26 30 15 11 -13 16 22 17 -17 -18 32 -20 31 -22 -23 -24 -25 -26 -27 -28 -29 -30 -31 -32 -33 -34
leaf_value=-0.01023910752792441 -0.00231101570827802 -0.00019137767872411186 -0.0057346059464436451 0.0018841257337877016 -0.0006073332138057029 -0.0023458226559116163 0.0018646367013640751 0.0013413056935614859 -0.0028083387864725347 0.00047551182652342519 -0.002037821670081675 -0.00076548184251935879 -0.00015011416435933939 -0.003085048475992174 0.011516991546159103 0.0043274029080173628 -0.0061670332164997814 0.005539671979123713 0.0019450781536230655 -0.003419491351174136 -0.0018431339201571753 -0.0035299611486155073 0.00059484024384478932 0.00066735282959192149 -0.00027627195580595985 0.0040548975540263682 -0.0027929768387505304 -0.0044337063719315411 0.0069851602999550831 0.0071025129680097115 0.0043795174659036224 0.008079043209285014 0.0025758838863718502
leaf_weight=75.446795225143433 33752.184968799353 16589.864586800337 5105.172923848033 22792.949985921383 11986.551546394825 1360.5837357342243 11880.791591435671 10127.253477811813 14021.206065282226 16560.974550500512 10934.638118356466 8089.9496188610792 1008.5954266637564 4641.2422189116478 129.94658629596233 1471.600934073329 5644.7118587642908 3265.4665087908506 4810.0222068727016 4287.1325937062502 9977.0388416498899 1076.7411609888077 15043.281478941441 58407.74020498991 8137.0316909402609 13668.89376911521 1490.2073471695185 971.70936678349972 4252.2122152149677 381.62024511396885 435.50014512240887 171.37878586351871 10029.909274384379
leaf_count=304 135243 66450 20606 91837 48015 5459 48140 40546 56281 66290 43815 32394 4038 18581 521 5905 22632 13176 19519 17163 39936 4317 60446 234369 32580 55537 5967 3889 17584 1529 1749 686 40260
internal_value=1.16033e-06 0.00117456 -0.00160495 0.000659785 -0.00129044 0.000902709 0.00334027 -0.000852439 -0.003412 -0.00114075 -0.0017875 -0.00247053 -0.00325481 0.00068156 0.00242264 -0.00029171 -0.00525491 0.00287002 0.00410898 -0.000781541 -0.000538804 -0.00190957 -0.000273822 0.0010089 -0.00129646 0.00468733 0.000810989 0.00020343 0.00668488 -0.000369446 -0.00259181 -0.0029775 0.00330382
internal_weight=312580 180621 131959 145933 112397 124885 34687.4 78644.9 19561.9 67027.4 38046.1 25677.9 17587.9 109022 15862.6 28981.3 6653.31 14502.1 22806.6 21048.4 27509.7 1206.69 27821.6 81200.7 12778.3 17996.6 11617.5 17532.7 4327.66 12368.2 14456.7 4458.51 13295.4
internal_count=1255764 726929 528835 585845 450199 501546 141084 314956 78636 268443 152423 102879 70485 437813 63733 116020 26670 58274 92944 84299 110115 4838 111607 326206 51161 73425 46513 70179 17888 49544 58030 17849 53436
is_linear=0
shrinkage=0.0343682


Tree=41
num_leaves=34
num_cat=0
split_feature=1 1 1 23 13 13 1 13 23 2 25 2 6 13 18 18 25 6 13 6 13 13 1 18 20 20 9 18 11 18 13 18 11
split_gain=548.645 155.265 100.692 63.3651 53.4309 53.2943 40.8047 38.4429 35.1315 32.001 31.4205 30.1753 29.7717 27.3792 27.0266 29.467 26.4888 26.4064 25.8877 21.8705 21.1086 19.9208 18.6818 17.8571 16.9134 16.085 15.8275 15.205 15.1545 15.1464 14.9275 14.2482 13.7938
threshold=0.54448200000000013 0.50440950000000007 0.5898095000000001 1.0000000180025095e-35 0.48921550000000008 0.51503750000000015 0.45455350000000005 0.50897950000000003 1.0000000180025095e-35 0.10837000000000001 1.5000000000000002 0.25305350000000004 0.37987350000000003 0.54894150000000008 0.080608550000000015 0.37857950000000001 1.5000000000000002 0.29442750000000006 0.55332950000000014 0.39228100000000005 0.47699950000000008 0.52697650000000007 0.57119350000000013 0.044702100000000002 1.0000000180025095e-35 1.0000000180025095e-35 0.34503300000000009 0.037458750000000006 0.14407700000000004 0.39945350000000007 0.45834300000000006 0.060962050000000011 0.20215700000000003
decision_type=8 10 10 2 8 8 10 8 2 10 2 10 8 10 10 10 2 8 8 8 10 8 10 10 2 2 10 10 8 10 10 10 8
left_child=1 3 5 6 30 20 -1 27 14 24 18 26 -11 19 -6 28 23 -13 -7 -10 25 -19 -12 -14 -9 -2 -5 -4 -16 -21 -3 -22 -15
right_child=2 4 7 11 8 10 -8 9 13 12 22 17 16 32 15 -17 -18 21 -20 29 31 -23 -24 -25 -26 -27 -28 -29 -30 -31 -32 -33 -34
leaf_value=-0.0032031387357768218 -0.003803010706622395 -0.00012732498715589745 -0.0049407982616084733 -0.0016089638254641583 -0.0012739148140934627 0.0015727134231230293 -0.00073384283564365915 0.0049747934078191915 -0.0032544741300291813 -0.0026455255364664313 -0.00036593225993019176 -0.0069525061890662659 0.001140518488590827 0.00097978453895245215 0.0020212299042004964 -0.0026162083627000207 0.0017684750199231164 -0.0043199032083362995 0.0033806328755469532 -0.00097247678020893999 -0.0030696263945495929 -0.0024498551826102042 0.0019616363716285826 0.0045477684072606685 0.009254203781175304 0.0032908773592137527 -0.0074481550025111915 0.0012613327836035963 0.00063282035809176347 0.0032078630883081642 -0.0041922587898545411 0.00042693507203710884 -0.0026401289616142321
leaf_weight=10096.703037023544 2970.2533692866564 1369.577017351985 510.73044142127037 14495.280388966203 7216.1281755417585 30596.550576463342 36407.466654956341 4406.6916083097458 5127.3492266535759 981.06580381095409 11968.635216742754 2710.2608719021082 2045.6712748259306 12580.164632067084 16722.571207940578 2481.8673280030489 7743.8100070655346 13580.856454655528 13475.278567716479 27665.346685633063 1525.4130401313305 13335.239492580295 6174.3503208458424 16242.477010697126 1449.7682262808084 432.52020078897476 569.86032052338123 5439.7604484111071 20880.501587644219 1063.1083681285381 4831.171662658453 14105.662655130029 1379.740644171834
leaf_count=40547 11908 5483 2057 58053 28893 122998 145738 18104 20530 3942 48057 10929 8266 50406 67041 9938 31371 54591 54314 110790 6119 53496 24879 65988 6084 1736 2285 22011 83612 4256 19342 56612 5526
internal_value=7.82874e-06 -0.00112929 0.00183104 -0.00215806 -0.000203294 0.00114308 -0.00126996 0.0032709 -1.78009e-06 0.00373107 0.00162994 -0.00308218 0.00323175 -0.000658722 0.00066231 0.00101087 0.00345325 -0.003719 0.0021255 -0.00118681 -0.000448295 -0.00339341 0.000426177 0.00416664 0.00603416 -0.00290132 -0.00182984 0.000729004 0.00125026 -0.000817782 -0.00329443 8.57109e-05 0.000622007
internal_weight=312582 192513 120069 91195.7 101318 81248.7 46504.2 38820 95116.8 32869.5 62214.8 44691.5 27013 47815.7 47301.1 40084.9 26032 29626.4 44071.8 33855.8 19033.8 26916.1 18143 18288.1 5856.46 3402.77 15065.1 5950.49 37603.1 28728.5 6200.75 15631.1 13959.9
internal_count=1255902 771456 484446 365639 405817 326623 186285 157823 380992 133755 250248 179354 109567 191508 189484 160591 105625 119016 177312 135576 76375 108087 72936 74254 24188 13644 60338 24068 150653 115046 24825 62731 55932
is_linear=0
shrinkage=0.0343682


Tree=42
num_leaves=34
num_cat=0
split_feature=1 1 1 13 13 0 19 5 1 19 6 0 0 8 8 2 0 12 13 13 2 19 0 5 13 12 13 2 8 8 6 0 13
split_gain=532.934 134.419 89.4329 67.0529 47.2631 38.6809 37.9142 38.2445 35.6671 30.6642 28.9411 28.9332 30.7252 31.2169 25.26 24.7691 27.4841 24.0615 23.3678 21.7924 20.7686 19.3493 19.7666 18.9894 21.9485 21.3808 18.9647 18.713 18.5676 17.0517 16.9596 16.9109 16.7583
threshold=0.52821350000000011 0.57119350000000013 0.47320350000000005 0.54065950000000018 0.48443300000000006 1271.5000000000002 1.0000000180025095e-35 0.46865350000000006 0.50571350000000004 1.0000000180025095e-35 0.34391800000000006 9693.5000000000018 1921.5000000000002 0.53021700000000005 0.56442500000000007 0.084447900000000006 196.50000000000003 39.500000000000007 0.48443300000000006 0.53602850000000013 0.10837000000000001 1.0000000180025095e-35 4338.5000000000009 0.40853450000000008 0.50897950000000003 256.50000000000006 0.47699950000000008 0.14209250000000004 0.54116400000000009 0.50147050000000004 0.54749350000000008 1096.5000000000002 0.47699950000000008
decision_type=8 10 10 10 8 2 2 10 10 2 8 2 2 8 10 10 2 2 8 8 10 2 2 10 10 2 10 10 8 10 8 2 8
left_child=2 6 9 5 -4 20 18 32 10 19 -6 12 13 -10 -13 -5 17 -17 -2 -1 -3 -12 -23 25 -25 -22 -7 -28 -19 -18 31 -26 -8
right_child=1 3 4 15 8 26 7 -9 11 -11 21 14 -14 -15 -16 16 29 28 -20 -21 23 22 -24 24 30 -27 27 -29 -30 -31 -32 -33 -34
leaf_value=-0.0031695389746105437 -0.0015728109505781644 0.0032832063857365056 -0.0039945060704763636 0.0072097809894525293 -0.003743226286285655 -0.0011885523113640496 -0.010137482234652093 0.0026658172068288106 0.0014472411985537044 -0.0049587220491278611 -0.00090691316147984682 0.00049986240378398087 -0.0010730101535552114 -0.0012519115423946911 0.0095649906266847065 0.0092780123651383939 -1.4052304658216645e-05 0.0099097930437971118 0.00092970253948730219 -0.001208058556461309 0.0060684729279614717 -0.0021745885004889375 -0.0077498190200148524 -0.0026398931337522601 -0.00274767663293195 -0.0068402236102716816 0.0044384351674676865 0.0020841903780473392 -0.0017890242007471669 0.0040734340191888223 0.002460557900281731 0.0074180218646412157 -0.0022946304541093705
leaf_weight=18114.94376654923 4657.8915859013796 1822.961268439889 5833.3762411177158 2310.6704901456833 5751.0843677222729 1671.4753318578005 337.22944954037666 2037.8578096181154 16106.714294746518 7161.9119525551796 42867.783145383 809.19553934037685 29016.009683981538 7380.1862222999334 658.57500600814819 306.69385947287083 1270.657546967268 172.69060958921909 81947.353391066194 10608.370777994394 179.28705683350563 5312.8264501988888 874.82292002439499 2780.5625635832548 1653.5041821748018 979.84373180568218 5111.1882653236389 18147.777001947165 2223.5749824047089 23510.561950579286 3668.3727900981903 218.8749076128006 7037.201727181673
leaf_count=72720 18660 7433 23363 9629 23068 6740 1350 8167 64481 28911 171609 3242 116153 29559 2666 1241 5100 694 328868 42528 721 21302 3512 11202 6655 3932 20878 73119 9000 95476 14837 882 28191
internal_value=2.31353e-05 0.00139081 -0.00144951 0.00258446 -0.000980705 0.00159131 0.000569967 -0.00150164 -0.000819084 -0.00294677 -0.00143665 -0.000191952 -0.000325001 0.000599098 0.0045673 0.00379224 0.00350491 0.000214139 0.00079511 -0.00244511 -7.63499e-05 -0.00116624 -0.00296283 -0.000722347 -0.000148272 -0.00484359 0.00234743 0.00260154 -0.000945931 0.00386385 0.00110212 -0.00155934 -0.00265328
internal_weight=312542 162046 150496 66028.7 114611 36233.8 96017.5 9412.29 108777 35885.2 54806.5 53970.7 52502.9 23486.9 1467.77 29794.8 27484.2 2702.96 86605.2 28723.3 11303.4 49055.4 6187.65 9480.45 8321.31 1159.13 24930.4 23259 2396.27 24781.2 5540.75 1872.38 7374.43
internal_count=1255889 652775 603114 267539 458955 146399 385236 37708 435592 144159 219491 216101 210193 94040 5908 121140 111511 10935 347528 115248 45662 196423 24814 38229 33576 4653 100737 93997 9694 100576 22374 7537 29541
is_linear=0
shrinkage=0.0343682


Tree=43
num_leaves=34
num_cat=0
split_feature=8 8 26 14 15 14 12 15 6 12 3 25 6 6 25 6 26 8 15 3 3 12 15 16 17 21 15 16 16 3 16 26 6
split_gain=270.239 74.3923 61.7623 58.9954 37.3102 37.0006 34.0592 28.9554 28.652 23.8556 23.0287 22.973 23.4004 21.7251 20.8129 20.0663 19.3715 19.2602 26.6086 19.2237 18.4356 18.1162 18.0563 17.7875 29.8363 20.6132 26.9791 20.4515 17.7649 17.1211 17.0026 16.9953 16.4268
threshold=0.50147050000000004 0.55739400000000006 4.5000000000000009 0.14216950000000003 275.50000000000006 0.14905950000000004 2303.5000000000005 262.50000000000006 0.33184500000000006 94.500000000000014 0.16339000000000004 1.5000000000000002 0.33484850000000005 0.45365600000000006 1.5000000000000002 0.46190100000000006 4.5000000000000009 0.6019810000000001 330.50000000000006 0.090693050000000011 0.13809850000000004 225.50000000000003 9060.5000000000018 0.51824850000000011 0.32264950000000009 1.0000000180025095e-35 1703.5000000000002 0.64080150000000013 0.47147600000000006 0.15825650000000005 0.78088200000000019 3.5000000000000004 0.62778350000000016
decision_type=8 10 2 8 2 10 2 2 10 2 10 2 8 10 2 10 2 10 2 10 10 2 2 10 10 2 2 10 10 10 10 2 10
left_child=3 5 17 7 6 11 13 16 -5 -7 14 12 -2 -4 15 -6 -1 -3 -19 -20 -17 -10 -21 29 25 26 -25 -26 -23 -9 -28 -14 -30
right_child=1 2 4 8 10 9 -8 23 21 -11 -12 -13 31 -15 -16 20 -18 18 19 22 -22 28 -24 24 27 -27 30 -29 32 -31 -32 -33 -34
leaf_value=0.0052912753768948632 -0.0029998097119726735 0.0019498572066505423 -0.007712137021984527 -0.0036921105476443823 -0.00065254237651181911 0.0038680636865547381 -0.0071317099697802873 0.0008317019523966339 0.0012733800747216379 -0.00098489295610011619 -0.0017589209057265265 -0.00036223801952172421 0.0019685686359431857 0.00024445434243729175 7.6272331876248546e-05 0.0029478716477651379 0.00072359715238852886 -0.00052854318870145022 0.0079480015147958931 0.0032103027408790104 0.0010563646673176141 -0.00056499606933485547 0.0081457563100249143 0.0001680464201551118 -0.0023836751699128594 0.0011803716958146652 -0.0026776311716393019 -0.0089971714483264107 -0.0022294893133433945 -0.0015696733620514038 -0.015576934736942712 0.00064421267095429258 0.00031802030589896531
leaf_weight=1515.0587197691202 1655.602515399456 24240.130449458957 449.70835454761982 9184.0803924202919 3459.6880747824907 1245.5750932395458 1162.0967864394188 13198.251915127039 2432.0158592164516 30330.426391720772 3142.0568327307701 19934.010728105903 18644.632210969925 4108.6252150386572 11686.896708965302 14266.530832871795 3971.5921038389206 1717.8630896806717 1322.2424624115229 11431.785839140415 10614.780257955194 11848.776426061988 948.18572624027729 7469.2599410116673 8492.1417859345675 6343.1891282945871 5718.3390599787235 590.72096665203571 43585.660318315029 4775.9363369047642 123.29971049726009 29641.942452609539 3209.9322780370712
leaf_count=6074 6635 97810 1806 36905 13891 5002 4669 52856 9746 121515 12623 79950 74838 16598 47109 57687 15924 7001 5604 46511 42796 47449 3845 29935 34033 25397 22924 2376 174755 19140 495 118940 12862
internal_value=6.83483e-06 0.000818257 0.00154616 -0.00125214 0.000728662 0.000182917 -0.00187951 -0.000376956 -0.00190234 -0.000793459 0.00107427 0.000624127 0.00101783 -0.000540514 0.00129667 0.00179991 0.00198489 0.00255393 0.00350351 0.00400901 0.00214092 -0.00163321 0.00358831 -0.000654377 -0.00118478 -0.000431958 -0.0012003 -0.0028138 -0.00175375 0.000193631 -0.0029499 0.00115558 -0.00205474
internal_weight=312461 190003 88550.6 122458 48890.4 101452 5720.43 52197.8 70260.5 31576 43170 69876.2 49942.2 4558.33 40027.9 28341 5486.65 39660.2 15420.1 13702.2 24881.3 61076.4 12380 46711.1 28737 19654.1 13310.9 9082.86 58644.4 17974.2 5841.64 48286.6 46795.6
internal_count=1255701 764830 357950 490871 197179 406880 23073 209154 281717 126517 174106 280363 200413 18404 161483 114374 21998 160771 62961 55960 100483 244812 50356 187156 115160 78751 53354 36409 235066 71996 23419 193778 187617
is_linear=0
shrinkage=0.0343682


Tree=44
num_leaves=34
num_cat=0
split_feature=2 2 4 19 13 19 18 3 18 5 13 20 3 2 2 3 4 18 0 13 14 2 0 7 13 0 4 7 0 18 0 13 14
split_gain=402.849 130.276 88.7938 69.1444 50.4766 41.5594 38.1562 47.7809 33.8789 32.266 28.7891 22.6135 31.5118 23.7679 22.605 22.513 28.3316 23.4377 23.8123 21.4906 21.0256 20.6724 20.6524 20.265 19.8909 19.8722 19.1023 24.6726 19.0436 17.9839 16.8147 16.2932 15.9389
threshold=0.22999900000000004 0.15122850000000002 0.37267850000000008 1.0000000180025095e-35 0.50942150000000008 1.0000000180025095e-35 0.13358700000000004 0.13178500000000001 0.047269600000000009 0.48305300000000007 0.54008250000000013 1.0000000180025095e-35 0.15164450000000004 0.29368200000000005 0.34211950000000008 0.099833550000000007 0.37694750000000005 0.15887300000000001 905.50000000000011 0.57108350000000019 0.14725650000000004 0.31145550000000005 13423.000000000002 0.46507550000000003 0.48161400000000004 4140.5000000000009 0.39860300000000004 0.47172950000000008 2101.5000000000005 0.073043050000000012 172.50000000000003 0.48282000000000008 0.11619150000000002
decision_type=10 8 8 2 8 2 10 10 8 10 10 2 10 10 10 10 10 10 2 8 8 10 2 8 8 2 10 10 2 10 2 10 8
left_child=1 4 5 6 -1 10 7 19 -4 21 20 -9 -13 28 31 -6 -17 18 -18 26 -3 25 -7 -22 -10 -5 -2 -28 -14 -30 -16 -8 -26
right_child=3 2 8 9 15 22 14 11 24 -11 -12 12 13 -15 30 16 17 -19 -20 -21 23 -23 -24 -25 32 -27 27 -29 29 -31 -32 -33 -34
leaf_value=-0.00021303929232884919 0.00023201420128634404 0.0016170515000731923 -0.0030591622734472443 -0.00270180916673032 0.0058478563337533906 -0.00091386261491814504 -0.0031490753409696877 -0.0028819539774681429 -0.0035151486073243731 0.002437155009478401 0.0022130924183147269 0.0018290103244660088 -0.0032719428058454857 -0.0052248922765589555 -9.759370202446906e-05 0.0038039027364269672 0.00096053810553603633 0.0032022734106869725 -0.0054785516994710357 0.0031752037971460732 -0.002207560097653992 -0.0062731827116505427 -0.024007034369898907 0.00062117328190745022 0.0021561279297418034 -0.0064656028825212375 -0.00018275518658277527 -0.0056786366664554567 -0.0018408574514168674 0.004491678824663131 -0.0091254460420003188 -0.00030583901912154476 -0.00030335359782231766
leaf_weight=5118.4273117631674 8898.19626557827 27411.496435150504 5829.0008550286293 12602.656430453062 4098.1221590638161 8976.456499889493 2489.9799021333456 29883.948027580976 2118.3726778924465 1057.4105046838522 33462.169477030635 3186.9277197420597 1929.9732556194067 2221.2835254520178 400.79065629839897 18519.846109852195 2481.4896104633808 3500.0655411630869 933.58577133715153 2010.559333845973 3398.1046874821186 3137.6217157691717 45.97654490172863 24994.408091574907 3392.9169225394726 1907.7685361504555 2146.7526793032885 1752.4627302438021 1020.6712934821844 1101.2533205002546 621.68484787642956 54213.519671142101 37634.965007305145
leaf_count=20728 35648 110221 23345 50594 17009 35991 9974 119797 8481 4237 134739 12776 7729 8939 1607 75438 10019 14208 3753 8054 13600 12714 184 100404 13606 7672 8611 7016 4087 4407 2511 217097 150752
internal_value=-3.6813e-06 0.00104179 0.000595656 -0.00146013 0.00293781 0.00119137 -0.00113676 -0.00179206 -0.000599882 -0.00339423 0.00141605 -0.00241837 -0.000953926 -0.00236772 -0.000522018 0.00348389 0.003103 0.00122587 -0.000799728 -0.000128004 0.000938107 -0.00374363 -0.00103154 0.000282622 -0.000267637 -0.00319666 -0.000646961 -0.00265282 -0.000801401 0.00144565 -0.0055867 -0.000430692 -9.99598e-05
internal_weight=312499 181915 147264 130583 34651.5 98288.6 111878 54152 48975.3 18705.5 89266.2 39344.1 9460.11 6273.18 57726 29533.1 25435 6915.14 3415.08 14808 55804 17648 9022.43 28392.5 43146.3 14510.4 12797.4 3899.22 4051.9 2121.92 1022.48 56703.5 41027.9
internal_count=1255948 732478 591323 523470 141155 395139 448253 217064 196184 75217 358964 157735 37938 25162 231189 120427 103418 27980 13772 59329 224225 70980 36175 114004 172839 58266 51275 15627 16223 8494 4118 227071 164358
is_linear=0
shrinkage=0.0343682


Tree=45
num_leaves=34
num_cat=0
split_feature=8 4 13 24 13 15 13 3 8 18 15 15 23 28 29 8 4 23 15 13 24 3 3 12 18 4 13 5 18 5 3 23 18
split_gain=232.321 123.933 85.7663 59.4689 54.0962 42.1733 39.9453 36.1085 34.3783 32.3394 32.3218 31.7361 29.0469 28.9355 27.3509 28.5661 27.1765 27.0527 25.8004 24.8556 24.7154 23.837 22.1149 21.864 21.5097 21.0395 20.8734 19.3316 18.9477 28.0369 19.4838 18.2088 32.406
threshold=0.50147050000000004 0.37267850000000008 0.56283650000000007 2.5000000000000004 0.52000550000000012 344.50000000000006 0.53392750000000011 0.097668100000000008 0.55178150000000004 0.20967900000000003 330.50000000000006 8351.5000000000018 1.0000000180025095e-35 1.0000000180025095e-35 0.45500000000000007 0.65532550000000012 0.38231350000000003 1.0000000180025095e-35 4926.5000000000009 0.5595770000000001 2.5000000000000004 0.15825650000000005 0.14035150000000005 317.50000000000006 0.081778000000000017 0.32790300000000006 0.51475550000000003 0.43000200000000005 0.013178750000000001 0.45521250000000008 0.12920250000000003 1.0000000180025095e-35 0.18310150000000003
decision_type=8 8 8 2 10 2 8 10 10 10 2 2 2 2 2 8 10 2 2 8 2 10 10 2 10 10 10 10 10 10 10 2 10
left_child=3 4 5 6 13 23 12 9 -6 -7 19 18 -1 20 -4 -16 -14 -5 -9 -8 24 25 27 -3 -2 -10 -25 -20 29 -12 -30 32 -27
right_child=1 2 14 17 8 7 10 11 21 -11 28 -13 16 -15 15 -17 -18 -19 22 -21 -22 -23 -24 26 -26 31 -28 -29 30 -31 -32 -33 -34
leaf_value=-0.0007613473671986865 -0.0028842440072408297 -2.2689074363615999e-05 -5.9855569075962022e-05 -0.0019440084999891071 0.0010974069064046241 -0.0013771066025841832 0.00010419534525426184 -0.001001623166935664 0.0045412552405439616 0.0076579457451905119 -0.006105048004582214 -0.0082983553524058184 -0.0013093846691209199 0.0013767267562765186 0.0024845839209070796 0.0081885214999233621 -0.0033179090549303007 -0.0054068979389201152 0.0056951518950656308 0.0046841432814528445 -0.0046347540183548155 0.00030905116988951995 -0.00072454384734296816 -0.00767479190072774 0.00028257659997242313 0.0018308997300999334 -0.0031393396478241581 -0.0073489925986633094 0.0013716464166652102 0.00089822071832625528 -0.00065168784166130822 0.0016900306718850378 0.0047585496386775119
leaf_weight=36662.032666355371 2979.1220695972443 1875.761342599988 4109.3811481446028 5578.2904558926821 38990.894069939852 793.4133473187685 2858.918105006218 36955.7180570364 6448.945643633604 1140.6721194833517 1619.3612913489342 665.37819476425648 18506.90292391181 16977.899976953864 6277.2262851297855 1242.3418319374323 13958.562669709325 5101.7611383348703 1703.4209330528975 2742.0829439461231 1597.1221651732922 5403.6274022608995 1747.554177865386 1578.1974537372589 16932.046741068363 9501.9837191104889 4982.8448657989502 145.67634618282318 7085.8638807088137 1158.107167378068 27202.122454836965 19533.143998205662 8425.8791316300631
leaf_count=146871 11964 7547 16538 22353 156548 3188 11463 148167 26265 4796 6502 2664 74173 68242 25281 5147 56151 20491 6860 10990 6411 21831 6994 6327 68084 38463 19989 583 28381 4640 108983 79003 34121
internal_value=1.92293e-05 0.000771588 -0.000471461 -0.00114799 0.00139137 -0.00107248 -0.000913916 -0.000637984 0.00186003 0.00395153 -8.69967e-05 -0.00085334 -0.0014243 0.000316055 0.0021948 0.00342696 -0.00217295 -0.0035982 -0.000731183 0.0023464 -0.000521203 0.00246301 0.0020476 -0.00329482 -0.000191245 0.00272808 -0.0042303 0.0046675 -0.00045471 -0.00318493 -0.000233551 0.00241595 0.00320686
internal_weight=312482 190008 63217.6 122474 126791 51588.6 111794 43151.8 88304.5 1934.09 42666.5 41217.7 69127.5 38486.2 11628.9 7519.57 32465.5 10680.1 40552.4 5601 21508.3 49313.6 3596.65 8436.8 19911.2 43910 6561.04 1849.1 37065.5 2777.47 34288 37461 17927.9
internal_count=1256011 765013 254081 490998 510932 207115 448154 173252 356231 7984 170959 165268 277195 154701 46966 30428 130324 42844 162604 22453 86459 199683 14437 33863 80048 177852 26316 7443 148506 11142 137364 151587 72584
is_linear=0
shrinkage=0.0343682


Tree=46
num_leaves=34
num_cat=0
split_feature=8 4 14 14 25 14 24 18 24 4 6 6 25 8 23 18 6 18 24 4 18 28 24 10 9 18 8 10 4 25 14 18 10
split_gain=221.549 118.242 57.5998 48.2995 44.9913 40.0223 33.535 31.8104 27.5786 27.5642 27.4195 26.4285 30.3553 25.1466 24.5151 28.2366 23.3764 23.1784 21.7653 20.1632 19.8442 19.7404 19.3574 19.3238 17.1792 16.847 16.4833 15.743 15.6076 15.5701 15.0419 14.6687 14.4434
threshold=0.50147050000000004 0.37267850000000008 0.14216950000000003 0.13491250000000002 1.5000000000000002 0.15008550000000001 2.5000000000000004 0.11248200000000001 2.5000000000000004 0.38156750000000006 0.55603900000000006 0.60084750000000009 1.5000000000000002 0.6019810000000001 1.0000000180025095e-35 0.078241700000000011 0.33184500000000006 0.34559050000000008 1.5000000000000002 0.41987700000000006 0.38727550000000005 1.0000000180025095e-35 2.5000000000000004 0.176569 0.46862750000000003 0.026201800000000001 0.58055550000000011 0.17726550000000002 0.36319250000000008 1.0000000180025095e-35 0.14113850000000003 0.073043050000000012 0.14518800000000004
decision_type=8 8 8 10 2 10 2 10 2 10 8 10 2 10 2 10 10 10 2 8 10 2 2 8 10 10 10 10 10 2 10 10 10
left_child=2 4 18 11 5 13 9 19 -9 29 -7 -3 17 14 15 25 -11 -13 31 -5 -17 -12 -16 -21 26 -2 27 30 -15 -4 -6 -1 -27
right_child=1 3 6 7 24 10 -8 8 -10 16 21 12 -14 28 22 20 -18 -19 -20 23 -22 -23 -24 -25 -26 32 -28 -29 -30 -31 -32 -33 -34
leaf_value=-0.00087388386388395503 0.0031490662650630846 -3.4874074297194717e-05 -0.0017583205880004769 -0.0018293090547052333 0.0003347791276829476 -0.00060244245290858077 -0.0042284212410127415 -5.6905675115210892e-05 -0.0040111734039360233 -0.0045885892702147964 0.00049904104157685197 0.0029531927364045397 -0.0010855365005738493 0.0039916260371978957 0.0012927905396926448 0.0033570596111216437 -0.0019186011718950607 0.0097490070294975351 -0.0014432430866235634 -0.0071954139588168457 -0.0012326993291394228 0.0032343481677931619 -0.0035742287345281103 -0.0011984713424872009 0.013888821655162547 -0.0036019511879712071 0.0013401885225401426 0.0012696038028702633 0.00072528361531228535 -0.00033297553751855723 -0.0016145002210181062 0.00059061622599730689 0.0014679148364519182
leaf_weight=11550.115948796272 1342.9801612049341 15193.679682612419 15713.198324933648 12841.913105666637 8832.5229001939297 11866.860306411982 6024.9868387579918 22518.215036079288 2295.7034381181002 4677.6674798727036 7115.9756898581982 4815.7627484500408 2079.808896780014 11814.03548066318 24108.339529380202 20360.255389764905 22522.159891322255 676.02667057514191 13742.5437887609 1784.5173250585794 1176.9982991367579 5544.7706193774939 1005.4954944103956 984.97801660001278 110.36996613442898 1636.8135234713554 12320.223198384047 6462.4268809258938 2023.961237937212 21355.329074561596 9936.1165929883718 26876.302984341979 1116.4464520812035
leaf_count=46311 5404 61033 62939 51453 35515 47609 24189 90451 9212 18839 28673 19431 8421 48126 97029 82024 90408 2877 55082 7157 4743 22338 4038 3953 443 6587 49892 25940 8224 85538 39861 107671 4489
internal_value=5.27516e-06 0.000740096 -0.00113459 -0.0004744 0.00134546 0.00176637 -0.00177671 -0.00118744 -0.000422742 -0.00154687 0.000584475 0.000791771 0.00245057 0.00221521 0.00186109 0.00260877 -0.00237777 0.00378974 -0.000269388 -0.0024029 0.00310623 0.00169697 0.00109793 -0.00506259 0.000349537 -6.77221e-06 0.000309742 -0.00019342 0.00351389 -0.000937174 -0.000697169 0.00015042 -0.00154612
internal_weight=312428 189965 122462 63190.6 126775 89112.9 70293.3 40425.3 24813.9 64268.4 24527.6 22765.3 7571.6 64585.3 50747.3 25633.5 27199.8 5491.79 52169 15611.4 21537.3 12660.7 25113.8 2769.5 37661.7 4096.24 37551.3 25231.1 13838 37068.5 18768.6 38426.4 2753.26
internal_count=1255900 764923 490977 253988 510935 359284 281913 162226 99663 257724 98620 91762 30729 260664 204314 103247 109247 22308 209064 62563 86767 51011 101067 11110 151651 16480 151208 101316 56350 148477 75376 153982 11076
is_linear=0
shrinkage=0.0343682


Tree=47
num_leaves=34
num_cat=0
split_feature=2 2 19 19 2 25 2 2 3 15 6 25 15 28 8 3 8 3 8 11 15 6 3 3 15 28 11 2 15 8 8 3 6
split_gain=354.986 92.5026 66.4056 60.485 37.7175 31.4768 29.428 25.4225 24.1716 24.6685 23.2976 22.1555 21.4962 22.3053 20.7377 18.7133 28.6162 18.2942 19.8435 17.169 23.0137 16.9291 15.3411 15.1995 15.7918 15.0187 18.7796 17.9513 14.4736 14.5042 14.2508 13.9342 14.0254
threshold=0.21495550000000005 0.13680000000000003 1.0000000180025095e-35 1.0000000180025095e-35 0.24307100000000004 1.5000000000000002 0.27632650000000009 0.17721650000000003 0.13833900000000002 12456.500000000002 0.49099000000000004 1.5000000000000002 2474.5000000000005 2.5000000000000004 0.35647900000000005 0.12770050000000002 0.53154050000000008 0.11811100000000001 0.72824650000000013 0.092451400000000017 3072.5000000000005 0.33184500000000006 0.13310950000000002 0.15035050000000003 800.50000000000011 1.0000000180025095e-35 0.19567550000000003 0.21224800000000002 7575.5000000000009 0.48136650000000009 0.5188775000000001 0.13178500000000001 0.35198250000000003
decision_type=8 10 2 2 10 2 8 10 10 2 8 2 2 2 8 10 10 10 10 10 2 10 10 10 2 2 8 10 2 10 10 10 10
left_child=1 5 4 7 10 17 12 11 -9 -10 15 -3 13 23 31 16 30 18 -1 20 -12 -14 -13 -4 -25 -5 27 -27 29 -16 -2 32 -6
right_child=2 3 6 25 14 -7 -8 8 9 -11 19 22 21 -15 28 -17 -18 -19 -20 -21 -22 -23 -24 24 -26 26 -28 -29 -30 -31 -32 -33 -34
leaf_value=0.0062676094171232122 0.0017919516346097039 0.0022741409496687846 -0.001828637622304851 -0.0027413065022605437 -0.003443048495782264 0.001235547227076152 -0.0046106037410166608 0.0014449211226034812 3.8788262265666665e-05 0.0064444464550212468 0.00065169969883780668 -0.00092085956148949867 -0.0097021302303960354 -0.010039942403627388 -0.0015207840160446117 -0.0013965499135913033 -0.0028041173555238964 0.0032772033333582883 -0.004309959450339817 0.00010666612776035096 0.0060229155962903931 -0.0030420905476364161 0.0015849628166667697 -0.0020085085561584257 0.0026749761887556889 -0.00061152030856926731 0.0043143982828270002 -0.010376063635310904 -0.0027947009674575887 -0.00055031513469359168 0.0078147028789417455 -0.0055463103735440347 0.0098190657812609519
leaf_weight=4598.6008103787899 2624.3794126808643 29208.704919561744 5174.3464033603668 6025.30875210464 256.88548350334167 6867.7786770015955 7400.0669010132551 29231.776821941137 40306.623643100262 722.85268335044384 2841.9967479854822 5059.8359953612089 493.43020582199097 307.22333782911301 39731.019915357232 21503.979234069586 1576.1580809354782 11952.209407642484 219.48711207509041 31718.600024417043 1409.5422396212816 5219.1739362776279 6716.5259869843721 1304.1588832437992 2443.8991743773222 3790.6658010035753 897.04088950157166 236.24491634964943 6287.4261845648289 33552.050725027919 563.72698359191418 2071.2338232249022 148.7194055467844
leaf_count=19071 10504 117914 20738 24160 1033 27995 29916 117488 161695 2924 11405 20416 1985 1232 159326 86098 6315 48747 902 127094 5680 20927 27068 5231 9795 15203 3594 946 25199 134328 2258 8350 597
internal_value=-1.09274e-05 0.00122733 -0.00109465 0.000846625 -0.000824668 0.00319533 -0.0028382 0.00108651 0.000689703 0.000151642 -0.00018667 0.00176676 -0.00196042 -0.000934875 -0.00130863 -0.000964777 0.000984074 0.00399791 0.00578575 0.000381566 0.00243246 -0.00361736 0.00050831 -0.000621362 0.00104533 -0.00159065 -0.000182611 -0.00118437 -0.00121223 -0.00107646 0.00285691 -0.00440557 0.00141965
internal_weight=312462 145834 166628 122196 144286 23638.1 22342.3 111246 70261.3 41029.5 62238.4 40985.1 14942.2 9229.63 82047.3 26268.2 4764.26 16770.3 4818.09 35970.1 4251.54 5712.6 11776.4 8922.4 3748.06 10949.3 4923.95 4026.91 79570.5 73283.1 3188.11 2476.84 405.605
internal_count=1256134 588123 668011 491408 578187 96715 89824 447505 282107 164619 249354 165398 59908 36996 328833 105175 19077 68720 19973 144179 17085 22912 47484 35764 15026 43903 19743 16149 318853 293654 12762 9980 1630
is_linear=0
shrinkage=0.0343682


Tree=48
num_leaves=34
num_cat=0
split_feature=19 7 6 14 14 20 3 14 7 3 0 7 7 0 16 28 10 0 20 3 0 14 0 3 6 16 23 10 14 10 3 0 0
split_gain=164.411 135.559 48.7972 41.0067 32.0806 30.0504 33.4409 28.174 24.8956 19.9108 22.1685 22.4392 19.8895 18.975 18.8259 18.0987 17.8287 24.1258 16.8639 21.3356 16.0213 15.7174 15.4748 16.2585 15.0151 15.0034 14.9653 14.8301 18.2299 15.7785 14.8161 14.7394 14.4823
threshold=1.0000000180025095e-35 0.49220800000000003 0.55898200000000009 0.14302550000000003 0.14991550000000001 1.0000000180025095e-35 0.11069650000000002 0.13952050000000002 0.39513300000000001 0.16488450000000002 124.50000000000001 0.57293550000000015 0.39223250000000004 1029.5000000000002 0.38645200000000007 1.0000000180025095e-35 0.16431100000000001 6785.5000000000009 1.0000000180025095e-35 0.19872050000000005 9259.5000000000018 0.13562750000000004 33.500000000000007 0.15859050000000005 0.14550250000000003 0.36725150000000006 1.0000000180025095e-35 0.18703650000000002 0.13454550000000001 0.19301600000000002 0.12371200000000002 209.50000000000003 6785.5000000000009
decision_type=2 8 10 10 10 2 10 10 10 10 2 10 8 2 10 2 10 2 2 10 2 8 2 10 10 10 2 10 10 10 10 2 2
left_child=1 3 4 22 -3 9 31 -2 -5 10 -4 25 -9 -11 -8 -14 17 -15 24 32 21 -13 -1 27 -10 -12 -22 28 -24 -29 -26 -7 -20
right_child=7 2 5 8 -6 6 14 12 18 13 11 20 15 16 -16 -17 -18 -19 19 -21 26 -23 23 -25 30 -27 -28 29 -30 -31 -32 -33 -34
leaf_value=0.00832249906214475 -0.00094682507728418067 0.00069130417006601943 -0.0023199575047910632 -0.0029564352109629427 -0.00075455359642126528 0.00076054512182654956 -0.0053154241231249738 -0.0057343117598268635 -0.0091059255571897136 0.0013549150428985616 0.0073434957512731195 0.002656372761339986 -0.0034957717121054158 -0.005803391466768692 0.0024930250514072169 -0.0014016222704764437 1.7628730245658713e-05 0.0084768029391926493 0.0015068819241526861 -0.0083823613400523262 0.0079833805148353063 0.0012210341869722083 0.00073717986509984855 -0.001114643690496041 0.00076765297753725119 0.00059443141435659469 0.0019159669175965947 0.0053824448420597536 -0.0011698055736301899 0.0010185537173348377 -0.0015120366532740126 0.0086149507358170077 -0.0028594491847189151
leaf_weight=263.77929776906967 13397.658076286316 63877.024372577667 1902.2322633564472 9725.0194992125034 25307.618818879128 345.46998378634453 377.53140546381474 2651.287143856287 291.52251210808754 3316.1881247311831 394.72077004611492 15352.806848317385 10955.177218645811 1698.0338559448719 10733.751061812043 8782.6342106461525 2064.1218849122524 152.27398812770844 5995.8119299709797 308.35850061476231 987.04843106865883 21816.380832329392 13946.564156100154 11913.860325202346 3758.8042156100273 27135.362860545516 935.03258955478668 1121.6418337523937 10289.705099478364 7677.4564967155457 32340.705725356936 1541.1110484451056 1055.1589764654636
leaf_count=1058 53940 256699 7685 39078 101486 1400 1518 10728 1169 13357 1586 62387 44014 6805 43324 35301 8276 610 24024 1237 4009 88113 55881 47747 15054 109031 3785 4495 41229 30765 129576 6452 4232
internal_value=-1.39948e-06 0.00028218 0.00084878 -0.000739408 0.000281018 0.00141931 0.00294603 -0.00219342 -0.00138359 0.00115735 0.00133835 0.0014428 -0.00293938 -0.000557908 0.00222772 -0.00256395 -0.00217839 -0.00462818 -0.00103397 0.000466487 0.00197212 0.0018139 2.249e-05 -2.62176e-05 -0.0013374 0.000691198 0.00503177 0.000366312 -7.24463e-05 0.00157483 -0.00127467 0.00717666 0.000853472
internal_weight=312412 276625 177937 98688.4 89184.6 88752.1 12997.9 35786.8 53475.4 75754.2 68523.6 66621.4 22389.1 7230.62 11111.3 19737.8 3914.43 1850.31 43750.4 7359.33 39091.3 37169.2 45213 44949.2 36391 27530.1 1922.08 33035.4 24236.3 8799.1 36099.5 1886.58 7050.97
internal_count=1256051 1112068 716523 395545 358185 358338 52694 143983 214370 305644 276596 268911 90043 29048 44842 79315 15691 7415 175292 29493 158294 150500 181175 180117 145799 110617 7794 132370 97110 35260 144630 7852 28256
is_linear=0
shrinkage=0.0343682


Tree=49
num_leaves=34
num_cat=0
split_feature=2 13 19 5 19 13 2 2 2 0 8 13 14 8 2 5 9 8 3 18 3 8 5 18 18 23 7 5 23 13 0 0 3
split_gain=309.165 83.2299 60.3478 50.388 48.5592 39.7757 38.6615 36.4993 33.4126 27.4693 39.9786 23.4774 23.4325 21.4279 21.0499 20.7768 23.308 21.7472 19.8359 19.4966 19.2302 26.4652 18.3525 24.4668 21.0824 28.8825 17.6095 26.1631 17.0036 16.7427 17.346 16.928 15.7976
threshold=0.21495550000000005 0.5538145000000001 1.0000000180025095e-35 0.48305300000000007 1.0000000180025095e-35 0.48443300000000006 0.12409250000000001 0.24307100000000004 0.14209250000000004 344.50000000000006 0.64483450000000009 0.48161400000000004 0.14795250000000001 0.49793800000000005 0.28180050000000006 0.45317050000000009 0.25819900000000001 0.59665650000000015 0.14309150000000001 0.14855150000000003 0.12800100000000003 0.53154050000000008 0.42481850000000004 0.27261150000000006 0.22753550000000003 1.0000000180025095e-35 0.45617200000000008 0.46285950000000003 1.0000000180025095e-35 0.48921550000000008 4338.5000000000009 5955.5000000000009 0.071446700000000016
decision_type=10 8 2 10 2 8 8 10 10 2 10 10 10 10 10 10 10 10 10 8 10 10 10 10 10 2 10 10 2 10 2 2 10
left_child=1 4 5 14 8 -2 -3 15 -1 10 -10 -11 19 -13 -4 20 17 -17 -19 -6 21 -7 -15 24 -24 -26 27 -9 -22 -29 -31 -32 -23
right_child=2 6 3 -5 12 7 -8 26 9 11 -12 13 -14 22 -16 16 -18 18 -20 -21 28 32 23 -25 25 -27 -28 29 -30 30 31 -33 -34
leaf_value=0.0024724479506929038 -0.0032082848259565588 0.0049208870243753876 -0.0024185432292185005 0.0030966180475328685 -0.0030633941537138512 0.0026629710022816264 0.0020229547471001278 -0.0022470306692088109 -0.00087840645695760411 -0.0016099761040677483 -0.012311333579817896 -0.00022108992281116673 -0.0035631423118245844 -0.00036414816623696675 -0.0048092291435319406 0.00085499950542156436 -0.0022499724090921857 0.0015831800175797341 0.0081190771555147059 0.0008095199751880324 -0.00015358411132855441 -0.016255376812023419 0.0014691530296061903 -0.00038521611222904774 0.0052612379927726499 0.00076289582645352777 -0.0006860279008837004 0.015483646413123249 -0.0018581279766462248 -0.00080102454386356855 0.0086875843861757163 4.5187991641630836e-05 -0.00073859690982707284
leaf_weight=13796.509237110615 7413.2258654385805 6511.3002904951572 14421.854662612081 1652.8181969374418 2162.4373209178448 4784.8717927336693 32979.642524212599 24927.061266511679 5335.9665199518204 4430.8930990844965 387.50075432658195 14285.311719238758 4042.2009830325842 7115.3347948938608 6229.3552630990744 16978.399396553636 2506.891137316823 1242.1751934587955 982.12235061824322 5294.0375058501959 15343.071931004524 78.887391105294228 35536.806936532259 6972.0437413454056 4354.9951050430536 2750.8987165391445 46306.967536732554 83.546289369463921 12580.414460867643 5364.4690850973129 490.76859530806541 588.97050449252129 4407.1082822531462
leaf_count=56226 29719 26852 57843 6625 8673 19155 133113 100084 21409 17768 1560 57197 16224 28536 25234 68049 10039 5013 3968 21367 61417 316 143086 28047 17583 11100 185421 335 50378 21507 1965 2358 17674
internal_value=-1.23992e-06 0.00115323 -0.00101398 -0.00267755 0.000653391 -0.000756447 0.00250077 -0.000623451 0.000908796 0.00064302 -0.00165246 0.000817158 -0.00145597 0.000968596 -0.00313968 2.18777e-05 0.000866742 0.00127363 0.00446906 -0.000313656 -0.000471252 0.000884982 0.00126817 0.00150227 0.00181087 0.0035198 -0.00111228 -0.0017398 -0.000921535 0.000197118 -1.06505e-06 0.00397337 -0.00101146
internal_weight=312339 145956 166383 22304 106465 144079 39490.9 136666 94966.3 81169.8 5723.47 75446.3 11498.7 71015.4 20651.2 58903.9 21709.6 19202.7 2224.3 7456.47 37194.4 9270.87 56730.1 49614.7 42642.7 7105.89 77761.8 31454.8 27923.5 6527.75 6444.21 1079.74 4486
internal_count=1255841 588741 667100 89702 428776 577398 159965 547679 382512 326286 22969 303317 46264 285549 83077 236009 87069 77030 8981 30040 148940 37145 228352 199816 171769 28683 311670 126249 111795 26165 25830 4323 17990
is_linear=0
shrinkage=0.0343682


Tree=50
num_leaves=34
num_cat=0
split_feature=1 1 1 14 20 6 26 2 0 26 2 0 22 1 0 0 3 0 0 6 10 14 20 10 0 14 6 10 2 10 2 6 2
split_gain=354.569 87.3386 61.1149 37.5751 35.3672 36.1359 30.964 25.6907 22.1496 28.2556 25.1825 26.044 25.1802 24.9099 24.6426 21.8573 21.1037 20.822 29.1076 20.243 18.9628 18.9502 18.4015 17.9653 17.0612 15.4521 14.7344 14.7038 18.6037 14.3352 14.2335 19.3832 14.1775
threshold=0.52821350000000011 0.57119350000000013 0.45845550000000007 0.1444695 1.0000000180025095e-35 0.34391800000000006 7.5000000000000009 0.10837000000000001 1479.5000000000002 3.5000000000000004 0.32744700000000004 9693.5000000000018 1.0000000180025095e-35 0.51728950000000007 3881.5000000000005 11.500000000000002 0.083626800000000015 1167.5000000000002 2422.5000000000005 0.45365600000000006 0.18760650000000004 0.14276750000000002 1.0000000180025095e-35 0.20940500000000004 3144.5000000000005 0.14850150000000004 0.44274000000000008 0.17463050000000005 0.18017350000000001 0.18358450000000001 0.30908950000000007 0.39800850000000004 0.18311550000000001
decision_type=8 10 10 10 2 8 2 10 2 2 10 2 2 10 2 2 10 2 2 8 8 8 2 8 2 10 10 10 10 10 10 10 10
left_child=2 22 30 6 5 -4 7 15 9 -7 11 -10 -12 26 -14 -3 -8 23 27 -5 -21 -11 25 -9 -20 -2 -13 28 -19 -29 31 -1 -33
right_child=1 3 4 19 -6 8 16 17 10 21 12 13 14 -15 -16 -17 -18 18 24 20 -22 -23 -24 -25 -26 -27 -28 29 -30 -31 -32 32 -34
leaf_value=-0.00053765504367291733 0.00057272017248567936 -0.0077736270514992423 -0.0029874432339378342 -0.0017400140955065127 0.00050458083154919465 0.0011404403263612745 -0.005940579728087177 0.00096799796025805174 -0.0015633533413254267 -5.6791191271093635e-05 0.017322802209518099 0.005472251404952496 -0.019696480622336577 0.0070463388955067843 0.0059919204683907736 0.0058574501074710964 0.0011525313967923488 0.0066303642466781958 0.00032323084026115388 0.00087304855932797268 0.003659577689320328 -0.001958208900861859 0.0016835615617256505 0.0059500566251322147 0.0031403316964160825 -0.00043353409928041913 -0.0012458168318106894 -0.0080409713754997104 0.0016973735539392856 0.0031890108765893687 -0.0039377483135260112 0.01098944784433478 -0.0033598417690957685
leaf_weight=5244.8145412057638 57322.946049571037 143.260827511549 11416.461993247271 2870.6522888243198 17544.846713796258 11466.773632153869 535.18800683319569 8997.7413925677538 58730.44748750329 13631.731185033917 168.65210725367069 469.78852865099907 57.081020757555962 753.92882546782494 194.09339633584023 4614.7080798894167 6672.4750061333179 5020.416349247098 3399.2509752810001 17222.254467025399 3464.9947205930948 11342.789251983166 12230.608781754971 944.69100922346115 10038.018632903695 26293.497637316585 2152.3408409357071 170.93853424489498 1101.0581319481134 625.79358051717281 8949.7888819128275 82.157658606767654 8079.8303778171539
leaf_count=21098 230136 584 45818 11515 70242 45919 2163 36517 235249 54596 682 1881 229 3053 777 19231 26983 20487 13819 69687 13983 45447 49146 3817 40709 105405 8625 695 4447 2534 36154 329 32458
internal_value=-1.67393e-05 0.0011004 -0.0012185 0.00206435 -0.000928767 -0.00115659 0.00267742 0.00309923 -0.000945389 -0.000271904 -0.00133791 -0.00139461 0.00705106 0.0015408 0.000154064 0.00544702 0.000625849 0.00273053 0.00336021 0.000964488 0.00133978 -0.000920367 0.000438426 0.00144137 0.00242768 0.0002563 -4.21877e-05 0.00517146 0.00574308 0.000779623 -0.00287638 -0.00216785 -0.0032154
internal_weight=311954 161668 150286 65821.4 127929 110384 42263.5 35055.9 98967.6 36441.3 62526.3 62106.5 419.827 3376.06 251.174 4757.97 7207.66 30297.9 20355.5 23557.9 20687.2 24974.5 95847.1 9942.43 13437.3 83616.4 2622.13 6918.21 6121.47 796.732 22356.6 13406.8 8161.99
internal_count=1254415 651858 602557 267171 512518 442276 171986 142840 396458 145962 250496 248808 1688 13559 1006 19815 29146 123025 82691 95185 83670 100043 384687 40334 54528 335541 10506 28163 24934 3229 90039 53885 32787
is_linear=0
shrinkage=0.0343682


Tree=51
num_leaves=34
num_cat=0
split_feature=1 1 13 24 24 13 13 0 1 24 19 19 1 26 26 1 21 16 0 19 0 29 17 8 13 0 13 17 8 29 6 16 21
split_gain=341.508 99.9338 68.9797 48.4231 45.6813 44.4157 41.9724 38.5668 38.8368 32.7319 23.7806 23.6643 22.6583 21.0371 20.6039 26.9193 19.6541 21.0651 18.9754 18.5989 18.0047 17.7254 17.1208 17.0498 16.5209 18.0051 20.7966 15.2844 14.8778 14.5538 14.5379 13.9037 22.28
threshold=0.54448200000000013 0.50440950000000007 0.5538145000000001 1.5000000000000002 2.5000000000000004 0.48921550000000008 0.47699950000000008 357.50000000000006 0.5898095000000001 1.5000000000000002 1.0000000180025095e-35 1.0000000180025095e-35 0.44939400000000002 2.5000000000000004 6.5000000000000009 0.60850300000000013 1.0000000180025095e-35 0.78088200000000019 11915.500000000002 1.0000000180025095e-35 3282.5000000000005 0.40500000000000008 0.16814000000000004 0.51472550000000006 0.47435600000000006 755.50000000000011 0.52741750000000021 0.46789200000000003 0.50048150000000013 0.75500000000000012 0.33484850000000005 0.80131950000000007 1.0000000180025095e-35
decision_type=10 8 8 2 2 8 10 2 10 2 2 2 10 2 2 10 2 10 2 2 2 2 10 10 10 2 10 10 10 2 10 10 2
left_child=1 3 4 12 6 20 -2 21 13 18 -5 -11 -1 -9 15 -4 17 23 -7 27 -3 -8 -12 -10 -14 26 -26 -6 -28 -17 -27 -32 -33
right_child=2 5 14 10 19 9 7 8 16 11 22 -13 24 -15 -16 29 -18 -19 -20 -21 -22 -23 -24 -25 25 30 28 -29 -30 -31 31 32 -34
leaf_value=-0.0026441319284475854 -0.0019026021266954475 -0.0042644154412908343 0.0026631429284612019 -0.0025848481187679281 -0.0014180979658231607 0.00032302213936332997 -0.0032476494011837043 0.0023920691933925478 -0.0026936775277155 -0.00073724420379062952 0.0017339923510813155 -0.0044500435139895817 -0.0041579098009995241 0.00072421564193250211 0.0015144302258142141 0.0033548480459785136 0.0042190732725959591 -0.022195190386272625 0.0056435738422584997 -0.0066485264079328933 -0.00029766275744358899 0.00031731685043965858 -0.0062146611050662211 0.0024682794292181951 -0.0014547252876715309 -0.0030554851776716796 0.0023282588008925738 0.0082007966391622299 -0.0012424744451682793 0.0068737207827715124 -0.0010482389495353578 -0.0013081151351344517 0.016433044759571202
leaf_weight=11637.551113054156 4983.7933682948351 4213.9345127940178 16024.847293972969 20336.000612780452 5967.1416787356138 69962.999493315816 2736.0528587549925 11585.62325656414 821.42013010382652 22118.133960559964 351.48724329471588 2232.3554613292217 1861.9784967601299 39010.690911740065 10221.391146734357 2376.5404681116343 8081.8540685325861 42.482001826167107 800.82160927355289 808.10160936415195 1989.6980425268412 4140.318137973547 3581.4904790073633 9460.64238704741 4853.394855260849 4486.1646497398615 5550.0116409361362 201.72132740914822 1833.6552892029285 3338.5906090289354 36329.228991433978 206.87985523045063 140.32379780709743
leaf_count=46898 20048 16872 64890 81565 24007 280290 11005 46646 3295 88603 1414 8941 7468 156802 41309 9816 32887 171 3244 3250 7970 16734 14460 38607 19455 18033 22234 813 7341 13834 145576 829 568
internal_value=-2.07453e-05 -0.000917371 0.00141987 -0.00174291 0.000922419 -0.000174536 0.00115264 0.00135331 0.0015979 9.23677e-06 -0.00305797 -0.00107762 -0.00126584 0.00110612 0.00278704 0.00338537 0.00294973 0.00195611 0.000383234 -0.0017458 -0.00299215 -0.00110115 -0.0055043 0.0020559 -0.000975586 -0.000864623 0.000292818 -0.00110356 0.00144151 0.00541046 -0.00120871 -0.000982822 0.00586205
internal_weight=312287 192486 119801 91168.2 87839.8 101318 80862.9 75879.1 69002.7 95114.3 24269 24350.5 66899.2 50596.3 31961.4 21740 18406.4 10324.5 70763.8 6976.96 6203.63 6876.37 3932.98 10282.1 55261.6 53399.7 12237.1 6168.86 7383.67 5715.13 41162.6 36676.4 347.204
internal_count=1255875 771761 484114 365841 354265 405920 326195 306147 278408 381078 97439 97544 268402 203448 129849 88540 74960 42073 283534 28070 24842 27739 15874 41902 221504 214036 49030 24820 29575 23650 165006 146973 1397
is_linear=0
shrinkage=0.0343682


Tree=52
num_leaves=34
num_cat=0
split_feature=19 7 13 15 13 22 7 13 7 15 15 13 15 29 7 28 7 15 3 7 11 3 28 13 3 7 20 13 29 15 3 28 29
split_gain=136.978 111.929 75.1822 43.9384 39.9619 30.8761 28.7563 28.3027 25.1492 23.0856 22.9941 21.6964 20.7892 20.4732 18.7577 18.1519 16.5877 16.463 15.538 15.2543 14.4188 14.3296 13.6606 13.5155 13.6912 14.471 13.416 13.1344 12.8248 12.7713 13.9266 12.6032 12.5065
threshold=1.0000000180025095e-35 0.45951650000000005 0.5538145000000001 344.50000000000006 0.48627950000000003 1.0000000180025095e-35 0.63652100000000011 0.5452085000000001 0.57410300000000014 8875.5000000000018 275.50000000000006 0.48009300000000005 2371.5000000000005 0.60500000000000009 0.59266000000000008 1.0000000180025095e-35 0.54382800000000009 5685.5000000000009 0.095698450000000004 0.3774205000000001 0.18447600000000003 0.13207700000000003 2.5000000000000004 0.57627550000000005 0.15541100000000002 0.46677200000000002 1.0000000180025095e-35 0.52333550000000006 1.0000000180025095e-35 546.50000000000011 0.101567 2.5000000000000004 1.0000000180025095e-35
decision_type=2 8 8 2 10 2 10 8 10 2 2 8 2 2 10 2 10 2 10 8 8 10 2 8 10 8 2 10 2 2 10 2 2
left_child=1 7 3 13 26 8 12 22 17 18 -9 20 23 27 15 -13 -14 -6 -10 -17 -2 -11 -1 -4 -25 -26 -5 -3 -8 -30 -31 32 -29
right_child=11 2 6 4 5 -7 28 10 9 21 -12 14 16 -15 -16 19 -18 -19 -20 -21 -22 -23 -24 24 25 -27 -28 31 29 30 -32 -33 -34
leaf_value=-0.0013744607746764355 -0.0075388948482903216 -0.0044147485970297672 0.0012980866184671481 -0.0021246450095383949 0.00093258519305225202 -3.2306202005465373e-05 -0.0060956936216610075 0.0035329392231256617 0.0061946567338581502 -0.0052144188378187148 -0.00031772828499407362 -0.002946928407071712 -0.00092427715629907615 -0.00028164648445451815 0.00013633887196681799 -0.0044855427315945674 0.0016377565518896175 -0.00045771393660808569 0.0014908855045786111 -0.00081761029521307553 -2.7642054871580723e-05 0.0069434597121275357 -0.0044947222739130949 0.0031910951770678735 -0.010679727643904636 0.00099695984117895934 0.0012341752176354853 -0.007688539231219902 0.0020341454782732103 0.0097327238583268388 0.0043798081750995917 0.010435957592699916 -0.0011737358438084012
leaf_weight=42920.109010711312 1301.993162304163 3273.2353654056787 18538.673049017787 8899.5487380325794 47678.954361751676 55456.431798785925 147.78724563121796 2137.1628855913877 862.98668037354946 124.337577059865 12816.296228215098 15574.069617301226 6570.5044688880444 8010.9561573565006 4976.7164488881826 1507.1100847423077 5469.7529923468828 12750.537474602461 21376.118062183261 12024.640711978078 392.98298846185207 1448.2642039805651 1723.8635296374559 11791.298938706517 132.57090935111046 2306.240467146039 1667.8858269453049 385.07890668511391 2202.9210120290518 689.57149361073971 3427.953112334013 101.95931388437748 3620.0165433287621
leaf_count=172174 5239 13139 74688 35714 191224 222830 597 8570 3596 503 51365 62607 26385 32220 20165 6100 22172 51147 86377 48319 1581 5877 6919 47616 531 9295 6703 1545 8994 2968 13976 409 14540
internal_value=-1.19661e-06 0.000257698 0.000620114 0.000264147 0.000443283 0.000597432 0.0017701 -0.00106149 0.00101199 0.00195798 0.000232613 -0.00200224 0.00146088 -0.00148476 -0.0018135 -0.0021469 0.000239626 0.000639234 0.00167341 -0.00122613 -0.0057974 0.0059822 -0.00149495 0.0019096 0.00270627 0.000362229 -0.00159451 -0.00279069 0.00391226 0.00414627 0.00527627 -0.00149635 -0.00180012
internal_weight=312309 276531 216934 165656 150265 139698 51277.3 59597.4 84241.2 23811.7 14953.5 35777.5 44809 15391.2 34082.5 29105.8 12040.3 60429.5 22239.1 13531.8 1694.98 1572.6 44644 32768.8 14230.1 2438.81 10567.4 7380.29 6468.23 6320.45 4117.52 4107.05 4005.1
internal_count=1256085 1112074 873046 665824 603971 561554 207222 239028 338724 96353 59935 144011 180687 61853 137191 117026 48557 242371 89973 54419 6820 6380 179093 132130 57442 9826 42417 29633 26535 25938 16944 16494 16085
is_linear=0
shrinkage=0.0343682


Tree=53
num_leaves=34
num_cat=0
split_feature=1 1 1 20 20 7 21 16 0 16 0 20 17 0 0 3 1 1 3 3 1 17 21 28 17 1 0 7 1 3 0 16 0
split_gain=307.467 96.137 41.8221 37.0028 24.5724 23.6764 21.1338 30.6637 36.2172 27.1006 36.2825 20.4187 25.8998 19.6864 19.6561 18.4955 18.0288 17.3724 23.7654 19.0744 26.7859 17.1974 16.4706 22.5382 18.5117 17.626 23.346 21.1353 16.1948 16.0239 15.7801 20.8783 15.6321
threshold=0.5185320000000001 0.57119350000000013 0.44737450000000006 1.0000000180025095e-35 1.0000000180025095e-35 0.40820150000000005 1.0000000180025095e-35 0.45593250000000002 1520.5000000000002 0.75247700000000017 1383.5000000000002 1.0000000180025095e-35 0.30799900000000008 450.50000000000006 275.50000000000006 0.18456300000000003 0.5898095000000001 0.50440950000000007 0.16803950000000004 0.12979150000000003 0.46875450000000002 0.21741350000000001 1.0000000180025095e-35 1.0000000180025095e-35 0.41861700000000007 0.54267350000000014 1289.5000000000002 0.52388600000000018 0.63736950000000014 0.12048950000000001 147.50000000000003 0.48333450000000006 4386.5000000000009
decision_type=8 10 10 2 2 8 2 10 2 10 2 2 8 2 2 10 10 10 10 10 10 10 2 2 10 8 2 8 10 10 2 10 2
left_child=2 11 14 6 5 -3 7 -4 -9 -8 -11 22 -13 -7 -1 17 -15 19 21 20 29 -19 25 24 30 26 27 -2 -6 -10 31 -24 -20
right_child=1 4 3 -5 28 13 9 8 15 10 -12 12 -14 16 -16 -17 -18 18 32 -21 -22 -23 23 -25 -26 -27 -28 -29 -30 -31 -32 -33 -34
leaf_value=-0.001368571414117249 0.0020239741443929633 -0.0040082056624588872 0.00012136639208999922 0.00040007980788068587 0.0029574228095176807 0.00039705076633356396 -0.00090645906841049664 -0.001087398120448977 -0.00076887429553924955 -0.00074889487136036651 0.013375261106969065 0.00256559591153575 -0.00032147548680742488 0.0012897118061818344 -0.003969687095209202 0.0010864513881139889 0.0026539070525474187 0.00059138074122448161 -0.00611756894567739 -0.0043407200322615243 0.0011200932615839571 -0.002731501900643927 0.008647947558120499 0.0014477950807955963 -0.002991437898399923 0.00036418181684688548 -0.001462632825492862 -0.0010247084038567083 0.0069213065439576432 -0.020033100572994806 0.00036645035548599062 -0.0083273255800978101 -0.02098864624733749
leaf_weight=5318.3433472365141 5376.5213079899549 855.82337298989296 8175.3980050235987 16287.259835928679 6711.9823203682899 10367.856222271919 38495.832915484905 20431.040927514434 87.526248827576637 511.12030757963657 370.5832329839468 9513.8485570549965 5975.4540871232748 20439.735237926245 9672.7168509215117 1225.2965405136347 25995.70925411582 2918.807024165988 453.43870171904564 13931.187881335616 1497.1015804260969 4976.1112537831068 103.90324628353119 20712.505437344313 2350.4401085823774 28837.922930955887 21393.51031255722 5367.2791710942984 1487.1950666755438 122.2152938991785 21672.745138272643 485.31110472977161 102.33564341068268
leaf_count=21383 21535 3429 32761 65227 27265 42035 154146 81950 351 2047 1493 38233 23977 82470 39071 4911 105987 11685 1816 55995 6000 19935 417 83108 9420 115801 85713 21515 6311 492 86983 1948 410
internal_value=-2.06723e-05 0.000858086 -0.00134434 -0.00111143 0.00191595 0.00166561 -0.0013753 -0.00181733 -0.00216381 -0.000770008 0.00518754 0.00028604 0.00145182 0.0017511 -0.0030469 -0.00303258 0.00205342 -0.0032421 -0.00198658 -0.00392058 -0.000491407 -0.00150301 0.00011617 0.000612367 -9.06862e-05 -0.000252669 -0.000806191 0.000500944 0.00367641 -0.011994 0.000215578 -0.00533387 -0.0088558
internal_weight=312224 187648 124576 109585 65858.3 57659.1 93298 53920.5 45745.1 39377.5 881.704 121789 15489.3 56803.3 14991.1 25314 46435.4 24088.7 8450.69 15638 1706.84 7894.92 106300 45324.9 24612.4 60975.2 32137.3 10743.8 8199.18 209.742 22262 589.214 555.774
internal_count=1255820 756147 499673 439219 267497 233921 373992 216306 183545 157686 3540 488650 62210 230492 60454 101595 188457 96684 33846 62838 6843 31620 426440 181876 98768 244564 128763 43050 33576 843 89348 2365 2226
is_linear=0
shrinkage=0.0343682


Tree=54
num_leaves=34
num_cat=0
split_feature=1 1 29 13 13 1 4 13 25 4 4 13 6 13 4 13 12 1 6 2 9 2 7 0 27 27 0 13 29 4 2 0 7
split_gain=282.797 83.578 46.8943 37.3014 36.8147 35.4583 33.6421 30.2268 29.882 26.4824 22.025 20.7959 20.1613 19.6652 20.897 18.6582 17.4895 17.3657 19.6633 17.352 16.2697 15.9599 15.7134 20.5964 15.4243 14.8712 14.6322 14.6187 14.5263 14.3562 22.8109 13.2388 21.5625
threshold=0.5185320000000001 0.57119350000000013 0.35500000000000004 0.48443300000000006 0.57199100000000003 0.44737450000000006 0.38086950000000003 0.49467650000000002 1.5000000000000002 0.36882200000000004 0.32790300000000006 0.49137850000000005 0.33484850000000005 0.52333550000000006 0.38789800000000002 0.60420050000000014 9020.5000000000018 0.50364350000000002 0.38918150000000001 0.16667650000000003 0.23836550000000004 0.23721100000000003 0.55360200000000015 5291.5000000000009 23.150000000000002 9.9500000000000011 55.500000000000007 0.56724300000000005 1.4750000000000003 0.41540550000000004 0.19394750000000002 905.50000000000011 0.41906750000000004
decision_type=8 10 2 8 10 10 10 8 2 8 10 8 8 8 10 8 2 10 8 10 8 10 8 2 2 2 2 8 2 8 8 2 10
left_child=5 3 6 -2 10 15 11 16 9 28 -4 -3 26 24 -15 21 25 18 -14 -16 -6 -1 23 -10 -12 -7 -9 29 -5 -11 -31 -20 -33
right_child=1 2 4 8 20 7 -8 12 22 27 13 -13 17 14 19 -17 -18 -19 31 -21 -22 -23 -24 -25 -26 -27 -28 -29 -30 30 -32 32 -34
leaf_value=0.0015319064831458037 -0.0022262208107177847 -0.0040883218446306361 0.0036688844356802253 0.0016004341548259047 0.0038689758609577194 -0.0065572754423478897 -0.0031176083047272105 0.012932307781482313 0.00065888531272530139 1.2559906077499682e-05 -0.0024516009229392992 0.0014010755722407842 0.00070995705336050459 0.0024377563727191937 0.00063908077691998092 0.0037494110922804912 0.0035680740656287256 -1.5633950225529495e-05 -0.00039247005572567854 -0.0069948770009778151 0.0085605989597602565 -0.0033397594699245683 -0.001435418285244595 -0.0019893105698712398 0.00097144628772238286 -0.002661329840403133 -0.0023908628952913342 0.0018026660201210579 0.00017592873793628602 0.0010195902579605749 -0.0048478843320346786 -0.003840811713223384 -0.0013018966538230641
leaf_weight=843.29942351579666 6477.0449697375298 886.80023244023323 7108.2240214198828 39614.160062372684 6985.0945621281862 1367.5164657831192 3059.6672301888466 74.119770422577858 17413.815697699785 23725.877096012235 1817.65373916924 10090.359899833798 6744.0829557329416 22370.061054512858 1295.7484672367573 491.87151604890823 466.27994325757027 28877.546804010868 15035.186172798276 482.71145130693913 997.78141778707504 13672.997883468866 11591.421565920115 4331.9923645853996 10754.754296064377 7527.4085117578506 10666.613578304648 4670.1931289583445 10750.14365439117 1331.3265893608332 1898.899361923337 4463.6490671187639 34407.973109439015
leaf_count=3379 25944 3567 29012 159123 28676 5488 12307 297 69784 95068 7334 40833 27062 91073 5250 1975 1871 115623 60232 1935 4074 55185 46582 17351 43462 30186 42852 18756 43176 5338 7601 17937 137873
internal_value=2.0494e-06 0.000844922 0.00183139 0.000311628 0.00230877 -0.00126696 6.93168e-05 -0.00105248 0.000454159 0.000806918 0.00191779 0.000957609 -0.000878115 0.00157882 0.00215269 -0.00283369 -0.00292018 -0.000709316 -0.0010396 -0.00143294 0.00445538 -0.00305675 -0.000413427 0.000131337 0.00047656 -0.0032603 -0.00228512 2.74631e-05 0.00129638 -0.000280094 -0.00242962 -0.00125848 -0.00159344
internal_weight=312292 187654 65848.9 121805 51812 124639 14036.8 109630 115328 81990.6 43829.2 10977.2 100269 36720.9 24148.5 15008.2 9361.2 89528.4 60650.9 1778.46 7982.88 14516.3 33337.2 21745.8 12572.4 8894.92 10740.7 31626.3 50364.3 26956.1 3230.23 53906.8 38871.6
internal_count=1256206 756246 267523 488723 210816 499960 56707 439421 462779 329062 178066 44400 401876 149054 98258 60539 37545 358727 243104 7185 32750 58564 133717 87135 50796 35674 43149 126763 202299 108007 12939 216042 155810
is_linear=0
shrinkage=0.0343682


Tree=55
num_leaves=34
num_cat=0
split_feature=4 8 12 17 19 23 19 25 4 3 8 5 0 12 5 3 11 8 4 8 11 11 12 10 17 4 8 0 11 5 10 5 0
split_gain=147.136 79.1209 45.0533 35.2148 32.1975 30.9982 26.6651 25.7285 25.2852 40.7904 28.215 28.0394 22.551 19.3853 18.3392 18.1346 23.979 19.0017 26.8247 19.3345 24.3634 18.116 19.0677 17.7956 17.2365 20.344 21.4479 15.057 17.156 14.7499 17.146 14.5226 17.8999
threshold=0.37367700000000009 0.53645900000000013 4425.5000000000009 0.32033050000000002 1.0000000180025095e-35 1.0000000180025095e-35 1.0000000180025095e-35 1.5000000000000002 0.42144400000000004 0.12009950000000001 0.6236965000000001 0.41871450000000004 5361.5000000000009 256.50000000000006 0.5000285000000001 0.15459000000000003 0.10640450000000003 0.47623550000000009 0.33335200000000004 0.48642750000000007 0.15736750000000002 0.15794200000000003 380.50000000000006 0.17148100000000002 0.21741350000000001 0.32968850000000005 0.52677650000000009 8351.5000000000018 0.20020650000000004 0.44345950000000006 0.11985650000000002 0.51080950000000014 1479.5000000000002
decision_type=10 10 2 10 2 2 2 2 10 10 10 10 2 2 10 10 8 8 10 8 10 8 2 10 8 8 8 2 10 10 8 10 2
left_child=1 6 3 8 7 -4 12 -3 9 10 -2 -12 14 -5 15 -1 -17 -18 -19 20 -20 23 -23 -10 -8 26 -26 -15 -29 30 -11 -16 -33
right_child=2 4 5 13 -6 -7 24 -9 21 29 11 -13 -14 27 31 16 17 18 19 -21 -22 22 -24 -25 25 -27 -28 28 -30 -31 -32 32 -34
leaf_value=0.0010633633770608161 0.0013163121862613484 0.0019698126329378168 -0.00087358415782663507 0.0010530419846128266 -0.00078658875626274303 -0.0027431958525416696 0.0018002198182896897 0.00061339414992225784 -0.0022101898640897915 0.0018172145313407641 0.0073792159681517278 -0.0016324507364874794 -0.00086755654916880484 -0.0014661139159180532 -0.003078685843260015 -0.0088717948497914565 -0.0012216442350422906 0.0039342980574242894 -0.0061795938795031159 -0.00062645817986148235 0.0065982546082529753 0.0048603240794392851 -0.0010509636272157952 -0.0095886799994377818 0.0081231648781796527 -0.002621098377689572 -0.0059041166273133073 -0.0093417275671077802 0.0014336224670609304 -0.0014375176007142146 -0.00023218066941030791 -0.00077718706260569682 0.0069289349502798612
leaf_weight=39044.078941687942 7213.4312277287245 55869.067786544561 20501.666135400534 3658.8192057907581 7503.5724515616894 21417.765164479613 1468.4035094380379 23450.346787706017 5155.6331291347742 6407.3336800336838 2002.5496950298548 512.11884489655495 20107.812320381403 29866.996368050575 2966.6061585098505 369.23021270334721 8971.7594706714153 2633.4860032349825 217.77256816625595 7777.9445599913597 924.44944176077843 853.40204782783985 2633.5376534461975 417.34624247252941 424.71958155930042 8837.7582587897778 184.76011428236961 587.82183191180229 248.23071430623531 7710.43456171453 19488.66592566669 2397.0833521932364 418.14245221018791
leaf_count=156585 28952 226229 82209 14698 30191 86097 5886 94760 20705 25748 8507 2079 80553 119849 11886 1480 35962 10554 872 31161 3700 3437 10579 1677 1701 35457 741 2365 997 30956 78250 9629 1674
internal_value=-1.2577e-05 0.000612052 -0.000903663 -0.000456641 0.00136523 -0.00182882 -6.38923e-05 0.0015688 0.000104103 0.00044932 0.00240914 0.00554397 0.00013959 -0.00131166 0.000447736 0.000626046 -0.000191133 -3.49776e-05 0.000886505 -1.32901e-05 0.00416207 -0.00154711 0.000395779 -0.00276275 -0.00166385 -0.00220227 0.00387088 -0.00159345 -0.00614244 -0.000117992 0.000274892 -0.00140076 0.000367395
internal_weight=312243 183567 128676 86756.3 86823 41919.4 96744 79319.4 52394.5 43334.5 9728.1 2514.67 85828.4 34361.9 65720.6 59938.7 20894.6 20525.4 11553.7 8920.17 1142.22 9059.92 3486.94 5572.98 10915.6 9447.24 609.48 30703 836.053 33606.4 25896 5781.83 2815.23
internal_count=1256126 739021 517105 348799 351180 168306 387841 320989 210890 174492 39538 10586 344056 137909 263503 240314 83729 82249 46287 35733 4572 36398 14016 22382 43785 37899 2442 123211 3362 134954 103998 23189 11303
is_linear=0
shrinkage=0.0343682


Tree=56
num_leaves=34
num_cat=0
split_feature=1 1 24 4 24 13 2 13 18 2 29 25 2 4 1 13 13 18 16 24 18 6 20 13 25 6 6 16 13 2 2 4 13
split_gain=258.915 79.645 44.4544 38.3533 37.5357 37.3603 29.6918 26.5328 25.7712 23.6302 22.7348 21.184 30.7928 19.8848 18.0935 17.2096 16.7274 23.0313 15.4792 16.5529 15.0639 14.4389 13.9435 13.4972 16.3814 13.6685 13.2456 12.9595 15.156 23.1049 14.7206 12.8637 13.5412
threshold=0.5185320000000001 0.57119350000000013 1.5000000000000002 0.40521550000000006 2.5000000000000004 0.50942150000000008 0.16667650000000003 0.48443300000000006 0.14208150000000005 0.2901240000000001 1.0000000180025095e-35 1.5000000000000002 0.14035650000000002 0.37694750000000005 0.47761450000000005 0.58479950000000003 0.54940350000000004 0.07165645000000001 0.46536300000000003 1.0000000180025095e-35 0.19936900000000002 0.20112350000000004 1.0000000180025095e-35 0.53392750000000011 1.0000000180025095e-35 0.60817750000000015 0.18245850000000005 0.51824850000000011 0.51034350000000017 0.2901240000000001 0.32744700000000004 0.32968850000000005 0.55893250000000017
decision_type=8 10 2 10 2 10 10 10 10 10 2 2 10 10 10 8 10 10 10 2 10 8 2 8 2 10 10 10 10 10 10 10 10
left_child=2 4 8 5 7 20 15 -2 14 21 -7 12 -12 18 -1 -5 17 -9 -13 -20 -3 -4 -15 24 -10 -26 -8 28 29 -16 -29 -14 -33
right_child=1 3 9 6 -6 10 26 16 23 -11 11 13 31 22 27 -17 -18 -19 19 -21 -22 -23 -24 -25 25 -27 -28 30 -30 -31 -32 32 -34
leaf_value=-0.0020711462032957069 -0.001763746708917867 -0.0010840150265724025 -0.00706840873458329 -0.0011449297633412355 -0.0017466118056643745 -0.0035755778537605223 0.0030433601643309036 -0.0011760322884247824 -0.0015648481939853761 -0.0040700103325043953 0.0042623040963024415 -0.00071546027559826742 0.0041731115986683876 -0.00341471468376126 -0.0016353227602750257 0.0060217516479479441 0.0013087050954495129 0.00055749311232813231 -0.00016135369185269261 0.0030623439451441799 0.0016276329343496571 -0.0017004717654695845 0.0040880614066719787 0.00066568755576758309 -0.00017806763787618567 0.0035208974251702799 -0.008583453396841953 -0.0013606084173269459 0.0011283515710890689 -0.027323098248707624 0.0061233218540445479 0.0013738359402417674 0.0035056119495675345
leaf_weight=22430.045973539352 6014.7871712893248 5870.3186030983925 606.07991428673267 2145.1722598075867 9945.1960078477859 759.30312630534172 135.01127155125141 10450.164160862565 12017.397874683142 7056.2903707325459 12321.966780215502 2366.1466286182404 3209.4755000025034 1519.2323898524046 2247.7325238734484 485.31271941959858 27690.450980991125 67688.388835728168 2414.6723298430443 8518.9050925523043 4116.8820349425077 25262.376457810402 362.3646105825901 14478.439308896661 11326.712645918131 1317.201480820775 810.61622503399849 20743.383944869041 6740.306531354785 42.133860319852829 315.15910367667675 16265.428551405668 4491.4324019998312
leaf_count=90266 24093 23679 2438 8658 39857 3062 541 41884 48168 28452 50921 9624 13028 6164 9008 1980 111307 271547 9804 34558 16663 101262 1510 57984 45398 5278 3247 83112 26998 169 1267 65739 18233
internal_value=-9.37905e-06 0.00079726 -0.00122391 0.00176078 0.000276755 0.00195972 -0.00170035 0.000456674 -0.000834813 -0.00230711 0.002328 0.00241509 0.00286607 0.0013371 -0.00133231 0.000177291 0.000582872 0.000325653 0.00180495 0.00235039 3.37691e-05 -0.00182624 -0.0019698 -0.000167259 -0.000656275 0.000207278 -0.00692344 -0.000781534 0.000307684 -0.00210798 -0.00124861 0.00214821 0.00183512
internal_weight=312164 187581 124583 65792.2 121789 62216.1 3576.11 111844 91658.5 32924.7 52228.9 51469.6 36288.3 15181.3 52518.8 2630.48 105829 78138.6 13299.7 10933.6 9987.2 25868.5 1881.6 39139.8 24661.3 12643.9 945.627 30088.7 9030.17 2289.87 21058.5 23966.3 20756.9
internal_count=1255899 756099 499800 267411 488688 252985 14426 448831 367648 132152 212643 209581 147921 61660 210820 10638 424738 313431 53986 44362 40342 103700 7674 156828 98844 50676 3788 120554 36175 9177 84379 97000 83972
is_linear=0
shrinkage=0.0343682


Tree=57
num_leaves=34
num_cat=0
split_feature=2 2 2 5 14 3 17 14 29 17 20 18 7 17 18 16 3 7 17 8 17 7 29 8 5 8 3 18 7 5 3 29 2
split_gain=191.632 61.5793 40.9094 40.4195 27.4252 26.5761 35.1246 23.6673 23.3072 23.1034 20.9797 21.9958 20.2918 19.7005 19.1542 18.364 18.1133 20.2384 18.0622 17.4674 18.891 16.0686 15.9639 15.8018 16.8633 15.1314 14.7875 14.523 14.1594 17.418 15.3148 14.8543 14.1424
threshold=0.20974250000000003 0.12958250000000002 0.30306800000000006 0.45267150000000006 0.14905950000000004 0.15793900000000002 0.30730600000000002 0.15722450000000002 0.44500000000000006 0.27165500000000004 1.0000000180025095e-35 0.20203400000000002 0.60030500000000009 0.22449550000000004 0.045981350000000011 0.40773800000000004 0.16488450000000002 0.58004350000000005 0.45367350000000006 0.35647900000000005 0.17479950000000002 0.67281200000000008 0.075000000000000025 0.68052700000000022 0.48305300000000007 0.59665650000000015 0.15793900000000002 0.21358900000000003 0.48281800000000002 0.51080950000000014 0.16208050000000004 1.905 0.14209250000000004
decision_type=8 10 10 10 8 10 10 10 2 10 2 10 10 10 8 10 10 10 10 8 10 10 2 8 10 10 10 10 8 10 10 2 10
left_child=1 -1 3 7 10 6 9 14 -6 -5 16 32 19 15 18 -7 23 -18 -2 20 -4 28 -20 24 -3 -26 -24 -13 30 -30 -15 -31 -12
right_child=2 4 12 5 8 13 -8 -9 -10 -11 11 27 -14 21 -16 -17 17 -19 22 -21 -22 -23 26 -25 25 -27 -28 -29 29 31 -32 -33 -34
leaf_value=0.0029181627669271504 -0.0028781048284982165 0.00092373965785455146 0.0080863011693235367 0.0010160375159642553 -0.0015839775427496307 0.011245651375991752 -0.00029899871148664372 -0.002119278917600117 0.00045562930644860801 0.0036956306692226171 0.0060136200125882151 0.009988136391865219 0.0050840909324738068 -0.0047533077615894556 -0.00050665738322260402 0.00029918961715531063 -7.6932019038380425e-05 -0.0054935536082946299 -0.0050385364083566728 -0.002094907003367878 -0.0068780420273803298 -0.022038175389189233 0.0029229648895843468 -0.0024732028395366085 0.0016331802685858479 0.0052351966047269015 -0.0024897475402309325 0.0037259882917858736 -0.0031784390825290681 0.0040620452281993112 0.00017514729026866377 -0.014297452102058923 0.00055947958002935862
leaf_weight=17384.233716800809 8248.420458137989 59615.446749046445 106.83055017888546 13572.662501379848 9207.7412239909172 185.17748193442822 20091.581008091569 17288.220764949918 23527.027976825833 5278.7499137073755 632.86566561460495 499.44484487175941 434.67470845580101 846.65660986304283 70352.773833394051 8069.1803586184978 5342.0018680840731 961.40031403303146 585.23761276900768 16224.859593689442 1481.3769231885672 45.163930580019951 1885.1303542852402 1492.7685663700104 4283.4672009348869 2030.5461138337851 871.93444406986237 3523.8846712261438 6255.7075875103474 636.9595363587141 6186.7015888690948 56.685342341661453 4983.0540160238743
leaf_count=71542 33118 240270 431 54421 36963 742 80555 69329 94628 21226 2586 2021 1749 3393 281929 32321 21432 3876 2346 65375 6030 181 7562 6041 17289 8297 3502 14257 25051 2550 24809 227 20055
internal_value=2.52913e-05 0.00101052 -0.000710625 -0.000535267 0.000724875 0.000159171 0.000700801 -0.00096373 -0.000118078 0.00176637 0.00105588 0.00256371 -0.00225259 -0.000787443 -0.000719936 0.000544762 0.000858734 -0.00090308 -0.00201448 -0.00243162 -0.00587147 -0.00157135 0.000116845 0.00102345 0.00110262 0.00279157 0.00121117 0.00450335 -0.00150524 -0.00260549 -0.000418127 0.00256169 0.00117411
internal_weight=312189 133484 178705 160457 116100 61225.2 38943 99231.7 32734.8 18851.4 83364.9 9639.25 18247.7 22282.2 81943.5 8254.36 73725.6 6303.4 11590.7 17813.1 1588.21 14027.9 3342.3 67422.2 65929.5 6314.01 2757.06 4023.33 13982.7 6949.35 7033.36 693.645 5615.92
internal_count=1256104 539257 716847 643262 467715 245476 156202 397786 131591 75647 336124 38919 73585 89274 328457 33063 297205 25308 46528 71836 6461 56211 13410 271897 265856 25586 11064 16278 56030 27828 28202 2777 22641
is_linear=0
shrinkage=0.0343682


Tree=58
num_leaves=34
num_cat=0
split_feature=2 2 24 24 13 3 13 17 18 13 6 2 18 27 6 6 11 20 17 2 6 24 3 17 18 17 7 17 6 21 20 13 20
split_gain=187.017 73.9838 55.6007 53.4294 33.8771 22.5058 21.1875 20.3432 19.8693 20.5781 18.0909 17.6503 16.896 16.2601 16.2531 16.2172 15.7926 15.7243 15.4951 15.2942 16.7281 15.0887 18.5413 14.5578 24.4723 14.2317 14.0969 13.9645 13.6865 13.4062 17.8859 16.8916 13.2124
threshold=0.23184950000000001 0.14364900000000003 2.5000000000000004 1.5000000000000002 0.48921550000000008 0.15793900000000002 0.50071850000000018 0.31671850000000007 0.14208150000000005 0.58156500000000011 0.26975050000000006 0.33338450000000003 0.1565425 32.95000000000001 0.69586500000000007 0.76961550000000012 0.21142250000000004 1.0000000180025095e-35 0.35503350000000006 0.17118050000000004 0.35375250000000008 2.5000000000000004 0.15966550000000004 0.42084800000000006 0.094473750000000009 0.47748400000000008 0.43728750000000005 0.31775900000000007 0.38918150000000001 1.0000000180025095e-35 1.0000000180025095e-35 0.53711650000000011 1.0000000180025095e-35
decision_type=8 10 2 2 8 10 10 10 8 8 8 10 10 2 8 10 10 2 10 10 10 2 10 10 10 10 10 10 8 2 2 10 2
left_child=1 6 4 8 13 17 16 -8 9 26 -5 21 -7 -3 -9 -16 -1 19 -10 20 -6 27 32 24 28 -22 -2 -12 -19 30 31 -4 -23
right_child=3 2 29 10 5 12 7 14 18 -11 11 -13 -14 -15 15 -17 -18 23 -20 -21 25 22 -24 -25 -26 -27 -28 -29 -30 -31 -32 -33 -34
leaf_value=-0.00067078088817269506 -0.0020442327553274768 -0.0034412443147373343 -0.0051884007309866455 -0.0056987501373175721 -0.0030425251871890654 -0.0012491032135280059 0.0032612631337782033 0.00016178709681270115 -0.00025062151592120688 0.0017806634178927669 -0.00048474444842412423 -0.0056638526774507392 0.00052315348935014607 -0.00041324750486651095 0.0060559349304781778 -0.0024908324784401331 0.012272662213940126 0.0046044740739861712 0.0020645417825680521 0.00059550382578578973 0.0019634562424119132 -0.0025776571517657724 -0.0052680830883130815 -0.001376938092394738 0.0030483915205178182 -0.005908895679604338 -0.00080026792462469811 -0.0023252666370034837 -0.0063139974075238714 -0.00038152095383221514 0.00063219104332913861 -0.0016176037758154327 0.0017903710763051326
leaf_weight=3285.3059947788715 16294.844490781426 3035.2006264925003 3242.0526733845472 1667.5687289535999 859.91964307427406 10201.63629373908 18152.152030304074 5307.0429798215628 38297.545811876655 2854.8424647152424 11086.500604957342 1498.008177280426 16846.83353716135 6760.287477388978 1195.3830575346947 335.92511649429798 115.25010280311108 181.7740648239851 3748.8936413675547 76169.020618215203 19511.769243746996 6002.3950059562922 2865.0273156613111 1224.0195507854223 9539.5113708823919 275.06925728917122 31679.833420693874 8682.5877806246281 533.92395401000977 5123.0727034509182 1574.7953581809998 3024.6243138313293 946.99375846982002
leaf_count=13335 65628 12166 12997 6725 3454 40870 74660 21639 153477 11445 44448 6060 67584 27111 4902 1374 465 728 15012 306015 78952 24083 11518 4917 38434 1104 127023 34845 2143 20558 6323 12140 3795
internal_value=7.24002e-06 0.000697706 0.00040763 -0.00101778 0.000600255 0.000741513 0.00231308 0.00265941 -0.000596901 -0.0010541 -0.00221139 -0.00202428 -0.000145273 -0.00135149 0.00106181 0.00418102 -0.000232108 0.000963002 -4.41997e-05 0.000820401 0.00165008 -0.00183999 -0.00294158 0.0021657 0.00258853 0.00185402 -0.00122279 -0.0012931 -0.00354091 -0.00174882 -0.00264212 -0.00346495 -0.00198243
internal_weight=312120 186495 158104 125625 145139 135343 28391.1 24990.5 92876 50829.5 32749.1 31081.5 27048.5 9795.49 6838.35 1531.31 3400.56 108295 42046.4 96815.8 20646.8 29583.5 9814.42 11479.2 10255.2 19786.8 47974.7 19769.1 715.698 12964.5 7841.47 6266.68 6949.39
internal_count=1255930 751871 635496 504059 583478 544201 116375 102575 372585 204096 131474 124749 108454 39277 27915 6276 13800 435747 168489 389525 83510 118689 39396 46222 41305 80056 192651 79293 2871 52018 31460 25137 27878
is_linear=0
shrinkage=0.0343682


Tree=59
num_leaves=34
num_cat=0
split_feature=1 24 1 24 1 29 0 1 5 16 0 16 18 0 1 7 8 0 0 0 1 20 16 0 3 1 16 5 0 0 16 0 20
split_gain=216.683 63.5459 41.9132 39.827 36.8155 32.3396 31.5408 24.2254 21.7475 17.3381 16.2384 18.1974 17.9261 15.706 14.9894 14.3528 19.6029 19.0758 14.8612 17.3487 13.719 17.8336 20.0466 17.3559 17.7286 19.7999 15.2972 17.6136 13.6919 13.5779 13.9947 13.5551 12.9505
threshold=0.54448200000000013 1.5000000000000002 0.50571350000000004 2.5000000000000004 0.59155100000000005 0.29500000000000004 4095.5000000000005 0.50440950000000007 0.42438650000000006 0.53510350000000007 1096.5000000000002 0.50043550000000014 0.064375150000000006 10658.500000000002 0.68853350000000013 0.53244550000000013 0.58375800000000011 1642.5000000000002 8511.5000000000018 10314.500000000002 0.44737450000000006 1.0000000180025095e-35 0.59979950000000015 920.50000000000011 0.11811100000000001 0.49868450000000003 0.43735250000000009 0.48644650000000006 8351.5000000000018 11395.500000000002 0.45133950000000006 5685.5000000000009 1.0000000180025095e-35
decision_type=10 2 10 2 10 2 2 10 10 10 2 10 10 2 10 10 10 2 2 2 8 2 8 2 10 10 10 10 2 2 10 2 2
left_child=1 2 20 4 8 10 14 -3 9 -2 11 -6 -13 15 -5 16 17 -4 28 -20 -1 23 -23 -22 25 -25 -26 -28 -17 30 31 -10 -32
right_child=3 7 13 6 5 -7 -8 -9 29 -11 -12 12 -14 -15 -16 18 -18 -19 19 -21 21 22 -24 24 26 -27 27 -29 -30 -31 32 -33 -34
leaf_value=-0.0020942379322817862 0.0008885492780383497 -0.0025586346548837121 0.0014656069096613312 -0.0001596945969955694 0.0021816283767376889 0.0027755868706017413 -0.0046312086117197646 -0.001046854315543023 0.00027399086994309645 -0.0018934590202721268 0.0021686398372864884 7.622004301738589e-05 -0.0057523246362951846 0.0036831160622474574 0.010130633754143111 -0.00061393501633567925 -0.007077283620519197 1.9835481839899796e-05 0.0057407675639294057 -0.0065097467223410093 2.1617855100877059e-05 0.0016455415763977034 -0.0018088265180861312 0.0079614522520506398 0.0004774726378663209 -0.0043632598710871134 -0.0020037567127891643 0.0015169253354981706 -0.013548830964131718 -0.002360356454591264 0.0011903865853338808 -0.0050149502105646844 0.002700692522473183
leaf_weight=10712.962883472443 5153.0309289693832 24229.606676727533 17492.454268962145 7081.5719276368618 1124.2826145887375 27376.125412553549 2179.9916346073151 25907.019462198019 7460.1430550664663 5438.9030181765556 2448.6114773154259 1151.1398431956768 1359.2088238894939 1511.7066274881363 171.24448017776012 24921.586991176009 398.90987968444824 28088.807411745191 807.1481791883707 164.34574718773365 13585.052296131849 6620.0484482496977 2833.7672073692083 476.01555736362934 3944.9108885228634 227.57397413253784 28620.573359921575 1783.0164870768785 97.037328407168388 1285.5291731953621 49066.848501950502 619.93974775075912 7767.7862040400505
leaf_count=43237 20707 97368 70073 28547 4568 112228 8781 103790 30061 21827 9948 4644 5493 6114 714 99913 1598 112463 3249 663 54458 26511 11353 1914 15799 911 114853 7141 389 5155 197658 2487 31358
internal_value=-1.11267e-05 -0.000725308 -0.000354568 0.0011371 0.00132048 0.00227192 -0.00100628 -0.00177745 0.000905926 -0.000539998 5.26903e-06 -0.00145217 -0.0030796 0.000216211 8.32678e-05 0.00014339 0.000508285 0.000574671 -0.000502159 0.00366837 -0.000964154 -0.000755748 0.0006101 -0.00102123 -0.00142541 0.00397506 -0.00153603 -0.00179729 -0.000664104 0.00113727 0.00120654 -0.0001318 0.00139681
internal_weight=312107 192423 142286 119684 110252 33459.4 9432.81 50136.6 76792.2 10591.9 6083.24 3634.63 2510.35 73482 7252.82 71970.3 45980.2 45581.3 25990.1 971.494 68803.9 58091 9453.82 48637.1 35052.1 703.59 34348.5 30403.6 25018.6 66200.2 64914.7 8080.08 56834.6
internal_count=1255973 771797 570639 484176 446134 136881 38042 201158 309253 42534 24653 14705 10137 294462 29261 288348 184134 182536 104214 3912 276177 232940 37864 195076 140618 2825 137793 121994 100302 266719 261564 32548 229016
is_linear=0
shrinkage=0.0343682


Tree=60
num_leaves=34
num_cat=0
split_feature=2 24 19 2 19 2 25 26 17 12 14 23 25 17 2 17 24 24 26 17 26 8 26 17 25 17 14 8 14 17 25 26 2
split_gain=157.064 77.3627 53.528 41.197 32.0327 32.0134 26.5685 22.1798 21.383 21.2724 21.1003 19.883 27.2149 19.6656 17.4886 16.3192 15.418 15.3608 15.1844 15.1394 15.0993 20.2901 18.5067 14.8756 14.5451 17.3363 15.6623 16.0947 14.2236 14.0922 13.8218 13.5177 13.4432
threshold=0.20315100000000003 1.5000000000000002 1.0000000180025095e-35 0.12958250000000002 1.0000000180025095e-35 0.25757250000000004 1.5000000000000002 3.5000000000000004 0.42434900000000003 2303.5000000000005 0.14286300000000005 1.0000000180025095e-35 1.0000000180025095e-35 0.19108350000000004 0.2901240000000001 0.33335750000000003 1.0000000180025095e-35 2.5000000000000004 8.5000000000000018 0.32521900000000004 8.5000000000000018 0.56891300000000011 3.5000000000000004 0.34455650000000004 1.5000000000000002 0.40917000000000009 0.13252400000000003 0.45164900000000002 0.1706445 0.20454750000000002 1.0000000180025095e-35 5.5000000000000009 0.073516850000000009
decision_type=8 2 2 10 2 10 2 2 10 2 10 2 2 10 10 10 2 2 2 10 2 10 2 10 2 10 8 10 10 10 2 2 10
left_child=3 5 14 6 7 10 9 8 -5 32 -2 18 31 -4 17 -16 -8 -3 -7 29 21 -12 -23 -17 26 -26 -9 -28 -14 -11 -22 -13 -1
right_child=1 2 13 4 -6 11 16 24 -10 19 20 12 28 -15 15 23 -18 -19 -20 -21 30 22 -24 -25 25 -27 27 -29 -30 -31 -32 -33 -34
leaf_value=0.0068041809646228156 0.00070544343510918744 -0.00058580071043320362 7.7143578730762657e-05 0.0018959932255122921 -0.001276547452133506 -0.0004934361228908985 -0.0032813790631760482 0.0018316063969058716 -0.0017624873355223086 -0.003478332727983141 -0.00039982785958948098 -0.0016562349952890291 -0.0002144301367827945 -0.0054207019673063479 -0.001746834415634199 -0.015768197167531951 0.0014000684692901165 -0.002056880502075861 0.0025515523640364433 -0.0048943714090445749 -0.0037714793886742775 0.0045107292974613869 0.0004646355245193768 -0.0047378741540337966 0.00010375211371670386 -0.0031330192930428694 -0.00228893197747687 0.00065795780528235569 -0.0052895850913223788 0.0036216305776728196 -0.00035500536313841743 -0.0039887780292042806 0.0034881814634006862
leaf_weight=1746.0494840294123 44903.132815152407 25566.536389350891 889.8305290043354 28834.55662804842 8693.7244970053434 22211.537213638425 1050.4562320709229 13548.555939793587 2019.1833626925945 438.20407092571259 39090.493857294321 5952.2949656248093 11703.979642808437 5635.5040853023529 3674.1678828448057 156.55831487476826 3976.8564012944698 12475.09958525002 2118.9001425653696 500.58816173672676 2696.9037857502699 1925.1065139919519 4358.1182975620031 1861.8268411904573 15290.25350561738 2241.0244347304106 2381.656752243638 27078.186077579856 690.7621454000473 1339.7486483901739 2905.6270539611578 5788.6400377899408 8349.5535285323858
leaf_count=7338 180037 102485 3575 116518 34907 89087 4305 54750 8136 1783 156602 23947 47083 22724 14780 630 16300 50009 8498 2036 10806 7766 17514 7503 61581 9011 9537 109114 2783 5570 11642 23302 34368
internal_value=-6.96415e-06 -0.00060603 -0.00176731 0.000985313 0.000716966 -0.000201684 0.00252875 0.000906597 0.00165657 0.00338472 0.000162213 -0.000921572 -0.00162049 -0.00467099 -0.00133407 -0.00311071 0.000421881 -0.00106822 -0.000228253 0.000385242 -0.000316299 -0.000108453 0.00170431 -0.00559345 0.000524378 -0.000310005 0.000864493 0.000419719 -0.00049727 0.00187173 -0.0019996 -0.00280625 0.00406169
internal_weight=312094 194605 50259.5 117489 100087 144345 17401.5 91393.4 30853.7 12374.1 95879.4 48466.1 24135.7 6525.33 43734.2 5692.55 5027.31 38041.6 24330.4 2278.54 50976.2 45373.7 6283.22 2018.39 60539.7 17531.3 43008.4 29459.8 12394.7 1777.95 5602.53 11740.9 10095.6
internal_count=1256027 780773 201706 475254 403554 579067 71700 368647 124654 51095 384367 194700 97115 26299 175407 22913 20605 152494 97585 9389 204330 181882 25280 8133 243993 70592 173401 118651 49866 7353 22448 47249 41706
is_linear=0
shrinkage=0.0343682


Tree=61
num_leaves=34
num_cat=0
split_feature=1 13 23 23 18 16 0 0 0 18 0 18 13 1 1 1 17 1 1 10 0 29 17 7 16 13 0 13 10 7 29 7 16
split_gain=185.281 61.967 54.424 31.49 30.2407 28.7728 28.3727 25.3008 25.0389 28.0819 25.4483 24.6333 22.993 24.8647 22.6351 21.5362 20.3366 19.2093 17.3493 17.2355 17.0512 17.0022 16.8565 16.7031 16.6433 16.1426 15.827 14.8894 14.712 14.7022 16.9881 15.271 14.5391
threshold=0.5185320000000001 0.54894150000000008 1.0000000180025095e-35 1.0000000180025095e-35 0.092364900000000014 0.45345250000000009 5864.5000000000009 450.50000000000006 1500.5000000000002 0.035759100000000009 289.50000000000006 0.37857950000000001 0.48921550000000008 0.53959000000000013 0.43925500000000001 0.57201050000000009 0.47748400000000008 0.5898095000000001 0.47761450000000005 0.10690750000000002 289.50000000000006 0.015000000000000001 0.44900550000000006 0.39223250000000004 0.67007250000000018 0.50608750000000013 12456.500000000002 0.48009300000000005 0.17726550000000002 0.43247900000000006 0.045000000000000005 0.39223250000000004 0.80131950000000007
decision_type=8 8 2 2 10 10 2 2 2 10 2 10 10 10 10 8 10 10 10 8 2 2 10 10 10 8 2 8 8 10 2 10 10
left_child=3 2 4 14 6 -5 7 -2 9 10 -7 -10 24 -14 19 -3 20 22 -12 -1 -15 -17 26 -9 28 -16 -6 -11 -4 30 31 -22 -29
right_child=1 15 12 5 17 8 -8 23 11 27 18 -13 13 16 25 21 -18 -19 -20 -21 29 -23 -24 -25 -26 -27 -28 32 -30 -31 -32 -33 -34
leaf_value=-0.008143159341444375 -0.0030017975533743707 0.0010715237616288154 -0.0028573387739775943 0.00031348010180491697 0.001034495833677733 -0.00013159021218013707 -0.0044914876260542039 -0.0056895933901965606 -0.0028123511174906251 -0.0047222750668777583 -0.0069823465813942274 0.0024169626646355601 -0.0012545954870538431 -0.0026284724160928865 -0.0015036159539839765 -0.0022684275215268694 0.0047160615843447207 0.0026598893559840629 -0.0022013049780257128 -0.001925912160946423 -0.021480440206010778 0.0026504542141793331 -0.0027859272749006622 0.0011048869184815042 -0.0078679495652770257 -1.8776878515778961e-05 0.0065408455091104448 -0.0003884254647920265 0.0013557243225628497 0.00050715923434483767 -0.0014126954881988206 -0.0035182813249451149 0.0097953569434015373
leaf_weight=588.04856576025486 2510.6259022653103 30973.572277188301 4191.6265969872475 8145.8522296696901 44509.846744820476 2004.2067060619593 1797.2169745862484 445.64249970018864 26374.073241338134 943.41753895580769 2106.5656531751156 1108.7429783195257 19085.367849424481 2470.0240967720747 10601.015755668283 862.71614584326744 1178.0377772599459 9972.4401172250509 1560.7005822658539 5046.109435454011 100.09513367712498 21896.533767431974 1350.4879312366247 10419.876595467329 607.85391442477703 46948.712203875184 625.23497247695923 18982.618444994092 1277.3595041781664 31438.0030092448 1643.9678784757853 126.6403261423111 167.04677818715572
leaf_count=2370 10095 124519 16837 32655 178799 8054 7209 1784 106039 3796 8516 4441 76457 9954 42483 3488 4742 40764 6267 20344 401 89727 5417 41912 2440 188059 2534 76232 5122 126764 6582 507 671
internal_value=-7.10365e-06 0.000675536 0.000279505 -0.00103445 0.000925108 -0.00158877 -0.000437036 0.000107719 -0.00187978 -0.00111006 -0.00324573 -0.00260138 -0.00046496 -0.000247227 -0.000495828 0.00166132 0.000273003 0.00129119 -0.00494765 -0.00257482 0.000126713 0.002464 0.000997567 0.000826216 -0.00247295 -0.000292293 0.00111077 -0.000507246 -0.00187332 0.000331025 -0.002629 -0.0114479 -0.00029959
internal_weight=312060 187483 133750 124577 71631.4 61393.2 15173.4 13376.1 53247.4 25764.6 5671.47 27482.8 62119 56042.1 63183.9 53732.8 36956.8 56458 3667.27 5634.16 35778.7 22759.2 46485.6 10865.5 6076.84 57549.7 45135.1 20093.1 5468.99 33308.7 1870.7 226.735 19149.7
internal_count=1255981 756054 538320 499927 288514 246671 61000 53791 214016 103536 22837 110480 249806 225407 253256 217734 148950 227514 14783 22714 144208 93215 186750 43696 24399 230542 181333 80699 21959 134254 7490 908 76903
is_linear=0
shrinkage=0.0343682


Tree=62
num_leaves=34
num_cat=0
split_feature=2 2 24 24 13 2 26 16 13 13 12 12 8 13 17 5 8 9 12 3 17 16 16 17 16 8 5 20 9 5 8 17 13
split_gain=157.558 55.5835 47.2294 44.1387 32.4406 26.1937 24.0431 23.6643 23.3721 18.8881 25.5282 20.6589 18.5549 18.0855 17.1891 16.9675 15.9409 15.5064 15.355 15.2601 17.7402 15.8094 15.2002 21.5669 18.3484 23.8404 19.3122 15.6877 16.9963 15.0513 14.9207 14.7409 14.7273
threshold=0.22845400000000002 0.13680000000000003 2.5000000000000004 2.5000000000000004 0.47699950000000008 0.30154250000000005 3.5000000000000004 0.68274800000000002 0.5595770000000001 0.49366100000000007 9392.5000000000018 348.50000000000006 0.66700500000000018 0.48443300000000006 0.11932300000000001 0.42177000000000003 0.35647900000000005 0.28637550000000006 977.50000000000011 0.10781200000000002 0.42434900000000003 0.50137250000000011 0.45133950000000006 0.32999150000000005 0.52149350000000017 0.66018350000000015 0.48382650000000005 1.0000000180025095e-35 0.098126750000000026 0.47871950000000002 0.39398450000000002 0.18047800000000003 0.51893550000000011
decision_type=8 10 2 2 8 10 2 10 10 8 2 2 10 10 8 10 8 10 2 10 10 10 8 8 8 10 10 2 10 10 8 10 10
left_child=1 13 5 4 -3 9 12 -8 -9 10 -2 30 15 -1 -10 -6 31 32 -5 -17 21 -21 -13 -24 27 26 -26 -25 -29 -22 -11 -7 -4
right_child=2 3 17 18 6 16 7 8 14 11 -12 22 -14 -15 -16 19 -18 -19 -20 20 29 -23 23 24 25 -27 -28 28 -30 -31 -32 -33 -34
leaf_value=-0.0011745415236838208 -0.0023994183450459375 -0.0019356540749794102 -0.0043930363133623486 0.0006602281437200966 -0.00027140381192078438 0.0070782639711198534 0.00053638546585280805 -0.0028278178237780764 0.0085749031320727347 0.0091470001420100606 0.0086958816495309524 0.00070784288008051127 -0.0085498655955682911 0.0024817817624571705 0.00012760821844784144 0.0048613138717334041 -0.0016212889344561301 -0.0073849979207529053 -0.002191186851002998 0.0027207749397381515 -0.00032587375729751052 0.0011814440517200534 -0.00023731627357165269 -0.0011061940806019314 -0.0026112017448364556 -0.024864744982247243 0.0021335659752822521 -0.0034217145728346211 0.0032306824047173312 -0.0089858269501578471 0.0012101067781187542 -0.0063618302967506724 -0.0017177876790475579
leaf_weight=1724.4244505017996 8116.3784882724285 5751.1264881938696 3699.4192950725555 2900.2437618374825 6215.9873386770487 103.87784287333488 83737.911428168416 4922.2410029768944 343.35506992042065 294.4212648421526 252.55993984639645 10980.149512469769 222.6702529489994 21782.152408197522 1660.882773399353 1685.2294924408197 16208.111229270697 877.98861962556839 9662.7652360796928 12209.589904367924 2421.1439826786518 22227.48975263536 51459.981426730752 11819.084258779883 12573.848739549518 55.179905891418457 1102.0594556778669 577.72966966032982 2112.0795672088861 262.78906996548176 5622.263739913702 1337.318356141448 7086.5864966362715
leaf_count=6994 32561 23057 14881 11645 24942 419 336727 19786 1386 1182 1013 44003 902 89690 6700 6821 65320 3534 38775 49240 9725 89560 206241 47402 50468 221 4415 2314 8458 1055 22527 5454 28457
internal_value=-1.45363e-05 0.000656765 -0.000903063 0.000419481 0.000592628 -0.000704265 0.000699614 0.000376694 -0.0015539 -0.000498286 -0.00206458 -0.000362586 0.0013467 0.00221356 0.00157475 0.00139565 -0.00192929 -0.00299288 -0.00153292 0.00166267 0.00151746 0.00172721 -0.00049097 -0.000656129 -0.0014193 -0.00231981 -0.00222885 -0.000567071 0.00180185 -0.00117379 0.00160506 -0.0053931 -0.00263535
internal_weight=312009 177730 134279 154223 141660 122615 135909 90664.4 6926.48 104966 8368.94 96596.8 45244.9 23506.6 2004.24 45022.2 17649.3 11664 12563 38806.2 37121 34437.1 90680.1 79700 28240 13731.1 13675.9 14508.9 2689.81 2683.93 5916.69 1441.2 10786
internal_count=1255875 717005 538870 620321 569901 491998 546844 364599 27872 420805 33574 387231 182245 96684 8086 181343 71193 46872 50420 156401 149580 138800 363522 319519 113278 55104 54883 58174 10772 10780 23709 5873 43338
is_linear=0
shrinkage=0.0343682


Tree=63
num_leaves=34
num_cat=0
split_feature=4 14 8 25 20 17 16 16 14 20 8 17 10 16 25 10 16 26 4 15 26 29 15 15 16 7 16 7 14 8 15 11 11
split_gain=104.3 49.9138 43.9892 29.1024 36.0265 22.3781 29.4248 26.775 18.5615 19.5402 17.8318 17.6227 16.9361 22.7633 20.8578 19.045 17.9133 17.0429 16.5158 16.3846 14.8833 14.8144 16.7024 14.6404 16.0447 14.4979 16.0097 14.2166 17.5624 15.3543 14.6978 14.0432 21.8528
threshold=0.37267850000000008 0.13491250000000002 0.53645900000000013 1.5000000000000002 1.0000000180025095e-35 0.30382350000000008 0.48028100000000001 0.38645200000000007 0.1491915 1.0000000180025095e-35 0.35647900000000005 0.45801400000000009 0.12479500000000002 0.50705450000000007 1.5000000000000002 0.086240700000000017 0.63884050000000014 2.5000000000000004 0.35083050000000005 5775.5000000000009 2.5000000000000004 0.89500000000000013 55.500000000000007 6908.5000000000009 0.5705785000000001 0.43576250000000005 0.68605100000000008 0.50977200000000011 0.14302550000000003 0.43289850000000002 846.50000000000011 0.096808150000000023 0.099552500000000002
decision_type=10 10 10 2 2 10 10 10 10 2 8 10 8 10 2 10 10 2 8 2 2 2 2 2 10 10 10 8 10 8 2 8 10
left_child=2 12 8 4 20 7 27 -3 9 -1 -9 -6 13 14 -2 25 23 -16 -10 -17 -4 -12 -23 24 -14 -15 -27 28 -7 -29 -30 -8 -33
right_child=1 5 3 -5 11 6 31 10 18 -11 21 -13 16 15 17 19 -18 -19 -20 -21 -22 22 -24 -25 -26 26 -28 29 30 -31 -32 32 -34
leaf_value=0.000114170394455712 0.0045964744990694036 0.0082334416032436731 0.0022256526963868491 0.00011915635462001193 0.0040514452458953812 0.0034958458278957234 -0.0045618705889784623 -0.0051328639046002685 9.4471125222971096e-05 0.001844977452941571 -0.0011336003522437964 -0.0044068652668940774 -0.00062409424187837297 0.0048393464854185157 0.0065198821343072297 0.0015952097262887518 -0.0021363067181313375 -0.0027989145663909636 -0.0014665690285146566 -0.011424496280074048 0.0008658196252157702 0.0084415112554290673 7.7724135029998508e-06 0.0052352149855361104 0.0015810070349482085 -0.0037848007183158058 0.0018492089784174943 -0.020051819117944611 -0.0053048180603735388 -0.0014708571310543845 0.00030236722287485312 0.0050845164768808957 -0.0021491827259878713
leaf_weight=52829.180135712028 3386.1534769833088 398.26396545767784 12444.668470978737 25390.209613293409 7316.3908512592316 1912.0818935036659 2828.305997043848 1054.9835653305054 16737.472898557782 9019.9919719994068 26420.270406141877 303.00064466893673 13451.690723925829 359.29971253871918 304.89425228536129 6660.3908075690269 4885.7976703643799 967.13496312499046 15344.794637873769 116.16024962067604 40273.503917247057 281.68324683606625 18093.994127243757 656.53747172653675 5487.5003316998482 2484.6622402817011 783.64055639505386 53.043990731239319 620.87759459018707 5420.3079779148102 4990.0041047334671 501.47085706889629 30226.192701116204
leaf_count=211925 13843 1699 50537 102631 29708 7669 11350 4282 67068 36179 106105 1222 54066 1443 1250 26780 19659 3923 61505 467 163024 1134 72703 2639 22038 9973 3164 213 2496 21723 20036 2018 121470
internal_value=-6.92911e-06 -0.000739061 0.000532393 0.00109532 0.00150609 -0.00117475 -0.0017067 -0.00063931 1.86329e-05 0.000366589 -0.000716379 0.00371508 0.00028341 0.00119018 0.00318693 0.000296188 -0.000274484 -0.000565281 -0.000652167 0.00137203 0.00118682 -0.000612367 0.000137054 0.000189723 1.48187e-05 -0.00171355 -0.00243393 -0.000318291 0.000651275 -0.00165093 -0.000318101 -0.00224444 -0.00203113
internal_weight=312005 132345 179659 85727.8 60337.6 92801.5 46552.3 46249.2 93931.4 61849.2 45850.9 7619.39 39543.9 15062.3 4658.18 10404.2 24481.5 1272.03 32082.3 6776.55 52718.2 44795.9 18375.7 19595.7 18939.2 3627.6 3268.3 12996.3 7522.96 5473.35 5610.88 33556 30727.7
internal_count=1255942 532143 723799 347122 244491 372898 186975 185923 376677 248104 184224 30930 159245 60843 19016 41827 98402 5173 128573 27247 213561 179942 73837 78743 76104 14580 13137 52137 30201 21936 22532 134838 123488
is_linear=0
shrinkage=0.0343682


Tree=64
num_leaves=34
num_cat=0
split_feature=1 19 19 25 1 1 26 17 14 14 17 22 0 14 17 17 0 17 17 17 0 0 14 27 9 9 14 0 17 17 3 0 26
split_gain=159.403 48.774 37.3849 34.1064 32.5576 30.9829 26.8862 26.2996 22.485 19.6253 19.5053 18.906 22.4533 22.1208 21.932 25.5863 22.6497 18.5827 16.569 16.4914 16.4136 16.1217 16.6552 16.0622 15.2866 19.4737 16.5184 16.2075 14.6626 14.5134 14.1374 13.0011 13.786
threshold=0.54448200000000013 1.0000000180025095e-35 1.0000000180025095e-35 1.5000000000000002 0.50440950000000007 0.59155100000000005 7.5000000000000009 0.16814000000000004 0.12925850000000003 0.14878550000000004 0.30730600000000002 1.0000000180025095e-35 588.50000000000011 0.13071150000000001 0.29943750000000008 0.048249450000000006 11395.500000000002 0.38894550000000006 0.51275700000000002 0.45801400000000009 1029.5000000000002 4554.5000000000009 0.11619150000000002 21.550000000000004 0.087167550000000024 0.10923300000000001 0.13921650000000005 262.50000000000006 0.51275700000000002 0.47418700000000008 0.12314550000000002 9259.5000000000018 3.5000000000000004
decision_type=8 2 2 2 10 10 2 10 8 10 10 2 2 10 10 10 2 10 10 10 2 2 8 2 10 10 10 2 10 10 10 2 2
left_child=1 4 3 5 24 9 8 -3 -7 -2 -10 14 13 18 15 -6 28 23 -13 -8 -4 22 -22 -14 -1 -26 27 -27 -16 -24 -30 -17 -33
right_child=2 7 20 -5 11 6 19 -9 10 -11 -12 12 17 -15 16 31 -18 -19 -20 -21 21 -23 29 -25 25 26 -28 -29 30 -31 -32 32 -34
leaf_value=-0.0018527991926566775 0.0015667572966191919 0.001522337014663455 -0.0028531901438815658 0.00025551678175445171 -0.0049208548171795815 0.0047555879522688787 -0.00069862664345008026 -0.0024019832390953151 0.0031320863961334022 0.00011715961909434493 6.6979785736602908e-05 0.0044488344373502719 -0.0025908919061329158 -0.00030055037331607625 -0.00073813631904948108 0.0011633017952357926 0.0064131582078284137 0.0010504205956266026 -0.017224332267008105 0.0058269402688383197 0.011720444758143257 -0.0019953870777280379 0.00098778912188335496 -0.00070918780767004934 0.0011001076381684169 0.0025226780715066205 -0.001302848317203431 -0.00044274173313275879 -0.0020632815378479759 -0.016022850520668173 0.0074799466862492678 0.011298147480628904 0.00061090762073408213
leaf_weight=15970.117653027177 37366.943495452404 2222.788183927536 3390.6195594072342 31510.951721355319 811.44191434979439 6869.9879547357559 3619.5344437658787 21802.127160876989 9107.0787456482649 15652.461751997471 3355.9964918494225 2318.6065141707659 6954.4883846342564 3289.7510529607534 19330.936369210482 28330.575192600489 567.31266964972019 5381.9461110532284 42.426785662770271 523.61669865250587 170.0801655203104 3066.8740700334311 5015.810648843646 23343.348569333553 6630.7641529142857 2528.2282762080431 35731.190753921866 15670.438422426581 287.31111635267735 59.951769858598709 506.75767515599728 310.2846000790596 263.75779131054878
leaf_count=64060 150803 8924 13676 127350 3250 28441 14688 87831 37331 62916 13682 9302 27862 13179 77425 113532 2307 21557 170 2122 695 12348 20269 93545 26596 10139 143455 62807 1151 240 2030 1261 1068
internal_value=2.25897e-05 -0.000590334 0.00100715 0.00120708 -0.000383513 0.00159906 0.00263851 -0.0020389 0.00317693 0.00113881 0.00230673 5.31253e-05 -0.000491749 0.00152113 0.000499875 0.00109809 -0.00035921 -0.000810539 0.00405938 0.000126083 -0.000837907 -1.59058e-05 0.00114136 -0.00114111 -0.00090692 -0.000657487 -0.000873586 -3.07743e-05 -0.000550119 0.00078687 0.004027 0.00126706 0.00638763
internal_weight=312005 192295 119710 108007 168270 76495.6 23476.2 24024.9 19333.1 53019.4 12463.1 91738.9 41330.6 5650.78 50408.4 29716.1 20692.3 35679.8 2361.03 4143.15 11703.3 8312.72 5245.84 30297.8 76530.7 60560.6 53929.9 18198.7 20125 5075.76 794.069 28904.6 574.042
internal_count=1256012 771451 484561 437333 674696 309983 96264 96755 79454 213719 51013 367639 165615 22651 202024 119111 82913 142964 9472 16810 47228 33552 21204 121407 307057 242997 216401 72946 80606 20509 3181 115861 2329
is_linear=0
shrinkage=0.0343682


Tree=65
num_leaves=34
num_cat=0
split_feature=1 1 19 2 5 25 14 0 2 1 0 14 27 18 18 12 0 0 12 14 18 5 5 12 14 25 5 12 11 27 14 11 1
split_gain=159.613 44.1083 37.244 34.1897 35.1765 23.1539 20.84 21.5716 20.3733 20.3691 17.8919 18.609 18.2835 17.8856 19.77 17.526 19.9196 16.5032 16.4851 20.7976 16.0115 15.5591 14.9557 16.193 14.1345 14.0293 15.7851 15.6088 17.4338 13.8762 15.43 13.3003 13.1296
threshold=0.54267350000000014 0.50440950000000007 1.0000000180025095e-35 0.084447900000000006 0.407723 1.5000000000000002 0.12071850000000002 136.50000000000003 0.18449400000000002 0.44737450000000006 10658.500000000002 0.13364150000000005 8.9500000000000011 0.30203900000000006 0.19521350000000001 3739.5000000000005 2501.5000000000005 5524.5000000000009 476.50000000000006 0.16395950000000001 0.14651900000000004 0.4427870000000001 0.40187150000000005 209.50000000000003 0.14671250000000005 1.5000000000000002 0.50314600000000009 348.50000000000006 0.11043550000000001 74.050000000000011 0.13845750000000004 0.16632450000000001 0.69879200000000008
decision_type=10 8 2 10 10 2 8 2 10 10 2 10 2 10 10 2 2 2 2 10 8 10 10 2 8 2 10 2 8 2 10 10 10
left_child=1 8 3 25 18 6 15 -8 -1 -10 11 -3 22 14 21 16 -6 -15 32 -20 -4 -9 -13 -24 -22 27 -27 -2 -29 -23 -31 -32 -5
right_child=2 10 20 4 5 -7 7 13 9 -11 -12 12 -14 17 -16 -17 -18 -19 19 -21 24 29 23 -25 -26 26 -28 28 -30 30 31 -33 -34
leaf_value=0.0029396146287424593 0.010086374252392477 0.0006408472035745698 -0.0031014039617326527 0.00079617384235267119 0.003476784988654951 0.00040756168773918458 -0.0027841523589421623 0.00016171549484078068 -0.0024050048451131475 -0.0010051357333810381 0.0032304953256851697 -0.0063813622027872243 -0.00025177507053400228 0.00032065713811986062 0.0025864144071171252 0.011816799940546513 -0.00076204212550440862 -0.0052143308554529252 -0.0019976766944756505 -0.011880050750529413 0.00087292828457407668 0.0021109578017284285 0.0062951594045219921 -0.0017630632240207753 -0.0019440835974479883 0.0031704747963876368 -0.009035546959189459 0.0082465061587543333 0.00052389859016623334 0.0026229541478623953 0.00023793409193988515 -0.004158172062049657 0.014641045801873804
leaf_weight=1402.886209115386 787.8016954511404 24195.456764727831 2861.6715622544289 1378.6658397465944 7925.3091143518686 30248.125981748104 1484.3423542976379 12134.375014781952 14681.294206380844 74986.914762854576 1848.5439027696848 801.91689972579479 62479.559036299586 5956.1867444962263 17009.273496821523 260.23465174436569 1568.6890326142311 712.38489155471325 4072.4773030728102 268.09807416796684 5774.592327401042 19179.456477403641 305.79210697114468 8014.2990221381187 3309.6709672063589 733.80635023117065 150.87508054077625 632.87856395542622 759.83237254619598 2063.0709344595671 2779.7772855162621 1148.8802544772625 85.951390638947487
leaf_count=5623 3278 96998 11496 5564 32328 122144 6001 48837 59343 300877 7484 3212 250274 24079 68965 1056 6388 2860 16375 1074 23396 77658 1225 32098 13305 3062 615 2760 3157 8365 11225 4621 354
internal_value=2.32044e-06 -0.000625976 0.000964065 0.00115973 0.0010584 0.00120584 0.00154018 0.00130948 -0.00117004 -0.00123434 -0.000118546 -0.000183171 -0.000461622 0.00140912 0.00161536 0.0030176 0.00277641 -0.00027063 -0.00154421 -0.00260807 -0.000859595 0.00117261 -0.00189893 -0.0014669 -0.000153394 0.00473916 0.00108884 0.00622018 0.00403322 0.00165993 0.000216215 -0.00104764 0.00160866
internal_weight=312003 188717 123286 111340 108275 102470 72222 62467.7 91071.1 89668.2 97645.6 95797 71601.6 60983.4 54314.8 9754.23 9494 6668.57 5805.19 4340.58 11945.9 37305.6 9122.01 8320.09 9084.26 3065.19 884.681 2180.51 1392.71 25171.2 5991.73 3928.66 1464.62
internal_count=1256097 757134 498963 450766 437894 414527 292383 252611 365843 360220 391291 383807 286809 246610 219671 39772 38716 26939 23367 17449 48197 150706 36535 33323 36701 12872 3677 9195 5917 101869 24211 15846 5918
is_linear=0
shrinkage=0.0343682


Tree=66
num_leaves=34
num_cat=0
split_feature=1 24 19 19 1 14 26 17 25 14 1 7 26 29 1 6 24 7 6 25 7 18 7 17 29 6 15 26 15 18 7 6 15
split_gain=138.657 55.1859 47.5889 38.5121 33.2054 29.8136 29.0635 23.6574 18.9053 19.5483 18.3961 19.8586 18.2348 17.4879 16.5774 16.1556 16.092 15.718 15.4878 15.3253 15.2336 15.2001 15.0017 14.8812 13.7561 13.6699 13.4585 12.9264 16.1732 14.0888 13.2657 14.1192 12.7285
threshold=0.54448200000000013 1.5000000000000002 1.0000000180025095e-35 1.0000000180025095e-35 0.47761450000000005 0.13418700000000003 4.5000000000000009 0.16814000000000004 1.5000000000000002 0.12808000000000003 0.57901050000000021 0.41048700000000005 3.5000000000000004 1.1650000000000003 0.50571350000000004 0.64248100000000019 2.5000000000000004 0.50738000000000016 0.49374900000000005 1.0000000180025095e-35 0.31455050000000007 0.14651900000000004 0.50363650000000015 0.39688950000000006 2.4250000000000003 0.34391800000000006 424.50000000000006 2.5000000000000004 8036.5000000000009 0.31642500000000001 0.55215650000000005 0.59135100000000007 982.50000000000011
decision_type=10 2 2 2 8 10 2 10 2 8 10 8 2 2 10 10 2 10 10 2 8 10 10 10 2 10 2 2 2 10 10 10 2
left_child=1 4 15 6 19 17 10 -4 9 -8 27 -12 25 -13 -14 -3 21 22 -11 -1 -21 -5 -6 -15 26 -7 -10 -2 29 -29 -31 -32 -20
right_child=3 2 7 16 5 12 8 -9 24 18 11 13 14 23 -16 -17 -18 -19 32 20 -22 -23 -24 -25 -26 -27 -28 28 -30 30 31 -33 -34
leaf_value=-0.0020272540318258818 0.0018624196930842247 -0.0013751411650393052 0.001847938420368063 -0.0029442787870504437 0.0015478003586081453 -0.003281468042509251 0.0023053961156101186 -0.0050765769914377715 -0.0029238710313004858 -0.00063694208817896862 -0.012758774066218996 0.0019137645941634622 -0.0014727959045070806 0.0046842722888994787 -0.00022759316327982003 0.00097094123128031653 -0.0053201405796848046 0.00015902565003451905 -0.00027610629578956437 -0.006110916973614028 -0.00027390999952593307 0.00011063534786529373 0.006867273668143453 -0.00037965363408233094 0.0026684547434204721 0.00057467664335694366 -0.00022889243425901581 0.0011489944051927383 -0.0027946263425706716 0.00032104524324217391 -0.013821326425150115 -0.00060437625339473434 0.0015497652655112235
leaf_weight=15188.430222928524 12472.833959922194 40036.571793243289 649.64316752552986 2510.6966328769922 13712.585622280836 1131.622633472085 10004.038824304938 5662.1265763789415 2631.4880025833845 9070.6681424826384 101.56031633913517 17414.309198826551 19246.39829672873 5398.7188761383295 36726.028382912278 3795.6491428315639 928.22317761182785 13548.259689331055 6233.5486808419228 547.85082407295704 14668.663341969252 8229.9872635751963 656.17031334340572 785.14110903441906 1594.7425516992807 26850.378329455853 13009.824668392539 10255.247869446874 1717.6283291429281 506.35768313705921 221.21851924061775 167.94856186211109 16307.637788280845
leaf_count=61153 50284 160582 2610 10087 54925 4537 40696 22856 10621 36433 407 71345 77178 22132 147128 15219 3738 54347 25199 2224 59028 33263 2631 3213 6430 107600 52475 41328 6898 2035 891 678 65942
internal_value=-2.22257e-05 -0.000593355 -0.00157375 0.000896939 -0.000247823 2.58981e-05 0.00109979 -0.00436387 0.000584878 0.0009813 0.00171771 0.00240602 -0.000297634 0.00247129 -0.000655762 -0.00117198 -0.000978664 0.000998852 0.00056227 -0.00125495 -0.000484064 -0.000603468 0.00179072 0.00404132 -0.000372271 0.00041873 -0.000682295 0.00107399 0.000309799 0.000787995 -0.00334605 -0.00811743 0.00104484
internal_weight=311982 192420 50144 119562 142276 111871 107893 6311.77 58851.9 41615.9 49041 23699.7 83954.4 23598.2 55972.4 43832.2 11668.9 27917 31611.9 30404.9 15216.5 10740.7 14368.8 6183.86 17236.1 27982 15641.3 25341.2 12868.4 11150.8 895.525 389.167 22541.2
internal_count=1256113 772018 201267 484095 570751 448346 437007 25466 237796 168270 199211 97097 336443 96690 224306 175801 47088 111903 127574 122405 61252 43350 57556 25345 69526 112137 63096 102114 51830 44932 3604 1569 91141
is_linear=0
shrinkage=0.0343682


Tree=67
num_leaves=34
num_cat=0
split_feature=2 24 19 4 13 23 13 13 8 23 24 2 4 13 2 8 3 7 8 3 3 13 23 4 3 4 13 3 4 2 13 3 8
split_gain=107.39 62.6885 45.9549 42.7479 40.3354 29.3014 28.5278 22.6519 22.1165 18.1363 18.921 17.2538 17.1837 17.5813 16.9781 16.5622 32.4619 15.144 14.6498 15.083 15.4398 14.5188 14.2752 17.1336 15.6563 15.2827 16.5969 15.0565 20.8623 15.1308 14.1056 13.9761 19.0776
threshold=0.18527100000000002 1.5000000000000002 1.0000000180025095e-35 0.37367700000000009 0.5557025000000001 1.0000000180025095e-35 0.47699950000000008 0.51804850000000002 0.37087750000000003 1.0000000180025095e-35 2.5000000000000004 0.12409250000000001 0.32790300000000006 0.48161400000000004 0.2414395 0.53288750000000007 0.12678850000000005 0.3774205000000001 0.40022350000000007 0.083626800000000015 0.16488450000000002 0.60831400000000013 1.0000000180025095e-35 0.34407150000000003 0.10979600000000002 0.31036600000000009 0.58312150000000007 0.15825650000000005 0.35722750000000009 0.27532550000000006 0.48921550000000008 0.15767650000000002 0.5582140000000001
decision_type=8 2 2 10 8 2 8 10 8 2 2 10 10 10 8 8 10 8 10 10 10 10 2 10 10 10 8 10 10 10 8 10 8
left_child=4 3 8 14 5 12 -5 -7 -3 18 -11 -6 -1 -14 30 16 -8 -12 -10 -20 -21 -4 25 -24 -25 26 -16 28 -27 -30 -2 -32 -33
right_child=1 2 21 6 11 7 15 -9 9 10 17 -13 13 -15 22 -17 -18 -19 19 20 -22 -23 23 24 -26 27 -28 -29 29 -31 31 32 -34
leaf_value=0.0034738593827152785 -0.0012100353949412782 -0.0051846950762079666 -0.0040879698086494247 -0.0041602158372098077 0.0038212834746636001 -0.001745936414812766 0.0015424455973621779 0.00041254980847849223 0.0029332670771154003 -0.00093655206237979783 -0.011316609675119214 0.0017080239231822118 -0.0019555580891255512 0.0012479112962861365 -0.0039264661495288233 -0.0015060674550200761 -0.00063990581257518592 -0.002830837327776772 -0.0088969484262209023 -3.148338855237415e-05 -0.0020737259251265103 0.008035483720697496 0.00055766998191957929 0.0066561498959118561 -0.0018914111095716152 0.0030166846312019322 0.011726311733712701 -0.00061731566443694991 0.00109938242763679 -0.0032496877946722536 0.0011991830296283034 0.00048610133029921144 -0.0031151823536099167
leaf_weight=3736.0109693408012 3977.3493532985449 1443.1417127549648 7235.9739449471235 2666.0058718919754 6097.5770602673292 8386.739581823349 9751.1456326544285 18216.022342160344 1544.9849461168051 14094.567759618163 258.45796091854572 18138.026448369026 2202.6095245331526 24898.691344752908 1293.2202817052603 16242.160076275468 46169.70877468586 6390.8565844148397 250.66017818450928 22488.059351369739 5428.0362406075001 118.59107394516468 6263.3283024728298 259.18066492676735 10816.974929645658 5587.3781070411205 85.289333492517471 5634.5922980159521 3505.8668575882912 1293.5180426537991 44278.30432112515 11179.582704916596 2057.2264780700207
leaf_count=15294 15942 5830 29176 10713 25375 33809 39090 73790 6212 56557 1043 73678 8872 100889 5180 65077 185448 25645 1005 90192 21764 477 25106 1039 43399 22388 342 22573 14035 5181 178068 44781 8265
internal_value=-6.82848e-06 -0.000386541 -0.00134995 -5.28289e-05 0.00106391 0.000567804 -0.000668946 -0.000267931 -0.000989646 -0.000869658 -0.00164948 0.00223971 0.00128878 0.000987555 0.000426259 -0.000539964 -0.00025936 -0.00316068 -0.000325209 -0.000503941 -0.000428579 -0.00389248 -0.000181097 -0.000878996 -0.0016914 0.00051438 -0.00295802 0.000813152 0.00158915 -7.27679e-05 0.000769376 0.000906259 -7.35997e-05
internal_weight=311990 230314 59253.3 171061 81675.7 57440.1 74829 26602.8 51898.8 50455.6 20743.9 24235.6 30837.3 27101.3 96231.8 72163 55920.9 6649.31 29711.7 28166.8 27916.1 7354.57 34739.3 17339.5 11076.2 17399.9 1378.51 16021.4 10386.8 4799.38 61492.5 57515.1 13236.8
internal_count=1256235 924528 237901 686627 331707 232654 300328 107599 208248 202418 83245 99053 125055 109761 386299 289615 224538 26688 119173 112961 111956 29653 139243 69544 44438 69699 5522 64177 41604 19216 247056 231114 53046
is_linear=0
shrinkage=0.0343682


Tree=68
num_leaves=34
num_cat=0
split_feature=2 24 19 25 14 19 2 2 18 28 22 24 23 25 24 14 26 2 18 18 18 26 18 18 2 14 26 7 14 8 18 7 7
split_gain=99.5679 60.5672 42.9699 32.7002 30.7336 25.7051 24.4789 21.043 17.9543 17.313 17.2362 19.0354 15.9469 22.4721 15.7008 15.5599 15.2739 14.8565 14.5166 14.1418 16.1799 14.0521 13.9056 14.7988 13.7201 12.7007 12.619 13.0633 12.8093 12.2332 12.0889 12.0167 11.8002
threshold=0.18527100000000002 1.5000000000000002 1.0000000180025095e-35 1.5000000000000002 0.14499350000000003 1.0000000180025095e-35 0.25824650000000005 0.12409250000000001 0.19160750000000001 1.0000000180025095e-35 1.0000000180025095e-35 2.5000000000000004 1.0000000180025095e-35 1.0000000180025095e-35 1.0000000180025095e-35 0.14850150000000004 8.5000000000000018 0.20888600000000002 0.26655000000000001 0.13171350000000001 0.43998300000000007 4.5000000000000009 0.17492000000000002 0.37314650000000005 0.26159050000000006 0.1706445 2.5000000000000004 0.44741300000000006 0.14276750000000002 0.4040200000000001 0.049529300000000005 0.3774205000000001 0.73385400000000012
decision_type=8 2 2 2 10 2 10 10 10 2 2 2 2 2 2 10 2 10 10 10 10 2 10 10 10 10 2 10 10 10 10 8 10
left_child=3 6 10 4 7 8 26 -1 -6 18 15 17 16 -14 -5 19 -8 -12 -4 29 -21 -9 -16 -24 -18 -15 27 -2 -28 -3 -30 -13 -10
right_child=1 2 9 14 5 -7 12 21 32 -11 11 31 13 25 22 -17 24 -19 -20 20 -22 -23 23 -25 -26 -27 28 -29 30 -31 -32 -33 -34
leaf_value=0.0036523610816041776 -0.0011779872173559339 0.0026170192108112898 -0.0058610755624658199 -0.0017561904896070929 -0.00015611704584616134 -0.0035619945444277275 -0.00032060814482244652 0.0024084743831740839 0.002230039607332561 -0.0019536069514456411 0.0010333324239643687 -0.0090161330194231531 -0.0023985485728679886 -1.1103617687513497e-05 -0.00047982569737673781 -0.0014156168906782494 -0.0061316946013677143 -0.0015906506659204556 0.0024495906774926177 0.0012428153253740289 -0.0077542837601777565 0.00095496115067695729 0.0018678637473135301 -0.0027240658091273184 0.0036393133717201073 -0.0048612135084089752 0.00047038175747151728 0.0011722949828608406 -0.0018339503503026846 -0.0013272366028536863 -0.00013547473664008079 -0.002835183681226254 -0.014667819599840018
leaf_weight=7681.549005433917 3165.0622146129608 1058.0957452058792 3680.1970585137606 4912.3747807443142 10184.082679539919 1793.4240793436766 21867.45614606142 14980.001125797629 6893.4474861621857 3397.2248832434416 3307.6812300384045 394.342937245965 11520.405891224742 11486.355736613274 9640.5512188673019 11587.019040763378 186.47566471993923 11106.415978401899 266.21919870376587 10177.72051769495 241.70126065611839 16520.536430165172 8095.4914298653603 923.56872045993805 1891.7502465695143 675.21901217103004 45974.873731836677 23786.060937270522 5561.3261174410582 7601.3677548915148 45009.662019714713 6420.7615421414375 49.161812320351601
leaf_count=31965 12683 4259 14843 19909 41104 7228 87739 60903 27978 13706 13286 1595 46404 46237 38950 46489 747 44563 1068 40821 969 66883 32886 3747 7590 2724 184499 95494 22308 30488 180480 25768 201
internal_value=2.11509e-05 -0.000344401 -0.00129156 0.0010522 0.00149021 0.000352719 -1.65204e-05 0.00203948 0.000762649 -0.00375218 -0.000943359 -0.00169615 -0.000678425 -0.00131079 -2.74664e-05 -0.000422219 -5.3021e-05 -0.000988511 -0.00530045 0.000181093 0.00103411 0.00164618 0.000427642 0.00139764 0.00276258 -0.000280385 0.000238749 0.000896285 5.51953e-05 -0.00084529 -0.000322257 -0.00319283 0.00211038
internal_weight=312038 230363 59238.7 81674.2 58102.2 18920.1 171125 39182.1 17126.7 7343.64 51895.1 21229.2 47627.7 23682 23572 30665.9 23945.7 14414.1 3946.42 19078.9 10419.4 31500.5 18659.6 9019.06 2078.23 12161.6 123497 26951.1 96545.9 8659.46 50571 6815.1 6942.61
internal_count=1256514 924760 237855 331754 236262 76511 686905 159751 69283 29617 208238 85212 191441 95365 95492 123026 96076 57849 15911 76537 41790 127786 75583 36633 8337 48961 495464 108177 387287 34747 202788 27363 28179
is_linear=0
shrinkage=0.0343682


Tree=69
num_leaves=34
num_cat=0
split_feature=2 2 24 19 13 24 19 13 9 24 17 3 3 28 13 6 3 9 2 3 9 3 2 3 17 13 6 28 23 13 3 9 6
split_gain=102.65 41.2889 36.6859 35.6196 27.581 22.3792 22.0387 21.954 21.5515 21.5375 14.588 14.0913 15.3023 13.8465 13.536 14.1165 13.3937 13.2153 12.9085 12.1731 13.0535 15.4199 17.2633 12.2911 17.2799 12.5539 11.9537 11.8924 11.8237 13.453 11.556 11.5338 11.5259
threshold=0.23184950000000001 0.12766550000000002 1.5000000000000002 1.0000000180025095e-35 0.48921550000000008 2.5000000000000004 1.0000000180025095e-35 0.59260250000000014 0.28637550000000006 2.5000000000000004 0.16814000000000004 0.083626800000000015 0.15793900000000002 1.0000000180025095e-35 0.48443300000000006 0.33484850000000005 0.14864950000000002 0.087167550000000024 0.26227750000000005 0.18900850000000005 0.23271750000000002 0.17227150000000005 0.26543350000000004 0.12979150000000003 0.17159550000000004 0.52611950000000018 0.55898200000000009 2.5000000000000004 1.0000000180025095e-35 0.61806400000000006 0.17344950000000001 0.32338050000000007 0.52132250000000013
decision_type=10 8 2 2 8 2 2 10 10 2 10 8 10 2 8 10 10 10 10 10 10 10 10 10 10 8 10 2 2 10 10 10 10
left_child=1 7 14 4 16 -5 8 -1 17 11 -8 -6 -13 -12 27 18 -3 -4 -16 20 -17 23 -23 25 -25 -22 -10 -2 -11 -30 -19 -7 -21
right_child=2 3 6 5 9 31 10 -9 26 28 13 12 -14 -15 15 19 -18 30 -20 32 21 22 -24 24 -26 -27 -28 -29 29 -31 -32 -33 -34
leaf_value=0.0017038735891657776 -0.0018411505041965146 -0.0019798142003971519 -0.0024352260803546942 -0.00078851436276591131 -0.0025788260479026894 -0.0048881049091959398 0.0024961996820278783 0.005415117468106607 -0.0053601974478524154 0.00021150673081344362 -0.0062845079318836934 0.0010115000287461181 7.1326323317685004e-05 -0.0024167439873223544 -7.6022641568710387e-05 -0.00019552043669103798 0.00068094596859841954 -0.00026903417425084213 -0.0023933366103517637 -0.0028790438909462607 -0.0010799043912182794 0.00082848266171376783 0.0072479904567623564 0.0040266879510385762 -0.00076577595597789744 0.00649367284338503 0.0076483526831870744 -0.011139718375631597 -0.0022521059597515069 0.0096602376592118348 -0.0025198370948754079 -0.022006462811885827 0.0012305651606159195
leaf_weight=13901.111524447799 4555.0432877242565 7247.5753310769796 6446.6794911175966 14446.534280359745 1448.7188791036606 1228.0303703397512 389.60205329954624 2177.6754745393991 1908.8879959136248 6673.9046951979399 2296.782879114151 105577.45290055871 25359.963104426861 2086.4592086970806 4963.8853491395712 61882.195681408048 3230.7295771837234 16314.218894809484 6634.0570874065161 3303.1685152947903 400.89217106997967 1051.4407906085253 934.64590382575989 1042.5711079835892 6019.7476664036512 727.91946232318878 87.250948384404182 168.47007188200951 4996.3167984187603 114.5467699021101 3227.2806893587112 48.319404885172844 1066.3167025893927
leaf_count=57432 18305 29089 25865 57964 5837 4923 1569 9045 7673 26814 9302 425765 101832 8451 19917 248198 12962 65457 26782 13275 1608 4213 3759 4176 24147 2917 350 678 20066 461 12967 194 4277
internal_value=3.02139e-05 0.000541709 -0.000729651 0.000384594 0.000543045 -0.00117392 -0.00171838 0.00220652 -0.00135022 0.00066678 -0.00387695 0.00079211 0.000829407 -0.00444342 -0.000380457 -0.00028428 -0.00115943 -0.00108589 -0.00140153 -0.000114739 -7.93169e-06 0.00113269 0.00384948 0.000473961 -5.8291e-05 0.00380395 -0.0047916 -0.0021728 -0.000741135 -0.00198512 -0.000640755 -0.00553616 -0.00187615
internal_weight=311958 186451 125508 170372 154649 15722.9 32757.2 16078.8 27984.3 144171 4772.84 132386 130937 4383.24 92750.4 88026.8 10478.3 25988.2 11597.9 76428.9 72059.4 10177.2 1986.09 8191.13 7062.32 1128.81 1996.14 4723.51 11784.8 5110.86 19541.5 1276.35 4369.49
internal_count=1256270 752384 503886 685907 622826 63081 131634 66477 112312 580775 19322 533434 527597 17753 372252 353269 42051 104289 46699 306570 289018 40820 7972 32848 28323 4525 8023 18983 47341 20527 78424 5117 17552
is_linear=0
shrinkage=0.0343682


Tree=70
num_leaves=34
num_cat=0
split_feature=1 13 13 19 15 1 13 18 8 3 15 1 29 15 8 27 17 18 18 7 15 16 17 1 16 15 8 7 3 19 15 15 27
split_gain=108.316 45.9753 31.5405 27.7736 26.6179 25.873 25.6449 19.7038 19.6475 17.0161 17.7449 16.7586 15.9684 15.3701 16.1555 16.6386 15.3455 15.3867 24.6041 15.2595 15.4024 15.1818 15.0645 14.9395 14.8885 20.124 15.5057 16.3364 14.62 16.6188 14.3184 14.7937 17.4533
threshold=0.5185320000000001 0.5538145000000001 0.47699950000000008 1.0000000180025095e-35 344.50000000000006 0.5887110000000001 0.50553800000000015 0.13358700000000004 0.52428450000000015 0.11852350000000002 4140.5000000000009 0.57201050000000009 0.74500000000000011 628.50000000000011 0.54554100000000016 99.65000000000002 0.16814000000000004 0.16264550000000003 0.20203400000000002 0.5049340000000001 815.50000000000011 0.46536300000000003 0.41563600000000006 0.46875450000000002 0.50414800000000015 1683.5000000000002 0.52091050000000017 0.47068350000000009 0.15793900000000002 1.0000000180025095e-35 2701.5000000000005 800.50000000000011 81.15000000000002
decision_type=10 10 8 2 2 10 8 8 10 10 2 10 2 2 8 2 8 8 10 10 2 8 8 10 10 2 10 8 10 2 2 2 2
left_child=3 2 28 6 8 -6 21 9 -4 10 -8 13 -13 14 15 -3 -5 23 -19 20 -7 -1 -23 -18 25 -20 27 -26 29 -2 31 32 -25
right_child=1 11 4 16 5 19 7 -9 -10 -11 -12 12 -14 -15 -16 -17 17 18 24 -21 -22 22 -24 30 26 -27 -28 -29 -30 -31 -32 -33 -34
leaf_value=0.00047154166174067784 -0.0019122112131747583 0.0043586497651956447 0.00089142177894715525 0.001181531315712264 0.00025470993273891946 -0.0081234239265100781 0.00076250523916972528 0.00019914196996357461 -0.0023673366227579184 -0.0010178935535655269 0.010093425245854553 0.0011879687947194998 0.0031586221551299452 0.00037305370205300653 0.00057214469556361638 -0.0057976618187723337 -0.0032270455199802416 -0.0070506348625393725 0.0018415756336632467 0.0018769817329474874 6.5353952024558331e-05 -0.0018892069281815627 -0.005866695699937691 -0.00040926600899824234 -0.0068235092017282974 0.02444178618310312 -0.017185712684860365 0.0056147312456710508 0.0018065165209278661 -0.0073707055168569973 -0.0029403342948104766 0.0014646153647766889 -0.0081096694514493986
leaf_weight=2975.8737581521273 5905.2498512119055 3538.6616050750017 3176.0844914019108 1593.8637986034155 103348.09803123772 329.54214914143085 3404.4475272893906 42222.827301934361 7005.5865792632103 42916.423574492335 259.05233870446682 9154.4456565380096 10345.824622482061 18534.395515173674 3538.2224893718958 201.3700262606144 5717.525108858943 1790.5747926533222 241.80736301839352 18896.06846152246 1535.3433488756418 13580.433177873492 1226.2957008928061 1372.0292440801859 265.6279808729887 57.628504782915115 81.058267265558243 235.12776927649975 1070.5324678272009 741.55280692875385 2738.5268520712852 3410.8431993424892 465.66645488142967
leaf_count=11925 23727 14217 12764 6407 415093 1324 13648 169187 28262 172235 1045 37490 42632 74552 14269 808 23289 7214 969 77346 6175 54537 4926 5514 1072 231 325 944 4296 2982 11028 13711 1873
internal_value=-2.38803e-06 0.000519889 0.000215744 -0.000787848 0.000338529 0.000477118 -0.000577121 -0.000338564 -0.0013508 -0.000825972 0.00142231 0.00147306 0.00223349 0.000898591 0.00223689 0.00381182 -0.00203771 -0.00235103 -0.00473692 0.00158427 -0.00138168 -0.00176843 -0.00221862 -0.00188588 -3.57784e-05 0.00619114 -0.00324052 -0.000983185 -0.00192086 -0.00252119 -0.000925814 0.000125301 -0.00236052
internal_weight=311877 187321 142008 124556 134291 124109 106585 88802.8 10181.7 46579.9 3663.5 45312.9 19500.3 25812.6 7278.25 3740.03 17970.3 16376.4 2671.82 20761 1864.89 17782.6 14806.7 13704.6 881.25 299.436 581.814 500.756 7717.34 6646.8 7987.07 5248.54 1837.7
internal_count=1256017 755937 571969 500080 540964 499938 427503 356115 41026 186928 14693 183968 80122 103846 29294 15025 72577 66170 10755 84845 7499 71388 59463 55415 3541 1200 2341 2016 31005 26709 32126 21098 7387
is_linear=0
shrinkage=0.0343682


Tree=71
num_leaves=34
num_cat=0
split_feature=19 6 14 12 18 5 3 18 8 18 18 18 28 8 14 22 11 29 5 3 11 6 8 18 8 18 3 6 8 29 6 11 3
split_gain=68.5332 45.8937 31.8644 28.5802 24.987 23.2711 21.8178 21.0129 18.4765 19.2768 18.3376 18.2226 16.2306 15.8907 15.3406 14.8371 14.8077 13.8506 17.6859 17.0738 13.559 13.3964 13.3935 13.1627 15.1467 14.4963 13.0401 12.8197 12.7532 33.7599 14.7002 16.3151 16.6646
threshold=1.0000000180025095e-35 0.60221200000000008 0.14286300000000005 225.50000000000003 0.16463550000000002 0.46783550000000002 0.13898950000000002 0.30921200000000004 0.46163950000000004 0.013178750000000001 0.26655000000000001 0.0034174750000000005 1.0000000180025095e-35 0.45503600000000005 0.14768750000000005 1.0000000180025095e-35 0.05961265000000001 0.66500000000000015 0.41871450000000004 0.18900850000000005 0.069810150000000001 0.5358980000000001 0.37087750000000003 0.075735050000000012 0.46290700000000001 0.12637500000000002 0.15485650000000004 0.41149000000000008 0.62017050000000007 1.0000000180025095e-35 0.73797950000000012 0.13081700000000004 0.11069650000000002
decision_type=2 10 10 2 10 10 8 10 10 10 10 10 2 10 10 2 10 2 10 10 8 10 8 10 8 10 8 8 10 2 10 10 10
left_child=1 2 -1 16 6 10 -5 15 13 -10 12 -3 14 22 -2 -6 -4 -9 -19 20 -20 -15 -8 24 -7 -25 27 -14 30 -30 31 32 -13
right_child=5 11 3 4 7 23 8 17 9 -11 -12 28 26 21 -16 -17 -18 18 19 -21 -22 -23 -24 25 -26 -27 -28 -29 29 -31 -32 -33 -34
leaf_value=0.00035834050804206926 -0.0020224896256591882 -0.002307688843414259 0.0069551655024510982 -0.0002090980736515418 0.0010333421323583561 0.0021579815308947975 -0.0047924287023799203 -0.0026259420221515419 -0.0056253101329286712 -0.00075732385246422395 0.0011782414997512736 0.0027468437980449063 -0.0042617767061732242 -0.0052001158911443406 -0.0043772512546332307 -0.00049175785786344922 0.0013106845273815379 0.0095248275004175056 0.014512871408750584 -0.0093949772078847863 -0.00040015328566049427 -0.018958135269729795 -0.0017153400271026841 0.0043463484408098408 -0.0045296074077249794 0.00016647982744596236 0.00027521043547095418 -0.0011950404871097873 -0.0099891184311825202 0.0022216640820396367 -0.00072747973871402772 0.0015997061980872207 -0.00031817931933595306
leaf_weight=105370.30465759337 8406.4019040763378 1920.0449985414743 620.93426507711411 21359.002125948668 20182.947021335363 603.8808758854866 1975.8560936897993 4883.8442746549845 1006.1689126193523 21327.132144480944 2148.5927166193724 2500.7289999723434 2233.7794287651777 1257.4949738681316 5346.0608799010515 12023.191591411829 4737.1068142056465 211.39671064913273 72.763217687606812 249.47365291416645 6984.4369685053825 89.550380736589432 10822.614847913384 1267.8599481135607 1185.0389620661736 4317.2821317464113 4416.5034928917885 5766.1699519753456 272.62558767199516 14063.26263307035 6293.3627297580242 25038.507660970092 12923.168605744839
leaf_count=423969 33879 7733 2511 85764 81059 2432 8000 19582 4035 85508 8781 10116 9039 5049 21569 48305 19032 849 292 1001 27998 359 43556 5086 4759 17346 17820 23212 1100 57852 25316 101035 52158
internal_value=-8.95071e-06 0.000174195 -6.66711e-05 -0.000482088 -0.000610064 -0.00142616 -0.00108144 1.11133e-06 -0.00159221 -0.000976638 -0.00187398 0.000989068 -0.00212459 -0.00256409 -0.00293787 0.000463992 0.00196481 -0.00120093 -0.00027522 -0.000558755 -0.000246393 -0.00611474 -0.00219039 0.000293557 -0.0022721 0.00111533 -0.0012238 -0.00205135 0.00109268 0.00198945 0.000817721 0.00105806 0.000178763
internal_weight=311877 276186 213174 107804 102446 35691.6 57837.8 44608.1 36478.8 22333.3 28317.5 63011.7 26168.9 14145.5 13752.5 32206.1 5358.04 12401.9 7518.07 7306.67 7057.2 1347.05 12798.5 7374.06 1788.92 5585.14 12416.5 7999.95 61091.7 14335.9 46755.8 40462.4 15423.9
internal_count=1256102 1112179 856869 432900 411357 143923 232271 179086 146507 89543 114300 255310 105519 56964 55448 129364 21543 49722 30140 29291 28290 5408 51556 29623 7191 22432 50071 32251 247577 58952 188625 163309 62274
is_linear=0
shrinkage=0.0343682


Tree=72
num_leaves=34
num_cat=0
split_feature=1 13 1 4 0 23 12 26 0 5 16 12 27 12 0 4 0 5 1 4 0 16 26 4 0 17 13 5 17 12 26 4 17
split_gain=102.315 53.1535 41.4004 27.3538 46.5897 26.3807 25.1872 24.957 26.6151 23.4253 23.0081 21.4102 20.8244 19.4532 18.8348 18.734 17.5306 16.2055 15.8231 15.7917 15.6593 17.2832 14.8823 18.7745 14.7575 14.6125 20.9223 14.0313 17.7034 14.0121 13.6327 17.5909 16.2242
threshold=0.50440950000000007 0.48921550000000008 0.58659450000000013 0.42493700000000006 642.50000000000011 1.0000000180025095e-35 9919.5000000000018 3.5000000000000004 642.50000000000011 0.4030200000000001 0.43350400000000006 1103.5000000000002 99.850000000000009 209.50000000000003 5361.5000000000009 0.32342300000000007 2201.5000000000005 0.48061400000000004 0.43925500000000001 0.37300850000000002 4189.5000000000009 0.49990050000000003 2.5000000000000004 0.33862450000000005 3072.5000000000005 0.39252700000000007 0.56019150000000006 0.46581850000000008 0.16335800000000003 9919.5000000000018 7.5000000000000009 0.37267850000000008 0.12338550000000001
decision_type=10 8 10 10 2 2 2 2 2 10 10 2 2 2 2 10 2 10 10 10 2 10 2 10 2 10 8 10 10 2 2 10 10
left_child=5 6 9 12 11 18 13 -7 25 16 -10 -5 30 -2 19 -16 -3 -12 24 29 21 -15 23 -17 -1 -9 -27 28 -24 -11 32 -32 -4
right_child=1 2 3 4 -6 7 -8 8 10 14 17 -13 -14 20 15 22 -18 -19 -20 -21 -22 -23 27 -25 -26 26 -28 -29 -30 -31 31 -33 -34
leaf_value=-0.0014763353745043 0.00070562737134595595 -0.00097393501155637748 -0.0014740698219787127 0.0031891982097931497 -0.01893226503523366 -0.00035657712415608852 0.011493681258211066 0.0001703807786318796 0.0012930518475727153 0.00078695576373433466 -0.0033199621400742999 -0.0067358437323562243 -0.0051096664084667349 -0.0008359838012754042 -0.01094031080231026 0.0041102143465428292 -0.0068072377501635518 0.00059626842983675305 -0.00017078011403378736 7.2518902605142862e-05 -0.00011640888310141994 -0.0041121908919963908 -0.0039745975505730393 0.00012906901362056992 -0.0069765891207156667 -0.0053572216570211802 0.0031672891875954533 -0.0023790134396894373 3.0598259061530577e-05 0.0032937938894808151 0.0012669794249716689 -0.0033476773869122066 0.0022560399707145444
leaf_weight=5044.5110428482294 3011.8021469712257 8557.6641309708357 1443.6392755359411 666.88688196241856 193.65816767513752 13717.706852510571 171.46592307090759 7103.1150338947773 1538.7590042501688 77690.407585039735 19137.705374538898 417.41443091630936 521.87583322823048 2759.7167678773403 196.3529477417469 1706.8545782119036 655.11331659555435 1335.142616763711 40827.880550637841 45816.612100824714 2727.2320615202188 6119.0490548014641 1424.1535853892565 7761.36035618186 650.48327697813511 1387.4497915506363 450.50907389819622 5020.9383112639189 15390.744872614741 2726.1059043258429 4475.8593237996101 1247.715411350131 29980.993698179722
leaf_count=20334 12110 34313 5923 2718 780 55202 688 28576 6175 312515 77166 1683 2108 11097 787 6876 2622 5358 163636 183682 10946 24561 5704 31184 2653 5594 1808 20135 61833 10941 18198 5037 123217
internal_value=-1.19263e-05 0.000388232 0.000531184 0.00154016 -0.0034048 -0.000980291 -0.00160192 -0.00157683 -0.00211763 0.000295792 -0.00275994 -0.000631562 0.00170792 -0.00175553 0.00039418 -0.000357623 -0.00138874 -0.00306456 -0.000407501 0.000581786 -0.00239421 -0.00309387 -0.000291243 0.000846758 -0.00210458 -0.000536373 -0.00326775 -0.000784691 -0.000308626 0.000871937 0.0018037 0.000261003 0.00208468
internal_weight=311877 220684 205894 38948 1277.96 91193.3 14789.3 44670.4 30952.7 166946 22011.6 1084.3 37670.1 14617.8 157734 31500.4 9212.78 20472.8 46522.9 126233 11606 8878.77 31304.1 9468.21 5694.99 8941.07 1837.96 21835.8 16814.9 80416.5 37148.2 5723.57 31424.6
internal_count=1256160 889658 830256 159664 5181 366502 59402 179879 124677 670592 88699 4401 154483 58714 633657 126519 36935 82524 186623 507138 46604 35658 125732 38060 22987 35978 7402 87672 67537 323456 152375 23235 129140
is_linear=0
shrinkage=0.0343682


Tree=73
num_leaves=34
num_cat=0
split_feature=1 1 4 23 26 15 27 6 4 5 15 1 27 25 1 23 17 17 4 5 15 15 5 25 4 5 6 4 17 4 10 23 15
split_gain=100.21 41.7483 31.3417 22.8429 25.1586 22.4756 21.6636 17.4514 17.1772 17.0529 20.46 15.6302 15.3368 14.6629 16.7605 14.5343 23.5519 27.3477 23.9234 20.9199 20.6939 17.2543 15.1831 14.4798 15.8299 14.0299 18.6952 19.3255 13.9159 16.1889 13.7238 22.4921 13.5473
threshold=0.50440950000000007 0.57119350000000013 0.40521550000000006 1.0000000180025095e-35 3.5000000000000004 275.50000000000006 22.650000000000002 0.40830700000000003 0.33768750000000008 0.49862100000000004 1561.5000000000002 0.69879200000000008 99.950000000000017 1.5000000000000002 0.59984850000000012 1.0000000180025095e-35 0.30382350000000008 0.15090900000000004 0.42144400000000004 0.46581850000000008 4441.5000000000009 13423.000000000002 0.49736750000000002 1.5000000000000002 0.34193000000000001 0.42860050000000005 0.31605800000000006 0.36343950000000008 0.15090900000000004 0.38550150000000005 0.15397800000000003 1.0000000180025095e-35 6677.5000000000009
decision_type=8 10 10 2 2 2 2 8 8 10 2 10 2 2 10 2 8 10 10 10 2 2 10 2 10 10 8 10 10 10 10 2 2
left_child=3 8 6 -1 -5 -6 -3 30 9 -2 -11 -9 13 14 -8 16 17 32 19 -19 22 -17 -21 -18 -25 -16 -27 -28 29 -15 -4 -32 -10
right_child=1 2 7 4 5 -7 12 11 15 10 -12 -13 -14 28 25 21 23 18 -20 20 -22 -23 -24 24 -26 26 27 -29 -30 -31 31 -33 -34
leaf_value=-0.00041964802655314635 0.0014271136683508209 4.2539628717804436e-05 -0.01405125279670341 -0.00028180963458800676 0.00016105292617602947 -0.0024416079961899831 0.0014620355940659962 -0.0020761567158071796 -0.00058689302176238704 0.0010232225197255925 -0.0041208138629515228 0.0054659930903253311 -0.0043959148743080538 -0.0019222029960283679 0.0048859970814493373 -0.00039261921874192499 4.5618829849067619e-05 0.0018972637158562022 -0.0031146244959540555 0.0016072479161636148 -0.0042068770127864042 -0.020959892737731554 -0.0086389443818530882 -0.0064572576073005242 -0.0011924065015871642 -0.011547602363419529 0.0032422019678776059 -0.00060340157095716267 0.001083417352355928 -0.020018673212409074 0.017300106423082207 -0.014011897143226704 -0.0059449235387395898
leaf_weight=46425.949134260416 18069.218204334378 12669.141552165151 234.47526249289513 13669.306114956737 4607.0378416031599 26247.596288919449 20607.591221272945 2855.3417801856995 6553.8763855844736 2194.9943667054176 1564.0803782045841 366.17622527480125 492.93819157779217 1036.0266582220793 3510.4318606108427 67067.428828462958 20262.534154728055 25180.446210354567 1375.4966218620539 2654.8856479972601 1361.1273892372847 48.213620111346245 182.57223103940487 744.41917805373669 7187.8534783869982 112.7631416618824 8261.7502573877573 1898.1647116392851 13324.436197951436 61.878043577075005 51.171356007456779 57.59633994102478 609.19557711482048
leaf_count=186240 72623 51454 940 55009 18534 105770 83646 11527 26290 8818 6273 1502 1987 4210 14710 268985 81296 101091 5511 10664 5461 193 733 2986 28816 455 34089 7756 54216 250 205 231 2439
internal_value=6.90908e-06 0.000402688 0.00112991 -0.000953042 -0.00150922 -0.00205299 0.00131016 -0.0020038 9.53014e-05 0.000988969 -0.00111711 -0.00121887 0.00163588 0.00169679 0.00208253 -5.11186e-05 0.000310563 0.000869925 0.00131537 0.00152278 -0.000723164 -0.000407394 0.000947971 -0.000441691 -0.0016865 0.00301026 0.00236927 0.00252373 0.000776972 -0.00294212 -0.00937072 0.000719294 -0.00104258
internal_weight=311546 220596 65539.9 90949.9 44523.9 30854.6 61975.1 3564.76 155056 21828.3 3759.07 3221.52 49306 48813 34390.7 133228 66112.4 37917.6 30754.5 29379 4198.59 67115.6 2837.46 28194.8 7932.27 13783.1 10272.7 10159.9 14422.3 1097.9 343.243 108.768 7163.07
internal_count=1254910 889357 267178 365553 179313 124304 252773 14405 622179 87714 15091 13029 201319 199332 140656 534465 265287 152189 123460 117949 16858 269178 11397 113098 31802 57010 42300 41845 58676 4460 1376 436 28729
is_linear=0
shrinkage=0.0343682


Tree=74
num_leaves=34
num_cat=0
split_feature=4 14 24 26 23 24 17 19 12 28 4 26 7 17 16 7 14 7 14 16 12 19 4 16 7 17 4 16 12 7 16 7 14
split_gain=74.5267 33.7911 33.4371 26.3882 23.9881 30.2712 23.0011 21.5824 21.5244 20.8801 18.4496 18.3677 18.1228 16.8489 16.4379 16.0737 16.9306 15.9723 15.5939 15.5795 15.5521 15.0422 14.2918 12.4229 15.4119 11.9145 13.8726 11.2744 15.5481 11.1685 16.0479 14.2598 11.1675
threshold=0.37367700000000009 0.13418700000000003 2.5000000000000004 2.5000000000000004 1.0000000180025095e-35 2.5000000000000004 0.30382350000000008 1.0000000180025095e-35 5209.5000000000009 1.0000000180025095e-35 0.41658200000000006 8.5000000000000018 0.63853400000000005 0.38222050000000002 0.69023950000000012 0.45421550000000005 0.1497455 inf 0.15722450000000002 0.47147600000000006 348.50000000000006 1.0000000180025095e-35 0.30303750000000007 0.51824850000000011 0.56371600000000011 0.51275700000000002 0.37809350000000003 0.49518400000000001 2153.5000000000005 0.39513300000000001 0.5931740000000002 0.39768250000000005 0.15389250000000002
decision_type=8 10 2 2 2 2 8 2 2 2 10 2 10 10 10 10 10 8 10 8 2 2 10 10 10 10 10 10 2 8 10 8 10
left_child=2 23 3 15 6 8 10 12 11 17 27 18 -5 -14 22 -1 -17 21 -6 -10 -12 -4 -9 24 -2 26 -26 28 -3 30 -29 -31 -22
right_child=1 4 9 7 5 -7 -8 14 19 -11 20 -13 13 -15 -16 16 -18 -19 -20 -21 32 -23 -24 -25 25 -27 -28 29 -30 31 -32 -33 -34
leaf_value=-0.00055659861059285357 0.00031810740058225821 0.0020371972346627069 -0.0020192863824370641 0.00035600029707367797 0.0001804121716672038 -0.0043325613091945315 -0.0012033720159724337 0.0056708843323222567 0.00033802090289863234 0.00031365937214938779 0.0045942844647026849 -0.0031564504349011501 0.0011600295257106299 0.004645010632186094 0.0032461887462059825 0.0020681074624903178 0.0004520503633481091 0.013706364252187131 -0.0017646533507874298 -0.0028148637347160891 -0.0011337016436503366 -0.0070351513424613179 -0.0015790540800750736 -0.0002065209000431967 -0.0011415312713666094 -0.0066968288457826307 0.0042486708760635398 0.0035742876027526982 -0.0027249760282619432 0.014216245430226929 -0.0036425954349192284 0.0014547831012341865 -0.005048202715085038
leaf_weight=4679.196402400732 8722.2646875530481 1290.6297902613878 6694.1426696926355 106076.27693031728 17290.553776875138 4161.9465307742357 22899.381758913398 330.57336515188217 2183.3073185235262 6069.0021913051605 439.59756229817867 3154.2782450914383 7687.8292018473148 2082.535731986165 987.40330861508846 25514.263255983591 10940.751500874758 72.091194942593575 6776.694181650877 12169.455351144075 3199.5256675630808 789.50204582512379 11287.936803534627 23821.426885008812 688.35721670091152 146.99689097702503 3121.222056671977 527.7572006881237 2173.70120459795 104.2319720685482 1172.5152261555195 13363.219578385353 1177.6918730139732
leaf_count=18784 35005 5262 26931 427203 69579 16795 91882 1328 8767 24416 1769 12672 31340 8504 3963 103248 44036 291 27293 49033 12836 3175 45379 95788 2900 591 12835 2118 8764 418 4738 53623 4730
internal_value=5.36738e-06 -0.000628881 0.000450507 0.000582109 -0.000979647 -0.00153805 -0.000428617 0.000339506 -0.0012583 -0.00118754 0.000327982 -0.000690461 0.000486459 0.00190285 -0.00101098 0.0013397 0.0015831 -0.00239335 -0.000367266 -0.00233525 -0.00156803 -0.00254845 -0.00137278 0.000256049 0.00112514 0.00290424 0.00327471 0.000818145 -0.000950838 0.00122218 -0.00140251 0.00155355 -0.0021869
internal_weight=311796 128585 183212 169587 92084.5 45736.2 46348.3 128453 41574.3 13624.7 23448.9 27221.5 115847 9770.36 12605.9 41134.2 36455 7555.74 24067.2 14352.8 4816.82 7483.64 11618.5 36500.3 12678.8 3956.58 3809.58 18632.1 3464.33 15167.7 1700.27 13467.5 4377.22
internal_count=1255996 517398 738598 683785 370279 184139 186140 517717 167344 54813 94258 109544 467047 39844 50670 166068 147284 30397 96872 57800 19335 30106 46707 147119 51331 16326 15735 74923 14026 60897 6856 54041 17566
is_linear=0
shrinkage=0.0343682


Tree=75
num_leaves=34
num_cat=0
split_feature=4 13 24 13 0 0 3 23 24 4 4 4 0 3 3 12 23 27 27 23 12 13 12 27 12 12 13 9 3 16 3 16 3
split_gain=62.2797 43.6253 37.0656 30.5428 27.0843 26.0192 21.5046 20.7523 20.6341 22.6797 20.2481 19.0245 18.5391 18.3 17.5176 24.2292 16.2847 16.227 15.7467 15.6802 15.3212 14.7717 16.111 14.4983 17.04 19.088 14.246 14.4425 14.1467 17.1725 13.8107 20.3345 15.4469
threshold=0.37367700000000009 0.5621305000000002 2.5000000000000004 0.47699950000000008 4287.5000000000009 437.50000000000006 0.15859050000000005 1.0000000180025095e-35 2.5000000000000004 0.40167600000000003 0.33393250000000002 0.43802600000000008 8351.5000000000018 0.15713350000000001 0.12258850000000002 2626.5000000000005 1.0000000180025095e-35 87.450000000000017 3.7500000000000004 1.0000000180025095e-35 3230.5000000000005 0.55783050000000012 4115.5000000000009 9.3500000000000032 7197.5000000000009 9139.5000000000018 0.53814350000000011 0.28220200000000006 0.078989000000000018 0.73924250000000014 0.14578650000000001 0.43577050000000006 0.14273550000000004
decision_type=10 8 2 8 2 2 10 2 2 10 10 10 2 10 10 2 2 2 2 2 2 8 2 2 2 2 10 10 8 10 10 10 8
left_child=2 8 3 13 19 17 7 28 9 12 -9 14 -2 -1 15 -7 -10 18 -3 -4 -17 23 -23 24 -12 -26 -18 -28 -5 30 32 -32 -30
right_child=1 5 4 6 -6 11 -8 10 16 -11 21 -13 -14 -15 -16 20 26 -19 -20 -21 -22 22 -24 -25 25 -27 27 -29 29 -31 31 -33 -34
leaf_value=-0.0026726130215762611 -0.00019456650191906539 -0.00023134436474739914 0.00099022689216946816 -0.0039368747132388056 -0.0037214256229353353 0.0032458507276539985 -8.7408099678866453e-05 0.0016971500843840537 -0.00099543355290990579 -0.0014133237339844619 -0.001080964743502909 -0.0093602185593309982 -0.0032398534294632232 0.0015644797651889778 -0.00056438594898168841 -0.014421144569476933 -0.0048927774245564977 -0.00028300977739149945 0.0046630616830590542 -0.0017781540033293809 2.0457151547910012e-06 0.00089907264242294752 0.0066239747847485738 5.2604433803483478e-05 -0.011470150100600339 -0.00036538275524162166 -9.6585886465569299e-06 -0.012793912899256263 0.001147207307516077 0.0049031715361172873 -0.00055474117147518722 0.0024931017375060221 -0.00092976743343159331
leaf_weight=5241.7315280139446 62854.157998397946 968.45554207265377 5054.3724310100079 602.57462158799171 3913.0951049178839 3157.6247433722019 36237.190520063043 11969.411647304893 5610.0811163634062 33096.824946194887 3989.0066855847836 249.38744689524174 2453.4482637196779 1563.030569434166 9185.7495427578688 153.17838522791862 3517.7594335377216 1613.1624069362879 3915.9480836689472 4630.7587483376265 201.33378899097443 11176.738458946347 612.44865275919437 35026.415721908212 428.79500786960125 318.74140892922878 1437.3636374622583 112.54998686909676 36529.639189064503 1570.1634100526571 3066.3293917626143 16492.649326369166 4783.3796173334122
leaf_count=21055 252782 3890 20343 2446 15716 12910 145604 48553 22536 133039 16043 1002 9874 6274 36945 625 14208 6491 15830 18647 825 45307 2472 140977 1722 1280 5784 453 147735 6344 12304 66496 19298
internal_value=1.12037e-05 -0.000568775 0.000418083 0.0005565 -0.00130837 0.000930924 0.000650789 0.000862143 -0.000836109 -0.000680403 0.000423718 4.03138e-05 -0.000308971 -0.00169937 0.000224941 0.00228937 -0.00227107 0.00270559 0.00369262 -0.000333421 -0.00622996 0.000128051 0.00119648 -0.000188724 -0.00197333 -0.0067352 -0.00368324 -0.000938012 0.00130388 0.00135446 0.00126292 0.00201528 0.000906727
internal_weight=311733 128527 183206 169608 13598.2 19444.8 162803 126566 109082 98404.4 63521.6 12947.3 65307.6 6804.76 12697.9 3512.14 10677.8 6497.57 4884.4 9685.13 354.512 51552.1 11789.2 39763 4736.54 747.536 5067.67 1549.91 63044.7 62442.2 60872 19559 41313
internal_count=1255810 517194 738616 683910 54706 78518 656581 510977 438676 395695 256354 52307 262656 27329 51305 14360 42981 26211 19720 38990 1450 207801 47779 160022 19045 3002 20445 6237 254623 252177 245833 78800 167033
is_linear=0
shrinkage=0.0343682


Tree=76
num_leaves=34
num_cat=0
split_feature=1 24 13 24 19 1 29 14 9 27 12 13 13 13 8 12 12 3 8 9 11 13 13 12 9 1 12 14 11 1 3 27 13
split_gain=88.795 38.9021 26.7093 26.3658 23.9896 20.7263 20.1397 18.8582 17.1146 15.2575 14.0385 16.3904 13.234 13.1821 13.9839 13.7156 16.2194 12.9487 12.3679 11.9438 15.7251 13.4352 11.9403 12.2747 11.8636 11.8177 11.4442 12.1013 11.4412 11.423 11.3519 10.8601 10.5073
threshold=0.54448200000000013 1.5000000000000002 0.57627550000000005 2.5000000000000004 1.0000000180025095e-35 0.47761450000000005 0.50500000000000012 0.13418700000000003 0.23112500000000002 8.4500000000000011 997.50000000000011 0.46932900000000005 0.46277300000000005 0.49253650000000004 0.40022350000000007 5209.5000000000009 559.50000000000011 0.20691400000000001 0.5188775000000001 0.12887250000000003 0.12628100000000003 0.5729835000000002 0.47699950000000008 193.50000000000003 0.35355400000000009 0.48148350000000006 108.50000000000001 0.13510850000000005 0.054807450000000008 0.43580800000000003 0.15541100000000002 31.550000000000004 0.49973050000000002
decision_type=10 2 10 2 2 8 2 10 10 2 2 10 8 8 10 2 2 8 8 10 10 8 10 2 10 10 2 10 8 10 10 2 10
left_child=1 5 3 6 29 8 13 17 12 30 24 -12 -1 15 -15 16 -2 18 19 25 -21 -22 23 -8 28 -7 -5 -28 -11 -3 32 -31 -9
right_child=2 4 -4 26 -6 7 22 9 -10 10 11 -13 -14 14 -16 -17 -18 -19 -20 20 21 -23 -24 -25 -26 -27 27 -29 -30 31 -32 -33 -34
leaf_value=-0.0064653256320979825 0.00022043351377375723 -0.0033522344129457262 0.0021897520864983012 0.0068798295076490249 -0.003254308638644805 0.0084675108944069974 0.0024745052262697782 -0.0054354009073804693 0.00066320377799826457 -0.010420542061997284 -0.0057053643806420145 -0.00017261234579869262 -0.0012369873002951069 -0.0043321254808137517 0.00036150158462170496 0.0038293539280352235 -0.0053348541423146366 0.0076550664566017983 -0.00011032492929336441 0.0043368285096613566 0.00078297990169150515 -0.0025764948098879309 0.0011705072358266135 -0.002190256745645163 -0.0059719612393357218 0.0021282979694511009 0.00044460462412021458 -0.0023808004221157106 0.0013339843403346817 -0.0017163017921956656 0.00018347150026470647 -0.00049591430371545141 -0.0016733799938622276
leaf_weight=586.04239289462566 1043.6641293019056 2280.3334620296955 13463.383228331804 198.24904945492744 6285.2313987761736 367.48133280873299 913.53986009955406 1030.5112486332655 6177.4250591695309 98.65329572558403 639.04919627308846 61166.658674478531 23604.499894484878 770.7090263068676 27587.962195813656 390.34464938938618 1532.0551161766052 324.9874762147665 11434.897328972816 1154.606523886323 6495.809785977006 1794.5489778965712 62854.609837591648 2461.8714405596256 276.40072175860405 6342.6056677550077 2633.4402173161507 5594.2116079181433 11414.166491210461 12188.24908092618 3433.4864848703146 29361.499737411737 5884.0582909584045
leaf_count=2361 4198 9220 55087 800 25415 1472 3687 4134 24907 396 2562 245176 95079 3102 111470 1567 6156 1306 45897 4626 26018 7189 254931 9905 1108 25410 10664 22506 45746 48884 13761 117751 23585
internal_value=1.1828e-05 -0.000445228 0.000747828 0.000564651 -0.00126863 -0.000155091 0.000723963 6.10827e-05 -0.000951349 -0.000196253 -2.25081e-05 -0.000229819 -0.00136365 5.93204e-06 0.000233942 -0.00217408 -0.00308389 0.000834916 0.00075458 0.00136678 0.00057912 5.57807e-05 0.00106357 -0.00092776 0.00106433 0.00247547 -0.00127986 -0.00147647 0.00123326 -0.000983884 -0.00143192 -0.000853904 -0.00223405
internal_weight=311785 192341 119444 105981 50115.3 142226 97554.8 111858 30368 83943 73594.9 61805.7 24190.5 31324.7 28358.7 2966.06 2575.72 27914.9 27589.9 16155.1 9444.97 8290.36 66230 3375.41 11789.2 6710.09 8425.9 8227.65 11512.8 43830.1 10348.1 41549.7 6914.57
internal_count=1256076 772003 484073 428986 201270 570733 395016 448386 122347 336468 294988 247738 97440 126493 114572 11921 10354 111918 110612 64715 37833 33207 268523 13592 47250 26882 33970 33170 46142 175855 41480 166635 27719
is_linear=0
shrinkage=0.0343682


Tree=77
num_leaves=34
num_cat=0
split_feature=1 13 4 24 24 26 1 16 8 21 12 13 16 16 4 27 1 1 16 13 12 4 20 4 11 8 28 27 27 1 4 11 8
split_gain=77.9309 36.0132 35.4812 22.9911 18.9665 22.0355 20.3779 17.3149 21.4932 18.7004 17.4789 16.4901 16.1223 14.9235 14.6481 14.4697 14.4167 14.1512 13.856 13.2831 15.0669 13.1313 12.7652 16.521 13.2604 12.8836 12.4017 12.2599 12.1206 11.9559 16.3188 17.855 11.7239
threshold=0.5185320000000001 0.5538145000000001 0.36804150000000008 1.5000000000000002 2.5000000000000004 2.5000000000000004 0.59155100000000005 0.50043550000000014 0.56278100000000009 1.0000000180025095e-35 5319.5000000000009 0.47435600000000006 0.52870500000000009 0.61959300000000017 0.36611550000000009 62.550000000000004 0.55321250000000011 0.60384250000000017 0.51824850000000011 0.49366100000000007 164.50000000000003 0.41427100000000006 1.0000000180025095e-35 0.39023050000000009 0.23539450000000003 0.63932650000000013 1.0000000180025095e-35 98.65000000000002 8.4500000000000011 0.56132550000000003 0.42493700000000006 0.16121950000000004 0.48810800000000004
decision_type=10 10 10 2 2 2 10 10 10 2 2 8 10 10 10 2 10 10 8 8 2 10 2 10 10 10 2 2 2 10 10 8 10
left_child=3 2 4 11 5 28 -7 17 9 10 -9 -1 16 -8 -6 -12 -11 -4 22 20 -14 -17 25 27 32 -13 -5 -24 -2 -3 -31 -32 -25
right_child=1 29 7 26 14 6 13 8 -10 12 15 18 19 -15 -16 21 -18 -19 -20 -21 -22 -23 23 24 -26 -27 -28 -29 -30 30 31 -33 -34
leaf_value=-0.0028426510407795259 -0.0084267885292479243 0.00069872710734335383 -9.3615981316682621e-05 -0.0020994450716879695 -0.0014731144175818198 9.8611619964650033e-05 0.0021900970360768418 -0.0004677042772150519 -0.0022927251860813099 -0.00053232212952329997 -0.0016198199506912197 -0.0001155745382849861 0.0071087224562890973 -0.0013828768943420946 0.0068214369329967495 -0.0049226198608266387 -0.0077238329856908709 0.0027571880510598563 -0.00064664140994178884 0.0020075363554404339 -0.0051145314912002171 -0.016548554580503829 0.00051938084348116724 0.009411415070135749 -0.01282589603802484 0.0080451206060661133 -0.00076324058914630335 0.00962488704291075 0.0017034780103069057 0.002002438172335089 -0.0059991537271137998 0.0038743779698745778 0.00091888557816884487
leaf_weight=3134.7916602343321 140.41384135186672 21703.817427843809 10693.213641539216 16948.794783249497 6772.4103953689337 54369.479886800051 9890.4583750516176 9923.766105517745 10620.098749265075 1848.5513150244951 2538.6436691731215 28528.782952517271 147.41426765918732 1604.8323273211718 261.18174017965794 1285.4900771379471 400.61938698589802 2546.5048783421516 54425.436916559935 6610.5943014025688 620.47320877015591 126.00166957080364 4234.1119800508022 622.75263476371765 42.619302406907082 230.3509791046381 15902.458399564028 182.17507712543011 21617.024503797293 22622.874249085784 625.07058016955853 330.8401832729578 277.59149453043938
leaf_count=12605 566 87264 42855 68147 27225 218616 40393 39775 42781 7404 10171 114438 592 6548 1049 5150 1612 10589 218590 26497 2485 505 16977 2501 172 930 63946 730 87366 92847 2532 1351 1112
internal_value=-6.1848e-06 0.000436833 0.000167733 -0.000672508 0.000551992 0.000689827 0.000376578 -0.000600243 -0.00100958 -0.000429737 -0.00123733 -0.00039297 0.000734048 0.00169128 -0.00116511 -0.00317085 -0.00181326 0.000454703 -0.000306241 0.00151054 -0.00276799 -0.00596045 0.000236763 0.00177673 0.0059063 -5.02101e-05 -0.00145262 0.00089499 0.0016381 0.0012808 0.00181658 -0.00258193 0.00679302
internal_weight=311830 187300 142017 124530 94655.8 87622.2 65864.8 47361.4 34121.7 23501.6 13873.9 91678.6 9627.65 11495.3 7033.59 3950.14 2249.17 13239.7 88543.8 7378.48 767.887 1411.49 34118.4 5359.25 942.963 28759.1 32851.3 4416.29 21757.4 45282.6 23578.8 955.911 900.344
internal_count=1256321 756173 572179 500148 381763 353489 265557 190416 136972 94191 55601 368055 38590 46941 28274 15826 9016 53444 355450 29574 3077 5655 136860 21492 3785 115368 132093 17707 87932 183994 96730 3883 3613
is_linear=0
shrinkage=0.0343682


Tree=78
num_leaves=34
num_cat=0
split_feature=1 1 29 26 20 0 1 8 29 29 0 14 0 7 18 0 11 0 3 1 3 11 0 11 18 3 14 29 18 8 8 1 1
split_gain=74.6869 28.0835 28.5241 20.455 17.9561 17.534 30.2437 17.0411 15.4275 15.073 14.0779 13.8031 20.4976 14.7469 13.3195 13.54 13.2502 13.1142 12.7237 13.9159 14.0038 12.3439 15.337 14.7834 13.652 12.3224 14.2325 13.673 15.0175 12.7306 12.3001 13.4533 12.2672
threshold=0.5185320000000001 0.58659450000000013 0.29500000000000004 2.5000000000000004 1.0000000180025095e-35 1460.5000000000002 0.45641200000000004 0.62017050000000007 0.88500000000000012 1.0000000180025095e-35 1853.5000000000002 0.12649250000000004 2422.5000000000005 0.43247900000000006 0.16463550000000002 1898.5000000000002 0.10854300000000001 11.500000000000002 0.12500800000000004 0.64449300000000009 0.059107500000000007 0.13254750000000001 7882.5000000000009 0.12802700000000003 0.29858150000000006 0.17571750000000005 0.16137400000000002 0.70500000000000007 0.030156600000000002 0.42192000000000002 0.54490400000000017 0.50507050000000009 0.4512230000000001
decision_type=10 10 2 2 2 2 10 8 2 2 2 8 2 8 10 2 10 2 10 10 10 8 2 10 10 10 8 2 10 10 10 10 8
left_child=3 4 7 5 8 6 -1 16 -2 17 -7 12 -4 -13 25 -16 -3 -9 19 20 -11 22 23 -15 -23 26 -12 -27 -29 -30 -8 -32 -5
right_child=1 2 11 32 -6 10 30 9 -10 18 14 13 -14 21 15 -17 -18 -19 -20 -21 -22 24 -24 -25 -26 27 -28 28 29 -31 31 -33 -34
leaf_value=-0.0016289015532742657 -0.00025687770772360674 0.0041827451343218764 0.0035675456210038461 -0.0018405069321742388 0.0012374039852847212 -0.0032745719069122571 0.0027307057977638532 0.0076852854879489833 0.00050573844312568105 -0.020472488091332414 -0.0010367326186906296 -0.0051006008904151247 -0.00036448988944742995 0.0010852027734544248 0.014334356589980109 0.00082863686625101666 -0.00030444944420103705 -0.011669057358970397 0.0011701209742586757 -0.00039065545462761648 -0.0052314396226742031 0.0023791397978200311 -0.013419948018269187 -0.002731350439339511 -0.0016856693426056666 -0.002856736626026386 -0.0056172642882362147 0.01952606543087702 0.012907830895333634 0.0013587136083699882 -0.0095236302276490124 0.0024643780848247294 -0.0007156330367021459
leaf_weight=3070.2449042052031 70455.822865352035 1002.7074794322252 7640.8966892361641 13283.847497433424 18171.411913990974 1916.9697392880917 7377.3553786128759 47.530574589967728 56426.345050781965 78.084874287247658 6433.0976071208715 427.39754314720631 1969.6339234262705 9820.3406740427017 88.865499302744865 6568.8131550401449 3457.7194330096245 318.13632084429264 1089.8820492476225 834.73376932740211 808.5761433839798 12137.776478558779 92.672308459877968 1365.4870404452085 1061.2936595380306 499.86135332286358 915.2344066798687 69.333927407860756 130.82363931834698 815.42100571095943 208.27854052186012 235.70703089237213 83006.141485974193
leaf_count=12378 283067 4046 31669 53753 73167 7696 29561 192 226810 314 25858 1714 8170 40379 356 26329 13988 1285 4438 3437 3282 49589 379 5591 4338 2009 3683 278 531 3275 834 944 333042
internal_value=1.99296e-05 0.000453896 0.00123476 -0.000631983 0.000226977 0.000179781 0.00126167 -0.000665819 8.22688e-05 -0.00258943 -0.000495937 0.0016553 0.00276169 0.00122836 -0.000152763 0.00100891 0.000704275 -0.00915332 -0.00173566 -0.00357542 -0.00657366 0.00133887 0.000503948 0.000619305 0.0020523 -0.00102531 -0.00160724 0.00179645 0.00408673 0.00295544 0.00239635 -0.00315933 -0.000870817
internal_weight=311826 187206 42152.9 124620 145054 28330 10891.6 7637.37 126882 3176.94 17438.4 34515.5 9610.53 24905 15521.5 6657.68 4460.43 365.667 2811.28 1721.39 886.661 24477.6 11278.5 11185.8 13199.1 8863.77 7348.33 1515.44 1015.58 946.245 7821.34 443.986 96290
internal_count=1256382 755855 172811 500527 583044 113732 43717 30982 509877 12948 70015 141829 39839 101990 62319 26685 18034 1477 11471 7033 3596 100276 46349 45970 53927 35634 29541 6093 4084 3806 31339 1778 386795
is_linear=0
shrinkage=0.0343682


Tree=79
num_leaves=34
num_cat=0
split_feature=2 4 13 13 0 12 0 29 12 23 4 7 12 2 29 8 0 4 8 8 4 0 26 12 4 4 27 27 13 8 29 26 8
split_gain=54.9573 30.4463 30.2652 28.4333 24.0295 27.6159 20.9988 19.2901 18.7216 19.3648 17.7172 17.67 17.1092 15.7851 18.1019 16.4954 18.6282 15.7422 15.1777 17.2988 14.8654 13.9583 17.4156 13.7758 18.193 13.5689 13.2582 12.6222 12.5961 12.3631 11.7545 11.7143 15.125
threshold=0.18527100000000002 0.37300850000000002 0.50942150000000008 0.47699950000000008 1520.5000000000002 396.50000000000006 2422.5000000000005 0.42500000000000004 4334.5000000000009 1.0000000180025095e-35 0.36343950000000008 0.40554250000000008 427.50000000000006 0.30908950000000007 1.7450000000000003 0.53154050000000008 172.50000000000003 0.35885550000000005 0.54322350000000008 0.54414400000000007 0.32687750000000004 905.50000000000011 8.5000000000000018 2096.5000000000005 0.39988650000000009 0.37478050000000002 13.850000000000003 74.350000000000009 0.54894150000000008 0.51268000000000014 2.9150000000000005 2.5000000000000004 0.55086600000000008
decision_type=10 10 8 8 2 2 2 2 2 2 10 10 2 10 2 10 2 8 10 10 8 2 2 2 8 10 2 2 10 8 2 2 10
left_child=2 11 4 -3 5 -1 7 17 13 -10 -6 -2 -7 14 15 21 -17 -4 -8 -20 -14 22 -5 -9 -25 -18 -16 -28 -15 -19 -11 32 -13
right_child=1 3 6 8 10 12 18 23 9 30 -12 31 20 28 26 16 25 29 19 -21 -22 -23 -24 24 -26 -27 27 -29 -30 -31 -32 -33 -34
leaf_value=0.00068696431117089155 -0.0013870496921673122 -0.0036301846036852674 0.0017764157794715311 0.0013866121903878439 -0.00048164419117668883 -0.019196140174329034 -0.00093491725137784167 0.002449107616048283 -0.00040596591693242131 -0.0017479622340969708 0.0033716676808644621 0.00035375425233486759 0.0018485271534558769 -0.0031143858985306651 0.0084758318426905871 -0.0063577952422659741 -0.0063610168712284268 0.0020205859219820611 0.011102584587686351 0.00074121980298581184 -0.0045722326017829055 -0.00045510370967837731 -0.0024855085933316277 0.0014980070958155278 -0.0027717373843701163 -0.00077900215655144942 0.00065805194778972961 0.0048956360477966218 0.00061875639056688865 -0.0013103887165797769 -0.0057626842362862377 4.1898493988847978e-06 0.0021770062681906914
leaf_weight=2272.1368531286716 8869.51715297997 3777.7784720510244 5752.4728692919016 11829.703957647085 4822.5394966900349 86.545025169849396 8486.2190395593643 21474.597954064608 19409.358585074544 19181.940029487014 1991.4261128157377 21787.801229447126 489.22728453576565 3701.8768466264009 302.50472958385944 834.01368230581284 539.54467529058456 1676.8705095350742 192.68169562518597 15565.661358639598 3290.8389537334442 23308.547679498792 1552.0038304626942 8074.8797366768122 1380.2032968103886 11024.595278799534 7181.2071146219969 938.79628306627274 1500.2310985177755 6117.8364726155996 901.90527679026127 86236.161005169153 7133.8932350873947
leaf_count=9180 35636 15202 23408 47454 19478 349 34161 87940 77866 77272 8042 87355 1983 15012 1213 3342 2164 6723 780 63823 13252 93523 6225 32760 5543 44173 28805 3766 6047 24735 3632 346220 28817
internal_value=-2.49229e-06 -0.000274436 0.000763358 -0.000702184 -0.000760528 -0.00232011 0.00105058 0.00149414 -0.000593959 -0.00118011 0.000644511 9.1084e-05 -0.00408716 -0.000224834 -6.08449e-05 -0.000313411 -0.0013972 0.000412654 0.000236875 0.000867911 -0.00374124 5.28175e-05 0.000937526 0.00196783 0.000874732 -0.00103944 0.00141117 0.00114798 -0.00203779 -0.000593798 -0.00192825 0.000204931 0.000803482
internal_weight=311686 230011 81674.1 105984 12952.7 6138.75 68721.4 44476.9 102206 39493.2 6813.97 124027 3866.61 62713 57510.9 49088.4 12398.2 13547.2 24244.6 15758.3 3780.07 36690.3 13381.7 30929.7 9455.08 11564.1 8422.51 8120 5202.11 7794.71 20083.8 115158 28921.7
internal_count=1255881 923724 332157 425696 52284 24764 279873 181109 410494 158770 27520 498028 15584 251724 230665 196881 49679 54866 98764 64603 15235 147202 53679 126243 38303 46337 33784 32571 21059 31458 80904 462392 116172
is_linear=0
shrinkage=0.0343682


Tree=80
num_leaves=34
num_cat=0
split_feature=19 13 13 0 26 18 28 26 18 17 9 7 17 29 29 23 7 17 18 7 18 0 18 7 17 29 0 10 7 29 0 0 17
split_gain=50.5406 36.3035 25.0402 33.9587 23.149 20.9179 18.75 18.358 16.7295 16.1837 14.7545 14.3445 13.9814 13.7138 13.0411 12.6324 15.8369 15.8335 14.8138 13.9063 13.6118 16.9339 16.2105 15.4894 12.4896 18.902 12.4196 15.5911 12.3638 12.0837 12.0436 23.9776 12.004
threshold=1.0000000180025095e-35 0.50494550000000016 0.56724300000000005 2371.5000000000005 2.5000000000000004 0.26655000000000001 1.0000000180025095e-35 8.5000000000000018 0.16463550000000002 0.18957100000000002 0.12556300000000001 0.59499900000000017 0.42657250000000008 0.055000000000000007 2.0250000000000004 1.0000000180025095e-35 0.32529050000000009 0.46283550000000007 0.022514500000000003 0.47948000000000007 0.095642500000000005 6253.5000000000009 0.39945350000000007 0.59380350000000004 0.20090600000000003 2.0750000000000006 5524.5000000000009 0.25036000000000008 0.39513300000000001 0.92500000000000016 2032.5000000000002 4287.5000000000009 0.21965400000000002
decision_type=2 8 8 2 2 10 2 2 8 8 10 10 10 2 2 2 8 8 10 8 10 2 10 10 8 2 2 10 10 2 2 2 10
left_child=1 10 4 -4 8 6 13 32 -3 14 -1 26 -11 -2 29 20 -17 18 30 -19 21 24 -22 -24 25 -6 -5 -28 -12 -10 -18 -32 -8
right_child=5 2 3 11 15 -7 7 -9 9 12 28 -13 -14 -15 -16 16 17 19 -20 -21 22 -23 23 -25 -26 -27 27 -29 -30 -31 31 -33 -34
leaf_value=-0.0015203354060370736 -0.0055472742992696581 0.00023047998251211207 0.0017242893120130234 -0.00069143310916239015 0.0013546110856589109 0.0016431940686603742 0.0020630353338993677 -0.0053143610178791835 -0.0010895924264124896 0.0022337183406643392 -0.0026378074604519524 0.0020803094784987586 -0.0043086988196621226 -0.001928159706814063 -0.0094498980761143717 -0.0046954228325679463 -0.0012836465448814818 -0.001424208002714327 -0.00028824489936233206 0.0035364931576439356 0.00067450197877119201 -0.0037987415555838433 -0.0029836890436157806 0.0032503065526880855 -0.0003955752845510758 0.012697291969154581 -0.005033883083766494 0.011637292832781506 5.7276068022003576e-05 0.0023122563639737651 -0.0077525240330212032 0.0062894199279989026 -0.00068382543984169767
leaf_weight=17533.113618254662 1338.3700859546661 23367.439260706306 28646.565895602107 5071.856971770525 1633.6978100240231 2823.3460965454578 2224.1563087850809 901.36086259782314 3210.6370591074228 16287.435730680823 2222.9229689836502 1652.1845037043095 395.1848905980587 16280.592758402228 170.21117180585861 984.31222599744797 2765.7679684460163 950.87427116930485 58440.059652090073 2239.5978487282991 57517.659049034119 1622.710961908102 2591.5002688318491 575.28472682833672 22304.905580759048 194.1612221300602 1423.3590958118439 69.496289744973183 21048.788457393646 2002.6511304676533 916.97018018364906 170.31543928384781 12115.194925561547
leaf_count=70505 5396 94123 116092 20446 6593 11502 8955 3635 12934 65827 8966 6839 1586 65633 685 3975 11134 3817 235123 9029 231649 6507 10411 2346 89639 782 5727 279 84529 8063 3692 682 48869
internal_value=2.15459e-05 0.000178902 0.000343075 0.00116562 0.000190197 -0.00119561 -0.00143952 -0.000556819 0.000871347 0.00155001 -0.000767416 -0.000782055 0.00207874 -0.00220307 -8.84408e-05 -1.21932e-05 -0.000368428 -0.000303387 -0.000424332 0.00205803 0.000261733 -0.000400271 0.000542699 -0.00185121 -0.000171755 0.00255947 -0.00150245 -0.0042578 -0.000200159 0.000217206 -0.00248839 -0.00555295 -0.000257764
internal_weight=311693 276010 235205 36863.5 198341 35683 32859.7 15240.7 45433.6 22066.1 40804.8 8216.9 16682.6 17619 5383.5 152908 66467.9 65483.6 62293.1 3190.47 86439.9 25755.5 60684.4 3166.78 24132.8 1827.86 6564.71 1492.86 23271.7 5213.29 3853.05 1087.29 14339.4
internal_count=1255970 1111980 947980 149383 798597 143990 132488 61459 183218 89095 164000 33291 67413 71029 21682 615379 267452 263477 250631 12846 347927 103521 244406 12757 97014 7375 26452 6006 93495 20997 15508 4374 57824
is_linear=0
shrinkage=0.0343682


Tree=81
num_leaves=34
num_cat=0
split_feature=2 13 24 24 2 18 4 3 4 13 11 13 2 3 13 4 4 28 18 11 4 10 21 3 13 13 18 21 10 3 11 28 5
split_gain=51.4601 27.7682 27.448 23.8018 18.5043 19.4541 14.0708 13.0105 12.8165 16.1169 12.6689 12.1949 11.8099 12.1029 11.688 16.0369 11.4206 14.2812 11.2135 12.5068 10.7333 22.8935 13.5497 12.0771 11.8728 10.7206 10.6374 10.9186 13.32 10.6205 23.2751 10.4992 13.596
threshold=0.23184950000000001 0.48009300000000005 1.5000000000000002 2.5000000000000004 0.17721650000000003 0.18310150000000003 0.41427100000000006 0.11811100000000001 0.35959050000000009 0.58847850000000013 0.17395850000000004 0.56947550000000013 0.33338450000000003 0.14600950000000004 0.54805550000000014 0.35044700000000001 0.42144400000000004 1.5000000000000002 0.16667500000000005 0.20466600000000004 0.30692500000000006 0.17463050000000005 1.0000000180025095e-35 0.15686400000000003 0.50989050000000014 0.54676400000000014 0.14208150000000005 1.0000000180025095e-35 0.083472650000000023 0.11765200000000002 0.16830700000000001 1.0000000180025095e-35 0.46357000000000009
decision_type=10 8 2 2 10 10 10 10 10 8 10 10 10 10 8 10 10 2 10 10 10 10 2 10 10 8 10 2 10 10 10 2 10
left_child=1 -1 14 4 5 8 29 10 -3 18 16 -7 31 -14 15 20 17 -5 19 -10 21 23 -23 -2 -24 -8 -17 28 -28 30 -6 -4 -33
right_child=2 3 12 7 6 11 25 -9 9 -11 -12 -13 13 -15 -16 26 -18 -19 -20 -21 -22 22 24 -25 -26 -27 27 -29 -30 -31 -32 32 -34
leaf_value=-0.0015111939218670242 -0.0062075564080273137 0.0012187262457347733 -0.0018307994995845809 0.0014977893703592554 0.0010918045759091095 0.0014130316619126769 -0.0026802270429112434 -0.0013123179873806418 -0.0012184936840399212 0.00306051599950544 -0.015215752762866684 0.0032945252961905556 -0.0020677680531722997 -0.0082010351459735915 0.00056712755108975213 -0.0011173546911019464 -0.0047029201719930658 0.0093348210558884814 0.0016227383006808954 0.0026220262057797244 0.00075734809553659526 0.0081496420535861602 0.0069206502114259145 0.00023307730999991549 -0.0061405702679094946 0.00064533390133498375 -0.0042366953574358704 0.00072802502057619492 -0.00044703507421211137 0.00027682911689561935 0.0092469664527003205 -0.0010795120483009255 0.0015474324115666484
leaf_weight=8772.4332361370325 1046.2882340401411 16112.891985282302 16254.813601106405 1640.4970035105944 10480.184101268649 20772.684206157923 3158.7753303945065 12191.51526042819 11775.154500409961 1682.4626279622316 52.281090885400772 5060.1823894232512 1100.4839503765106 580.49286912381649 17887.908346652985 31716.747256368399 271.99654494225979 329.87445226311684 2501.9743399471045 1094.675490245223 16622.896537467837 351.58862595260143 129.48382022976875 512.2584156692028 225.13834951817989 1796.0131682157516 1194.4638539552689 9750.5920659601688 13223.930012270808 88231.570326238871 430.34554104506969 11881.805125892162 2893.9448783844709
leaf_count=35246 4192 65906 65330 6661 42221 84949 12652 49019 47575 6870 210 20939 4467 2371 71730 127666 1094 1338 10157 4396 66632 1409 519 2052 902 7197 4793 39060 53105 354386 1730 47779 11608
internal_value=1.41751e-05 0.000376364 -0.000524186 0.000469607 0.000588188 0.00107444 0.000312589 -0.000865473 0.000523674 -0.000133012 0.00150862 0.00178158 -0.00138006 -0.00418577 -0.000222043 -0.000410835 0.00189856 0.00280984 -0.000482548 -0.000891829 0.000454941 -0.00176467 0.00336862 -0.00409067 -0.0013715 -0.00147478 -0.000703441 -0.000160266 -0.000760982 0.000401916 0.00141347 -0.00122807 -0.000565005
internal_weight=311728 186356 125373 177583 163097 59000 104097 14486.2 33167.2 17054.3 2294.65 25832.9 32711.5 1680.98 92661.3 74773.4 2242.37 1970.37 15371.8 12869.8 18887.7 2264.76 706.211 1558.55 354.622 4954.79 55885.7 24169 14418.4 99142.1 10910.5 31030.6 14775.8
internal_count=1256161 752546 503615 717300 658978 240792 418186 58322 134904 68998 9303 105888 131555 6838 372060 300330 9093 7999 62128 51971 75706 9074 2830 6244 1421 19849 224624 96958 57898 398337 43951 124717 59387
is_linear=0
shrinkage=0.0343682


Tree=82
num_leaves=34
num_cat=0
split_feature=4 12 13 20 25 13 4 16 14 6 0 29 12 9 16 12 13 14 6 0 4 16 14 16 16 0 13 29 0 16 14 13 4
split_gain=44.9932 26.5545 31.0241 24.8211 36.0406 21.8307 19.2631 18.664 18.0947 23.498 20.9373 17.4786 16.3855 17.1565 15.3214 14.8617 14.6307 16.024 14.197 14.2697 14.164 23.169 17.8514 17.5119 17.4907 16.1433 13.732 13.69 18.0395 14.4696 13.6167 21.5264 13.4539
threshold=0.37267850000000008 302.50000000000006 0.47699950000000008 1.0000000180025095e-35 1.5000000000000002 0.52333550000000006 0.42144400000000004 0.43350400000000006 0.13418700000000003 0.20112350000000004 8351.5000000000018 0.87500000000000011 9643.5000000000018 0.18537600000000001 0.67928200000000005 5319.5000000000009 0.51562550000000018 0.14286300000000005 0.4632865000000001 1600.5000000000002 0.34223200000000004 0.5339020000000001 0.14065650000000005 0.51605000000000012 0.47438150000000007 424.50000000000006 0.63494450000000013 0.43500000000000005 846.50000000000011 0.54489350000000014 0.14821350000000003 0.53124050000000012 0.33490650000000005
decision_type=10 2 10 2 2 8 10 10 10 8 2 2 2 8 10 2 10 10 10 2 10 10 10 10 10 2 10 2 2 10 10 10 10
left_child=3 27 14 5 30 11 8 -6 -4 -10 15 12 -1 -14 -3 26 17 -17 19 -7 22 -22 25 24 -24 -9 -11 -2 29 -29 31 -5 -20
right_child=1 2 6 4 7 18 -8 20 9 10 -12 -13 13 -15 -16 16 -18 -19 32 -21 21 -23 23 -25 -26 -27 -28 28 -30 -31 -32 -33 -34
leaf_value=-0.0011939074395461683 -0.00045277540345430554 -0.0032999507043251644 0.00037525701461167487 0.0053373461689715847 -0.0057733781698255035 0.00073253679641140741 -0.0016921911972319922 0.011793190510165381 -0.0045391343294034804 -0.0001045461167890478 -0.0035502857702907598 0.00027608491875381902 0.0034610020313792567 -0.0014238868554764053 -0.012160994761199695 0.0049351539249194469 -0.0017482215975056607 -0.0004453163284541215 0.0015755293498385232 -0.00095244711122128309 0.0034867264150182965 -0.0019111711554053708 -0.0035663543411359132 -0.00065689209646138235 -0.01366607666325967 -0.00030825980988539244 0.019185490354136959 0.00093438261597800448 -0.00016956797902636033 0.0049714959316756163 0.00090486887807801576 0.0019688093459431931 0.00046715245564617739
leaf_weight=27619.218589097261 4342.267100200057 2965.1560325622559 26633.980775594711 3101.1771500110626 767.803426861763 10347.080302461982 15578.801183283329 159.47104167938232 1806.9026822596788 45278.330306649208 2685.7611964046955 27375.464416190982 1936.2894450575113 1512.7138514965773 249.91138534247875 708.37926767766476 16150.213388711214 8485.7851360589266 16889.858107671142 13927.440594926476 2229.4743717759848 1622.9362349808216 498.92923071980476 844.18231308460236 340.93488256633282 709.52636595070362 43.631412908434868 1739.5773267000914 2785.5428528487682 2640.1854323893785 6294.7240182310343 8076.7673635035753 55251.660145401955
leaf_count=111076 17470 11936 107403 12488 3091 41615 62720 646 7288 182042 10809 110108 7788 6075 1007 2847 64905 34133 68672 55894 8986 6532 2002 3401 1368 2874 175 7040 11233 10683 25325 32738 223339
internal_value=-2.6013e-05 -0.000507438 -0.000657969 0.000328257 0.00134129 0.000167033 -0.000566732 -0.000709879 -0.000394487 -0.00066726 -0.000571883 -0.000357083 -0.000914994 0.00131852 -0.00398873 -0.000458686 -0.00112518 -3.07693e-05 0.000484731 -0.000234218 -0.000102932 0.00121271 -0.00208817 -0.00415258 -0.00766624 0.0019125 -8.59756e-05 0.00106996 0.00199276 0.00336801 0.00218339 0.00290337 0.000726647
internal_weight=311600 132094 120587 179506 24645.9 154860 117372 7173.26 101793 75159 73352.1 58443.7 31068.2 3449 3215.07 70666.3 25344.4 9194.16 96416 24274.5 6405.45 3852.41 2553.04 1684.05 839.864 868.997 45322 11507.6 7165.31 4379.76 17472.7 11177.9 72141.5
internal_count=1255709 531691 485265 724018 99451 624567 472322 28900 409602 302199 294911 235047 124939 13863 12943 284102 101885 36980 389520 97509 25809 15518 10291 6771 3370 3520 182217 46426 28956 17723 70551 45226 292011
is_linear=0
shrinkage=0.0343682


Tree=83
num_leaves=34
num_cat=0
split_feature=1 13 0 1 13 13 0 22 16 16 7 0 17 11 0 13 7 11 9 10 0 1 11 1 7 5 1 16 13 5 5 16 17
split_gain=60.949 25.2284 31.466 23.3659 22.8337 20.6794 18.258 23.8287 38.2832 23.8786 21.8797 20.0226 22.0776 23.0573 18.7145 18.2712 17.0519 16.9746 16.5941 15.4758 15.441 16.7964 13.7796 13.7093 18.1777 15.8863 15.6389 14.6108 13.2105 16.3871 17.83 12.9912 19.1406
threshold=0.54267350000000014 0.57199100000000003 357.50000000000006 0.44737450000000006 0.47699950000000008 0.48443300000000006 920.50000000000011 1.0000000180025095e-35 0.80131950000000007 0.64080150000000013 0.53492450000000014 11915.500000000002 0.30492750000000007 0.12628100000000003 67.500000000000014 0.53214150000000016 0.57698600000000011 0.29146450000000007 0.039802000000000011 0.14944550000000004 4496.5000000000009 0.50779300000000005 0.074483350000000018 0.59750600000000009 0.47172950000000008 0.42438650000000006 0.61466550000000009 0.78088200000000019 0.5455905000000002 0.49862100000000004 0.45345250000000009 0.5821360000000001 0.39112150000000007
decision_type=8 8 2 10 10 8 2 2 10 10 8 2 10 10 2 8 10 10 8 10 2 10 8 10 10 10 10 10 10 10 10 10 10
left_child=3 2 -2 -1 -4 22 10 8 11 16 14 12 13 19 15 -7 -9 -14 -12 28 21 -11 -5 25 26 -6 -25 -26 29 30 -8 32 -16
right_child=1 -3 4 5 23 6 7 9 -10 20 18 -13 17 -15 31 -17 -18 -19 -20 -21 -22 -23 -24 24 27 -27 -28 -29 -30 -31 -32 -33 -34
leaf_value=-0.0016716883706970607 -0.0013186795524130176 0.0018740453784895099 -0.0017501034531234604 -0.0089037825063723909 -0.00087662250473358259 -0.0014065455811539556 0.0013543138141811275 -0.00047528843004453192 0.012574942558032579 -0.0056709578032121287 0.0025135291538525093 0.0050681298973068358 -0.00074812726563403551 1.7552969409992134e-05 0.002275798164983685 0.0095189237103526936 -0.0026519849171920003 0.0084383936808211414 -0.0013369089810014632 0.0077508186568795573 0.0044850623393339886 -0.0014710007332726074 -0.0016116544405265524 -3.2536393744152281e-05 0.0019008387559425269 0.00071809942935415828 -0.01079250258419698 -0.017433010016448858 -0.0010824516723600664 -0.012061553889199337 0.0052832793716618715 2.2604371113380253e-05 -0.00037553675324023347
leaf_weight=14913.553730040789 10976.831071659923 16348.331029459834 4558.5643709301949 317.4908608943224 8308.82602673769 265.45476593077183 4364.4394767284393 37426.309636503458 284.83164618909359 2475.6792250722647 1527.2577011585236 892.82539246976376 37893.263851732016 28699.493939086795 10819.928572058678 566.94702814519405 4795.7242582440376 239.07975734770298 9839.420008867979 527.22015896439552 284.93778114020824 2061.0653807073832 8519.9270684272051 455.07585819065571 16455.196694582701 65896.368130326271 245.68969959020615 46.298899456858635 1637.9509249478579 91.561553284525871 1984.7043097615242 13344.991769403219 4576.5422476381063
leaf_count=60409 44387 66931 18329 1275 33356 1065 17504 150082 1152 9973 6124 3614 152011 115071 43368 2273 19257 961 39459 2114 1141 8267 34206 1827 67875 265893 989 187 6575 367 7985 53539 18361
internal_value=2.25796e-05 0.000616639 0.00042442 -0.000366282 0.0006238 -0.000254032 -0.000167076 -0.000375349 -1.50751e-06 -0.000984187 0.000462005 -4.84372e-05 -0.000108993 0.000485435 0.00095457 0.00603477 -0.000722525 -0.00069053 -0.000819554 0.00204576 -0.00327548 -0.0037629 -0.00187363 0.000742189 0.00161637 0.000539537 -0.003805 0.00184659 0.00167345 0.0023743 0.00258248 0.000807439 0.0014877
internal_weight=311642 123291 106943 188351 95966 173437 164600 123659 76615.4 47043.7 40940.5 76330.5 75437.7 37305.4 29573.9 832.402 42222 38132.3 11366.7 8605.88 4821.68 4536.74 8837.42 91407.5 17202.3 74205.2 700.766 16501.5 8078.66 6440.71 6349.14 28741.5 15396.5
internal_count=1255927 499774 432843 756153 388456 695744 660263 496074 307354 188720 164189 306202 302588 149616 118606 3338 169339 152972 45583 34545 19381 18240 35481 370127 70878 299249 2816 68062 32431 25856 25489 115268 61729
is_linear=0
shrinkage=0.0343682


Tree=84
num_leaves=34
num_cat=0
split_feature=1 13 4 1 12 26 4 12 23 26 12 16 4 5 9 29 1 9 2 18 13 4 5 9 13 12 5 12 9 13 12 16 2
split_gain=51.7314 35.3263 33.2563 26.7866 19.0927 19.0486 22.9208 18.5613 17.1981 21.9929 16.4913 14.8814 14.6176 15.1978 13.8643 14.5344 13.8114 13.672 13.6101 13.2778 16.3125 13.0023 14.4343 12.5997 13.9111 12.8862 15.7448 20.1583 12.6959 12.3517 12.8388 14.9385 12.302
threshold=0.50571350000000004 0.48921550000000008 0.42144400000000004 0.5887110000000001 9919.5000000000018 7.5000000000000009 0.37267850000000008 151.50000000000003 1.0000000180025095e-35 5.5000000000000009 380.50000000000006 0.45345250000000009 0.37367700000000009 0.47020550000000005 0.064665450000000027 1.0000000180025095e-35 0.5814005000000001 0.18090150000000002 0.35000600000000004 0.0034174750000000005 0.5141825000000001 0.38942650000000006 0.41644250000000005 0.17587500000000003 0.61806400000000006 1830.5000000000002 0.42096850000000002 576.50000000000011 0.17033400000000001 0.45834300000000006 2363.5000000000005 0.55856950000000005 0.2901240000000001
decision_type=8 8 10 10 2 2 10 2 2 2 2 10 10 10 8 2 8 8 10 8 10 10 10 8 8 2 10 2 10 8 2 10 10
left_child=8 4 3 19 10 23 14 -4 18 -10 16 17 13 -13 15 -7 -2 -11 -1 20 -3 22 -22 25 -25 26 -5 -28 -27 -14 31 -31 -33
right_child=1 2 7 5 -6 6 -8 -9 9 11 -12 12 29 -15 -16 -17 -18 -19 -20 -21 21 -23 -24 24 -26 28 27 -29 -30 30 -32 32 -34
leaf_value=-0.00011946387121865588 -0.00096160168848136846 -0.0039137507881022281 0.0036924773751196276 0.00470296384589396 0.01011048249721223 -0.010626151434059728 -0.0045566474899154941 -0.0025704133724734437 -0.00044162633597696302 0.0028507234005881957 -0.002218080342981564 -0.0047837101095056954 -0.0094606730107605654 -0.0011281300868554965 -0.00042054529561676206 0.00510169226095344 0.0033628113995120652 -0.0025407105151204461 -0.0031814254833987129 0.0002414613162029021 0.020279020733363202 -0.0025247544658429572 0.0038085042915307621 0.0024948243791237503 0.0089484534997554595 0.0005942414738771153 -0.0004258473202624764 0.0027189443066174381 -0.0048991048435818108 -0.0024993673745659756 -0.0023994580560233007 0.0023275004539198923 -0.0024313042329453271
leaf_weight=45925.767660215497 2875.0738355964422 419.41247461736202 615.77005565166473 2082.2049038559198 169.63619935512543 74.461634114384651 1270.7226118296385 6057.3666312247515 23743.100828588009 1368.8751515299082 10370.814871683717 4267.833504781127 233.11711820960045 1960.3685455620289 3348.4633165001869 1021.401064991951 1252.3528123795986 935.07748019695282 1781.1568916589022 158175.0247374773 64.481124818325043 388.45625191926956 2482.5958055704832 7872.5384520739317 415.33133545517921 8865.4207797497511 4111.4338602721691 5809.6238318383694 526.44952292740345 2124.2981035262346 7602.5993709266186 2616.8548030108213 850.07956419885159
leaf_count=184215 11523 1682 2502 8829 681 301 5130 24323 95616 5503 41646 17191 944 7873 13631 4165 5069 3759 7212 635718 259 1557 9989 32261 1716 36428 16976 23993 2159 8552 30761 10527 3455
internal_value=-1.33849e-05 0.000276269 0.000393625 0.000474482 -0.00135271 0.00133073 -0.000486222 -0.0019925 -0.00069022 -0.00116668 -0.00148684 -0.00195063 -0.00225695 -0.00363309 0.000677595 0.00403302 0.000350521 0.000662567 -0.000233783 0.000286842 0.00242638 0.00333222 0.00422547 0.00168056 0.00281824 0.00123985 0.00198594 0.0014157 0.000286319 -0.00161861 -0.00148005 -0.000229909 0.00116066
internal_weight=311678 218269 203601 196928 14667.9 35398.1 5715.05 6673.14 93409.1 45702.2 14498.2 21959.1 19655.2 6228.2 4444.33 1095.86 4127.43 2303.95 47706.9 161530 3354.95 2935.53 2547.08 29683 8287.87 21395.1 12003.3 9921.06 9391.87 13426.9 13193.8 5591.23 3466.93
internal_count=1256146 880538 821619 794794 58919 145589 23227 26825 375608 184181 58238 88565 79303 25064 18097 4466 16592 9262 191427 649205 13487 11805 10248 122362 33977 88385 49798 40969 38587 54239 53295 22534 13982
is_linear=0
shrinkage=0.0343682


Tree=85
num_leaves=34
num_cat=0
split_feature=1 19 1 29 4 9 9 27 11 7 29 7 0 1 9 0 0 4 7 7 29 0 6 4 7 7 7 0 11 11 4 6 4
split_gain=54.6294 27.6103 24.9101 20.3017 19.424 15.6279 16.4969 14.8269 13.377 13.9551 13.2009 12.6692 22.04 23.889 16.5091 20.1985 14.6542 15.4827 12.7399 13.197 14.2371 12.9907 12.6 18.2494 12.6148 12.5106 12.3515 14.3474 13.7248 15.3929 12.1863 11.8365 15.6909
threshold=0.50440950000000007 1.0000000180025095e-35 0.56211450000000007 0.89500000000000013 0.42493700000000006 0.087167550000000024 0.10923300000000001 99.950000000000017 0.22732300000000003 0.49925800000000004 0.91500000000000015 0.55360200000000015 9259.5000000000018 0.53125400000000012 0.17512900000000001 11915.500000000002 982.50000000000011 0.38981950000000004 0.53166800000000014 0.39768250000000005 1.4950000000000003 78.500000000000014 0.43503850000000005 0.33895350000000007 0.45131300000000002 0.31455050000000007 0.54645800000000011 5605.5000000000009 0.18157550000000003 0.12577950000000002 0.36010350000000008 0.44843700000000003 0.40591050000000006
decision_type=10 2 10 2 10 8 8 2 10 10 2 10 2 10 10 2 2 10 8 10 2 2 8 10 10 8 10 2 10 10 10 8 10
left_child=5 2 11 7 22 8 -7 -4 -1 -10 -6 16 -13 -14 15 -15 17 18 19 20 -2 -21 23 24 -3 -8 -18 -28 29 -29 -23 32 -5
right_child=1 4 3 31 10 6 25 -9 9 -11 -12 12 13 14 -16 -17 26 -19 -20 21 -22 30 -24 -25 -26 -27 27 28 -30 -31 -32 -33 -34
leaf_value=-0.0018332235906337827 -0.0057614273871049266 0.019325342325982032 0.00046020880834320426 4.9887330935160594e-05 -0.0097120107419901135 0.00098195144465586595 -0.0034067563226681317 -0.0045658135150684646 0.0083505861185913868 -0.0065491642870845771 0.00037047735316011327 -0.00067598876762085824 0.0067603433728812739 -0.0074321226043206016 0.0069221206728343953 0.0024834243042131969 -5.8661008541687234e-05 -0.00010207510121230479 0.00010291147966517633 0.01090727800685678 0.007266320496925046 0.0013391989625197119 -0.00033871106068671071 -0.0033576026236070266 0.0019376808840078205 -0.00062750460010301424 0.00081259091866138695 -0.00017637327334925462 -0.0034912461810915592 0.010964628526501355 0.003897258388103259 0.0017494106562493308 -0.011685035357704812
leaf_weight=16808.425046339631 421.19699195027351 58.62564891576767 40409.107248783112 2975.1012623906136 485.16688446700573 7583.9719088226557 1971.7770995050669 705.39194771647453 293.53953124582767 99.388498991727829 224.29596050083637 34283.380394101143 1009.5774570554495 485.5826111137867 285.69936184585094 485.06092958152294 64670.406960934401 8081.9402091950178 3738.8336197137833 226.64328634738922 129.56031385064125 4557.098010584712 16738.096909984946 3330.7667130231857 309.32244624197483 64286.442633628845 3032.4548641294241 204.56783416867256 154.36681190133095 515.88700847327709 4252.2615720778704 28657.73486879468 140.96300254762173
leaf_count=67599 1687 235 164450 11993 1949 30487 8014 2840 1186 399 902 137783 4118 1958 1151 1973 259166 32388 15031 911 519 18287 67419 13364 1239 258464 12172 823 619 2072 17054 117123 566
internal_value=-4.5456e-05 0.000246902 0.000372115 0.000878212 -0.000933937 -0.000753745 -0.000536418 0.000373979 -0.00168669 0.00458179 -0.00652444 8.05858e-05 -0.000459017 0.00282377 -0.000339598 -0.00247701 0.000299756 0.00108474 0.00180454 0.00246818 -0.00269678 0.00278299 -0.000739863 -0.00255523 0.00470808 -0.000710212 5.47118e-05 0.00193118 0.00580861 0.00780122 0.00257397 0.00153068 -0.000480971
internal_weight=311613 220569 199423 72888.3 21146.3 91043.5 73842.2 41114.5 17201.4 392.928 709.463 126535 36549.3 2265.92 1256.34 970.644 89985.2 21407.5 13325.6 9586.76 550.757 9036 20436.8 3698.71 367.948 66258.2 68577.7 3907.28 874.822 720.455 8809.36 31773.8 3116.06
internal_count=1255941 889792 804684 296972 85108 366149 296965 167290 69184 1585 2851 507712 146983 9200 5082 3931 360729 85877 53489 38458 2206 36252 82257 14838 1474 266478 274852 15686 3514 2895 35341 129682 12559
is_linear=0
shrinkage=0.0343682


Tree=86
num_leaves=34
num_cat=0
split_feature=1 24 13 24 14 9 28 5 13 5 16 17 1 7 17 16 12 3 14 9 7 1 7 12 12 1 5 13 12 17 13 16 16
split_gain=50.0705 32.287 22.3165 22.7917 17.1705 19.2245 16.1834 15.1221 15.034 16.064 23.231 24.0323 13.1622 17.5863 15.7232 12.9454 12.7303 12.297 12.008 11.9129 11.7997 12.1905 11.724 12.5408 11.0127 13.4655 12.2874 13.7529 11.6097 11.8409 11.2531 10.8743 14.4824
threshold=0.54267350000000014 1.5000000000000002 0.57199100000000003 2.5000000000000004 0.13630450000000002 0.23271750000000002 1.0000000180025095e-35 0.36588800000000005 0.47699950000000008 0.407723 0.51157200000000014 0.44410400000000005 0.47761450000000005 0.50738000000000016 0.46283550000000007 0.43735250000000009 209.50000000000003 0.083626800000000015 0.16449550000000004 0.41801100000000008 0.50200800000000012 0.49456050000000001 0.42880150000000006 108.50000000000001 997.50000000000011 0.52987550000000005 0.45161450000000009 0.50989050000000014 66.500000000000014 0.28886850000000003 0.46624800000000005 0.67928200000000005 0.58957650000000006
decision_type=8 2 10 2 10 10 2 10 8 8 10 10 10 8 10 10 2 8 10 10 10 10 8 2 2 10 10 10 2 10 10 10 10
left_child=1 4 3 8 5 12 -3 -7 16 10 11 -10 -1 20 -15 -5 -2 -11 -12 24 -14 -22 -17 -24 25 26 27 -6 -27 -30 -26 32 -19
right_child=2 6 -4 15 19 7 -8 -9 9 17 18 -13 13 14 -16 22 -18 31 -20 -21 21 -23 23 -25 30 28 -28 -29 29 -31 -32 -33 -34
leaf_value=-0.0011182337524874991 0.0013804068563440265 -0.0016972581749729113 0.0017354253513364531 0.0028528260895884431 -0.0026252530534031089 0.014806804801756444 -0.00044845906477314931 0.0020532105279068109 0.0030832574279591311 -0.0026136610727063875 -0.0023318073000194971 -0.0065903747334858098 0.0011783130952041745 -0.00058565666599213356 0.004185164265424807 -0.0082386153168452908 -0.002402220352757833 0.00062609380960329314 -0.010305452461677723 -0.0037054173931210348 -0.0041448221781486229 0.0071075854126772323 0.0075886692687944807 -0.00170651538987234 -0.0049116292758015646 0.011613670344338516 0.0014620259483207739 0.00029072116441969002 0.0039897542811836752 -0.00048235116636162587 -0.00040411766369313523 -0.0005797834066040684 0.0016995361105147707
leaf_weight=7075.1024381816387 1482.1563696414232 25608.87610296905 16258.556193172932 791.03481444716454 2928.2886666804552 111.83639948070049 23510.336064338684 6076.3200458288193 1935.6090341061354 1278.4078613221645 3315.2452825456858 359.71370278298855 12285.682590514421 13331.943601951003 869.15752092003822 316.72013978660107 3611.85591173172 60071.126602247357 239.17901694774628 1212.3567541241646 134.87713888287544 725.05671964585781 175.59713323414326 7250.2305584698915 659.56098827719688 160.11522184312344 4757.3389801830053 5496.5358676016331 1658.7624554336071 1209.0334629267454 80540.367260396481 6411.5103424489498 19718.840653806925
leaf_count=28435 5973 102894 66602 3218 11779 449 94463 24372 8131 5186 13328 1460 49218 53494 3487 1269 14516 243176 961 4875 540 2909 709 29203 2650 642 19081 22057 6653 4847 323381 25937 79919
internal_value=1.04365e-05 -0.000341951 0.000549107 0.000368775 -7.46861e-05 0.000520085 -0.00109954 0.0022837 0.000516501 0.000615736 -0.00112792 0.00156724 0.000203033 0.000544869 -0.000293666 -0.00133505 -0.00130163 0.000732333 -0.00286836 -0.000319597 0.00145073 0.00534269 -0.00176291 -0.00148671 -0.000277457 0.000540418 6.56807e-05 -0.000722809 0.00260721 0.00210436 -0.000440731 0.000781956 0.000891378
internal_weight=311567 188352 123216 106957 139232 40610 49119.2 6188.16 98423.6 93329.6 5849.75 2295.32 34421.8 27346.7 14201.1 8533.58 5094.01 87479.9 3554.42 98622.4 13145.6 859.934 7742.55 7425.83 97410 16210.1 13182.2 8424.82 3027.91 2867.8 81199.9 86201.5 79790
internal_count=1255814 756226 499588 432986 558869 162904 197357 24821 398587 378098 23880 9591 138083 109648 56981 34399 20489 354218 14289 395965 52667 3449 31181 29912 391090 65059 52917 33836 12142 11500 326031 349032 323095
is_linear=0
shrinkage=0.0343682


Tree=87
num_leaves=34
num_cat=0
split_feature=24 6 23 29 13 13 17 20 13 6 23 18 29 17 29 18 29 13 10 25 25 6 10 29 25 18 7 10 17 6 17 9 25
split_gain=49.9386 29.3315 26.2962 21.7696 20.3181 17.934 16.6377 23.1948 17.6677 16.2223 15.688 15.5847 14.7513 13.1367 11.8778 11.7117 13.3747 11.6964 11.4867 11.1446 10.8222 13.6977 13.5823 11.4349 10.8207 10.7209 14.4257 10.3386 10.6002 10.965 10.2881 10.1843 11.9942
threshold=2.5000000000000004 0.60817750000000015 1.0000000180025095e-35 0.88500000000000012 0.53814350000000011 0.5238195000000001 0.30579350000000005 1.0000000180025095e-35 0.48443300000000006 0.66341400000000006 1.0000000180025095e-35 0.19521350000000001 1.5150000000000003 0.36298300000000006 2.8750000000000004 0.0034174750000000005 1.8550000000000002 0.51975750000000021 0.29460000000000003 1.0000000180025095e-35 1.0000000180025095e-35 0.55898200000000009 0.034683250000000006 5.1800000000000006 1.5000000000000002 0.33162100000000005 0.35217000000000004 0.15689850000000002 0.44900550000000006 0.58793200000000001 0.35637150000000006 0.17351150000000004 1.5000000000000002
decision_type=2 10 2 2 10 8 10 2 10 8 2 8 2 10 2 10 2 10 10 2 2 8 8 2 2 8 8 10 8 8 10 10 2
left_child=1 3 9 5 -4 10 7 8 -3 13 -1 20 -13 17 31 16 -10 -2 -6 -12 21 23 -23 -5 -15 -14 -27 -24 29 -29 -19 32 -9
right_child=2 6 4 11 18 -7 -8 14 15 -11 19 12 25 24 -16 -17 -18 30 -20 -21 -22 22 27 -25 -26 26 -28 28 -30 -31 -32 -33 -34
leaf_value=-0.00031656265775885606 -0.0018508193392016627 -0.0023935213713689981 -0.0037774635865231976 -0.00075654957081631872 -0.00079200572262854384 -2.180665915212788e-05 8.1907765163362426e-05 0.0054156144789421871 -0.0078864666833221367 0.0027995140823523766 -0.0024463098044023007 0.0015447237929108592 0.00065168098307068548 -0.00041189672680194889 -0.0052120855106234411 0.0011878378243363687 0.0048043479479989333 0.00051426736544074939 -0.015660549523132037 -0.00087767513251777471 0.00041413370171104351 -0.016605023137373321 0.0022964525256411075 -0.008054133603604097 -0.004543129088480655 0.010100157552887899 -0.0019300300218348331 0.00036920479134138926 0.0085301722945991115 -0.005719480395667614 0.0095811155530727624 -0.00055152460216626364 0.0011800985487418164
leaf_weight=27514.119332566857 3155.1294784843922 1804.67003493011 7155.7955304831266 23073.915997475386 5217.6824987530708 76312.018010929227 23756.990244567394 3139.8075520992279 340.59833525121212 1647.5319419503212 9364.5616761445999 19481.013009786606 10017.014252692461 1306.3787432312965 180.68453896045685 30589.973150387406 137.76289708912373 5587.8955271691084 62.102623596787453 12478.385009154677 36582.135587304831 50.720015376806259 3614.2867467850447 256.44198015332222 1754.8249913454056 121.81652455031872 3514.4199693053961 992.68854001164436 127.76928853988647 539.08460415899754 151.83836695551872 568.4897952824831 1055.0965039134026
leaf_count=110509 12673 7272 28850 92818 21030 307167 96102 12995 1371 6668 37689 78435 40322 5249 734 124169 555 22479 250 50212 147210 204 14601 1031 7047 489 14134 4004 513 2178 610 2318 4330
internal_value=-1.0296e-06 0.00013033 -0.00144187 -5.22569e-05 -0.00258418 -0.000351993 0.000794683 0.00124245 0.000912364 -0.000397639 -0.000862501 0.000330655 0.000937643 -0.000838203 0.00343721 0.00110439 -0.00423165 -0.000169887 -0.000966895 -0.00155018 2.23625e-05 -0.00047779 0.00109511 -0.000836763 -0.00278011 7.14356e-05 -0.00152701 0.00126533 -0.000980321 -0.00177362 0.000754121 0.00376529 0.0043503
internal_weight=311654 285614 26039.2 224040 12435.6 125669 61574.1 37817.1 32873 13603.6 49357.1 98371.3 33134.3 11956.1 4944.08 31068.3 478.361 8894.86 5279.79 21842.9 65237 28654.9 5324.55 23330.4 3061.2 13653.3 3636.24 5273.83 1659.54 1531.77 5739.73 4763.39 4194.9
internal_count=1256218 1151362 104856 901516 50130 505577 249846 153744 133367 54726 198410 395939 133380 48058 20377 126095 1926 35762 21280 87901 262559 115349 21500 93849 12296 54945 14623 21296 6695 6182 23089 19643 17325
is_linear=0
shrinkage=0.0343682


Tree=88
num_leaves=34
num_cat=0
split_feature=13 23 5 5 0 12 12 6 25 10 5 27 25 3 6 6 13 12 27 28 3 28 3 3 29 13 12 13 0 0 3 10 29
split_gain=31.8771 42.8033 23.5476 22.8789 22.6063 33.648 24.1722 21.7571 21.2987 21.5053 19.7931 19.0776 17.0836 16.3707 16.2628 18.4927 18.3259 16.0082 14.2774 13.9489 13.5107 13.3807 13.1972 13.1474 13.1247 12.848 16.154 12.0262 13.0347 12.3184 16.47 21.98 23.4258
threshold=0.54894150000000008 1.0000000180025095e-35 0.44922650000000003 0.5000285000000001 2371.5000000000005 3783.5000000000005 2153.5000000000005 0.64061300000000021 1.0000000180025095e-35 0.17321550000000002 0.41204950000000007 1.0000000180025095e-35 1.5000000000000002 0.078989000000000018 0.60221200000000008 0.57343100000000014 0.5238195000000001 4880.5000000000009 96.050000000000011 1.0000000180025095e-35 0.18900850000000005 2.5000000000000004 0.12371200000000002 0.21432350000000003 3.2350000000000008 0.48009300000000005 5209.5000000000009 0.48282000000000008 5605.5000000000009 9474.5000000000018 0.13740600000000003 0.19848750000000004 0.72500000000000009
decision_type=8 2 10 10 2 2 2 10 2 10 8 2 2 8 8 10 10 2 2 2 10 2 10 10 2 10 2 10 2 2 10 10 2
left_child=1 3 25 10 6 7 11 -6 -4 -10 14 -2 -13 -12 15 24 -17 -7 -11 27 21 -21 -19 -16 -1 -3 -27 -15 -29 -30 -31 -32 -33
right_child=4 2 8 -5 5 17 -8 -9 9 18 13 12 -14 19 23 16 -18 22 -20 20 -22 -23 -24 -25 -26 26 -28 28 29 30 31 32 -34
leaf_value=-0.0013225906953102579 -0.0039813263385645734 -0.0031591336424159223 -0.0010451660220902553 -0.0021804424993764489 -0.0014973643747112123 0.0048008264151098096 -0.00032722282308821928 0.0019631119573098022 -0.00024871391047538629 0.0020324299802598365 -0.0059729148257064747 0.0018641336024153062 0.00034941406135574095 -0.0017264497823321417 0.0008423126003172188 -0.011960384883651833 -0.0012663049226687192 -0.010866343842370145 -0.0031040115603333989 0.0011939591338853473 -0.002107055003587053 -0.001203884871795249 0.0010484439512833473 0.012596192974473243 0.010043042280075272 -0.00060133698021177422 -0.0018021328796681056 0.00055931250773483135 -0.0013917197745630171 -0.0057990311321916141 0.0036929557863868054 0.0022422149772075655 -0.010262132229693594
leaf_weight=9346.9892573803663 783.79892672598362 3577.9618422538042 19009.912944480777 4507.2583907395601 14985.516200885177 1908.4780784249306 13586.498879164457 2504.7783472985029 19325.33537992835 9663.9399069696665 463.67837959527969 30631.662377253175 12336.995243161917 3816.5646962970495 2822.688476189971 388.98009823262691 368.66279843449593 117.80498836934566 684.47802756726742 43287.873538121581 1667.6624182015657 2935.2505521178246 1616.9930036664009 117.06894063949585 121.57082006335258 36531.533348277211 20748.880473092198 41490.143141612411 8804.3797020018101 364.16944660246372 2157.238720625639 403.10608221590519 315.44676679372787
leaf_count=37529 3152 14412 76537 18125 60527 7717 54718 10338 77822 38841 1869 124278 49895 15332 11463 1562 1481 482 2749 174205 6696 11808 6512 471 488 147120 83591 166998 35424 1467 8711 1619 1267
internal_value=-1.4143e-05 -0.000215978 -0.000710427 0.000223019 0.00058494 -0.000375901 0.00093908 -0.00100179 -0.000147038 0.000428331 0.000314152 0.00133231 0.00142923 0.000470666 -0.000942452 -0.00159008 -0.00675673 0.00262881 0.00169269 0.000499055 0.000932045 0.00104169 0.000239346 0.00131038 -0.00117666 -0.00116111 -0.00103631 0.000137488 0.000270371 -0.000724969 0.00108688 0.00195886 -0.00324723
internal_weight=311393 232921 109542 123379 78472.5 21133.6 57339 17490.3 48683.7 29673.8 118871 43752.5 42968.7 105706 13166 10226.2 757.643 3643.28 10348.4 105242 47890.8 46223.1 1734.8 2939.76 9468.56 60858.4 57280.4 57351 53534.5 12044.3 3239.96 2875.79 718.553
internal_count=1255206 937587 441072 496515 317619 85576 232043 70865 195949 119412 478390 177325 174173 425396 52994 41060 3043 14711 41590 423527 192709 186013 6994 11934 38017 245123 230711 230818 215486 48488 13064 11597 2886
is_linear=0
shrinkage=0.0343682


Tree=89
num_leaves=34
num_cat=0
split_feature=13 2 4 8 3 0 2 3 10 27 0 23 10 9 4 0 13 3 10 9 0 4 10 10 10 3 8 2 21 0 0 0 9
split_gain=33.2181 32.9218 21.8794 15.937 31.1789 27.9117 16.4878 15.123 17.9339 15.1185 14.7467 17.8415 15.7959 15.5073 15.5691 14.5279 14.2011 14.1607 14.0808 14.2365 16.9407 13.8943 13.1232 19.6998 16.6496 17.3433 14.5143 16.0866 18.7222 15.9473 13.2439 13.1143 12.8522
threshold=0.47699950000000008 0.17721650000000003 0.36842400000000003 0.53154050000000008 0.12949800000000003 184.50000000000003 0.34211950000000008 0.15859050000000005 0.11849300000000001 32.45000000000001 950.50000000000011 1.0000000180025095e-35 0.29460000000000003 0.38548950000000004 0.43802600000000008 8511.5000000000018 0.49467650000000002 0.15738750000000004 0.16329900000000003 0.11791450000000002 437.50000000000006 0.41987700000000006 0.26111700000000004 0.18425550000000004 0.19646000000000002 0.11765200000000002 0.54116400000000009 0.32744700000000004 1.0000000180025095e-35 6054.5000000000009 8698.5000000000018 6154.5000000000009 0.60555550000000002
decision_type=8 8 10 10 10 2 10 8 10 2 2 2 10 10 10 2 10 8 8 8 2 10 10 10 10 10 10 10 2 2 2 2 10
left_child=17 9 7 4 -4 -5 10 22 31 -2 13 12 -12 14 -6 21 -14 -1 -8 20 -20 32 23 26 -25 -26 29 -28 -29 -3 -24 -9 -7
right_child=1 2 3 5 6 15 18 8 -10 -11 11 -13 16 -15 -16 -17 -18 -19 19 -21 -22 -23 30 24 25 -27 27 28 -30 -31 -32 -33 -34
leaf_value=-0.0023802121072617672 -8.0964469872765268e-05 0.00019040428205737971 0.0010392439865568291 -0.0054258431075340004 0.00097274419460394255 -0.00056234798325194648 -0.0063083207005787722 -0.0024936983598411082 -0.0001951682419051889 0.0010897827507071944 -0.00025370390269458855 -0.0013860125805015635 -0.012011381972845625 -0.0056617658239659389 -0.0021409433265023614 -0.012720350410881997 0.006826183680890211 0.00038866972494859748 -0.0032263826815602191 -0.0019916082411743879 0.025328594273563654 -0.0036638548718456307 -0.0017130825969909034 0.0035248038429082662 0.011095397287461048 0.00069245890542847315 0.0007552865310359719 0.0026838341683779313 0.022334822560002458 -0.0015284086605453734 -0.013804404486639768 -0.011544074320817171 -0.013129844244881164
leaf_weight=9551.6667043268681 18168.196826159954 30775.987346217036 18393.875920563936 1701.9029259085655 14911.978670552373 24431.37973998487 1070.9105050861835 2277.0423222184181 27388.651677012444 46054.863803043962 26455.481429457664 26044.505535259843 51.515771105885506 483.9828869253397 2173.2727042287588 121.95553782582283 573.58546181023121 2827.5030761361122 46.45964415371418 800.33112299442291 52.015465795993805 1898.1763343065977 1615.2136503458023 4151.2154579758644 193.30038785934448 9129.6272380948067 31551.22835251689 166.49849723279476 87.290109664201736 8042.0129976570606 114.59060940146446 206.24446398019791 96.495146468281746
leaf_count=38400 73941 123464 73798 6825 59889 97970 4383 9136 109849 188241 106100 104915 207 1950 8760 489 2302 11375 190 3265 213 7609 6481 16670 780 36638 127331 667 358 32239 459 827 387
internal_value=-3.17655e-06 6.89978e-05 -0.000119455 -0.000446016 -0.00022477 -0.00115916 -0.000544737 0.000217293 -0.000448734 0.000758588 -0.000458322 -0.000743778 -0.000126114 0.000404826 0.000576678 -0.000885636 0.00527374 -0.00174778 -0.00364622 -0.000474367 0.0118566 -0.000831019 0.000449102 0.000510052 0.00171431 0.000908152 0.000280292 0.000824608 0.00944275 -0.000165686 -0.00251407 -0.00324536 -0.00061179
internal_weight=311609 299230 235007 119308 91057.9 28249.9 72664 115699 29871.9 64223.1 70694.3 53125.1 27080.6 17569.2 17085.3 26548 625.101 12379.2 1969.72 898.806 98.4751 26426.1 85827 84097.2 13474.1 9322.93 70623 31805 253.789 38818 1729.8 2483.29 24527.9
internal_count=1256108 1206333 944151 479252 365972 113280 292174 464899 119812 262182 284123 213524 108609 70599 68649 106455 2509 49775 8051 3668 403 105966 345087 338147 54088 37418 284059 128356 1025 155703 6940 9963 98357
is_linear=0
shrinkage=0.0343682


Tree=90
num_leaves=34
num_cat=0
split_feature=2 2 19 5 17 17 22 5 26 15 11 19 17 17 17 26 11 17 20 2 11 27 2 26 2 17 15 17 5 5 14 14 11
split_gain=39.0843 21.3053 18.3294 25.2105 19.6493 20.7059 23.5389 23.4128 22.1611 18.4354 18.3518 18.2839 17.5122 17.6979 16.3023 14.8784 14.8077 19.4189 19.244 15.7698 18.1101 15.1466 14.6434 15.0789 14.148 13.9113 13.5391 13.0993 13.0106 13.2748 12.988 12.9534 12.8745
threshold=0.20143250000000004 0.10837000000000001 1.0000000180025095e-35 0.46412450000000005 0.45367350000000006 0.30730600000000002 1.0000000180025095e-35 0.5000285000000001 3.5000000000000004 4674.5000000000009 0.22039350000000002 1.0000000180025095e-35 0.39688950000000006 0.23389400000000002 0.16814000000000004 3.5000000000000004 0.11995700000000002 0.37342850000000005 1.0000000180025095e-35 0.12593200000000002 0.14576800000000004 47.650000000000013 0.23857600000000004 10.500000000000002 0.22492700000000002 0.43387250000000005 13423.000000000002 0.23799150000000005 0.47249850000000004 0.45939000000000002 0.14367850000000001 0.14529150000000005 0.10854300000000001
decision_type=10 8 2 10 10 10 2 10 2 2 10 2 10 8 10 2 8 10 2 8 10 2 10 2 10 10 2 10 10 10 8 10 10
left_child=1 -1 4 14 5 6 7 22 -8 10 -5 12 13 15 24 -3 17 27 19 20 -18 -22 -2 -24 -4 -16 -13 -15 29 32 -20 -9 -29
right_child=2 11 3 9 -6 -7 8 31 -10 -11 -12 26 -14 16 25 -17 18 -19 30 -21 21 -23 23 -25 -26 -27 -28 28 -30 -31 -32 -33 -34
leaf_value=0.002248000784536582 0.0013178476580219048 0.0011220124250874266 -0.005876361955954936 0.00068253728681121572 0.0013149706339015989 -0.00070843562081022299 0.00079503435239975902 0.00030129695512264102 -0.0010262509774728494 -0.0051240271603534933 0.0075752663447127919 -0.00099177683728480528 -0.00058390096768059672 0.0048413843521670531 -0.0024994050881137599 -0.00047915481607297284 0.0083087285754985668 0.0037510377787993471 0.0047603843179949519 0.00098478069722493641 -0.0044450141398115275 0.0052515552048868364 9.2442816544953621e-05 0.010288169198832933 0.0029896293219017385 0.00026067869204197903 -0.019748075520210025 0.00030354781333956983 0.0018484727020194648 -0.0049921481742694323 0.0011563868777197004 -0.0047777752366695318 -0.0025061118136424734
leaf_weight=7794.5659548044205 24326.333119377494 10359.22177696228 253.43632034957409 5477.5386996567249 10060.968182086945 67837.339469358325 10715.569884747267 995.4698965549469 29940.633951023221 587.42981088161469 497.7161635607481 9063.0564467310905 14335.907354921103 549.72694374620914 14699.407881632447 20263.318076893687 762.45323377847672 1546.8641960918903 3184.9955454021692 31703.405469447374 349.82952693104744 417.21119591593742 27011.169852092862 172.4291430413723 1319.2919516563416 2527.8720511645079 45.687109082937241 5368.9727316051722 2107.9625087827444 949.66580459475517 1877.2457285821438 1467.3572896420956 3004.2937234044075
leaf_count=32622 97669 42192 1016 21987 40417 272299 42999 3997 120172 2360 2003 36452 57903 2225 59490 82108 3139 6278 12978 128020 1433 1706 108348 692 5311 10190 183 21727 8600 3853 7587 5883 12178
internal_value=6.01779e-06 0.000513872 -0.000285736 -0.00114842 -0.000158916 -0.000250188 7.83189e-05 0.000548769 -0.000546223 0.000685535 0.00125668 0.000386222 0.00052477 0.00071755 -0.00178861 6.25e-05 0.00110463 0.000127154 0.00144991 0.00114922 0.00455773 0.000829174 0.000705289 0.000157116 0.00156092 -0.0020944 -0.00108585 -0.00034074 -0.000589955 -0.0011413 0.0034239 -0.00272482 -0.000704547
internal_weight=311574 113684 197890 25362.7 172527 162466 94629 53972.8 40656.2 6562.68 5975.25 105890 96781.1 82445.2 18800 30622.5 51822.6 13527.5 38295.1 33232.9 1529.49 767.041 51509.9 27183.6 1572.73 17227.3 9108.74 11980.6 11430.9 9322.93 5062.24 2462.83 8373.27
internal_count=1256017 461184 794833 102357 692476 652059 379760 216589 163171 26350 23990 428562 391927 334024 76007 124300 209724 54861 154863 134298 6278 3139 206709 109040 6327 69680 36635 48583 46358 37758 20565 9880 33905
is_linear=0
shrinkage=0.0343682


Tree=91
num_leaves=34
num_cat=0
split_feature=24 1 13 4 12 1 7 10 16 13 1 7 29 4 4 12 4 16 7 27 10 7 16 12 4 13 10 9 27 5 1 5 12
split_gain=44.9156 41.0777 19.5194 19.424 18.9786 24.5575 19.7661 16.6234 15.9357 14.5165 13.1495 15.7375 15.014 14.7689 16.3903 13.1859 13.3731 12.5649 12.4459 12.066 12.2488 20.3884 15.8521 13.928 11.3776 16.2642 13.2862 19.1824 12.1786 11.4094 11.3614 11.3493 14.9157
threshold=2.5000000000000004 0.52514100000000019 0.53685950000000016 0.40167600000000003 348.50000000000006 0.57652650000000005 0.46318050000000005 0.17781500000000003 0.69989350000000006 0.47699950000000008 0.57119350000000013 0.55360200000000015 1.0000000180025095e-35 0.33654350000000005 0.39565250000000002 1083.5000000000002 0.32478800000000008 0.48893350000000008 0.31455050000000007 67.250000000000014 0.074133800000000014 0.47678250000000005 0.42748000000000003 3655.5000000000005 0.4329340000000001 0.52030250000000011 0.16485500000000003 0.16860700000000003 0.35000000000000003 0.36588800000000005 0.69879200000000008 0.42438650000000006 9392.5000000000018
decision_type=2 8 10 10 2 10 8 8 10 10 10 8 2 8 10 2 10 10 10 2 10 10 10 2 10 8 10 10 2 10 10 10 2
left_child=1 18 -2 9 7 8 -7 30 -6 -3 11 19 -12 15 -15 -13 -17 -18 -1 20 21 -11 -23 -24 29 -26 -27 -28 -29 -20 -5 32 -22
right_child=2 3 -4 4 5 6 -8 -9 -10 10 12 13 -14 14 -16 16 17 -19 24 -21 31 22 23 -25 25 26 27 28 -30 -31 -32 -33 -34
leaf_value=-0.0020366890263198325 -0.0021322314735107207 -0.0010311520972577815 -0.00020989539228779853 -0.00057302222250199498 -0.0001493169109530696 -0.01622476555372844 -0.0038201060056052101 0.0072635521888076478 -0.0062422813891518563 0.0041976260406318801 -0.0036474669264678454 -0.0015454388153271869 0.001163039059152899 -0.00075272288491949624 0.0032383952962166851 -0.00073078231401702866 9.0877969206337722e-05 0.0049611050487034384 0.0051347489642862608 -3.9255475565379377e-05 2.4916629258303423e-05 -0.020008199438631941 -0.00040697597036097886 -0.010273678290074263 -0.0043137881643711892 -0.0019462086598975644 0.0083572215041637504 -0.012549496109597689 0.00080429407919142912 -0.00021572752092273965 0.012667029465962923 0.0014423868421958408 -0.0095535945969547637
leaf_weight=4878.8387842327356 15751.279615029693 6147.2373869419098 10331.334352239966 1279.4059792608023 7135.5080139040947 165.0769057571888 1876.2952093183994 557.91050055623055 545.80763892829418 389.13347519934177 777.53135454654694 1364.6979118287563 53311.558878988028 24371.560666322708 1279.1691230386496 1202.0648372471333 880.70481562614441 2161.092689588666 472.63295324146748 15488.859768688679 4281.302744448185 78.752893805503845 491.62186241149902 257.50403858721256 1946.6136109083891 2504.3148907274008 422.15266819298267 89.148063823580742 848.0344864577055 118160.42519909143 81.425672501325607 31841.948594108224 201.0441916435957
leaf_count=19699 63398 24703 41650 5161 28597 662 7572 2270 2190 1560 3136 5514 218209 98180 5136 4835 3557 8751 1898 62140 17171 316 1975 1032 7865 10073 1701 359 3416 474356 341 127837 805
internal_value=-5.59516e-06 0.000119131 -0.00137079 0.000494283 -0.000856236 -0.00147269 -0.00482322 0.00226748 -0.000582262 0.000603066 0.000675663 0.000407285 0.00109389 -0.000204376 -0.000553691 0.00139322 0.0023382 0.00355101 -0.000333896 0.000767837 0.00110083 -0.00229074 -0.00534051 -0.00379855 -0.000267137 -0.00175205 -0.000461375 0.00227415 -0.000465965 -0.000194411 0.000219199 0.00121446 -0.000404703
internal_weight=311572 285489 26082.6 156167 11641.4 9722.69 2041.37 1918.74 7681.32 144526 138379 84289.5 54089.1 31259.3 25650.7 5608.56 4243.86 3041.8 129322 53030.2 37541.3 1217.01 827.879 749.126 124443 5810.26 3863.65 1359.34 937.183 118633 1360.83 36324.3 4482.35
internal_count=1256065 1151017 105048 631650 46793 39021 8234 7772 30787 584857 560154 338809 221345 125973 103316 22657 17143 12308 519367 212836 150696 4883 3323 3007 499668 23414 15549 5476 3775 476254 5502 145813 17976
is_linear=0
shrinkage=0.0343682


Tree=92
num_leaves=34
num_cat=0
split_feature=1 13 4 12 1 12 0 6 27 0 4 12 18 27 6 6 27 12 4 27 11 18 4 27 1 12 0 18 6 6 0 1 13
split_gain=40.021 27.4269 25.38 20.2261 20.0244 18.6423 15.1805 15.0974 15.0371 14.4754 18.1894 14.3738 14.0862 13.9837 12.9144 14.3391 13.9145 12.2133 12.1483 18.991 12.0313 12.6683 14.4471 12.8103 11.9132 21.0921 13.0427 13.7013 11.901 11.743 13.8399 18.9928 18.3197
threshold=0.50440950000000007 0.48921550000000008 0.42144400000000004 9919.5000000000018 0.5887110000000001 151.50000000000003 601.50000000000011 0.24209100000000003 99.850000000000009 5361.5000000000009 0.32342300000000007 380.50000000000006 0.066930150000000008 32.95000000000001 0.39800850000000004 0.41149000000000008 12.350000000000003 4518.5000000000009 0.33995650000000005 83.550000000000011 0.14085900000000004 0.089049150000000007 0.39608950000000004 58.050000000000004 0.58052850000000011 1752.5000000000002 574.50000000000011 0.19160750000000001 0.42347600000000002 0.56220250000000005 8511.5000000000018 0.52987550000000005 0.58021100000000014
decision_type=10 8 10 2 10 2 2 8 2 2 10 2 10 2 8 10 2 2 10 2 10 10 10 2 10 2 2 10 10 10 2 10 8
left_child=-1 3 4 11 9 6 -4 -7 -6 -3 -11 -2 -10 17 18 -16 -17 -13 19 -12 29 28 -23 -24 -9 26 27 -26 -22 -18 32 -32 -31
right_child=1 2 5 -5 8 7 -8 24 12 10 14 13 -14 -15 15 16 20 -19 -20 -21 21 22 23 -25 25 -27 -28 -29 -30 30 31 -33 -34
leaf_value=-0.00060328100875141073 0.00039613840199643081 0.00042555374268639178 0.0056411960236548231 0.010537871678855441 0.0012531210080227826 -0.011941540424950639 -0.013886744485717771 -0.0011895755223322358 0.0035497666080864317 -0.010888480838590649 0.0055548193460582956 -0.0049590724168261328 -0.0088345263962262728 -0.0011530506602334164 0.0046355705443718778 -0.0028346715223817156 0.0021282178281560133 0.00023214633210451321 -0.0034296819134271759 -0.014488804995453139 -0.017388883705580071 -0.00032210954482959979 -0.00013079327846481233 0.019579587968847723 0.0032402198630267758 -0.010217765137108167 -0.0096033162451400027 -0.01354597750302877 -0.002653495222309597 -0.0016029050998631665 0.0069002905223696882 -0.00052973337730455273 -0.022688435295251358
leaf_weight=91045.951696589589 4154.1389129757881 131673.10463513434 561.48668204247952 172.07403630018234 34817.887395188212 185.27030184864998 51.318191662430763 4728.445143789053 161.09741397202015 193.73971806466579 389.20170824229717 2556.430423617363 332.16744184494019 7229.2116978317499 734.78696501255035 2226.8863658756018 4963.305440813303 677.09660357236862 2499.5469296872616 65.187051996588707 67.049865797162056 14525.364705011249 74.394502386450768 81.742785766720772 499.86473101377487 524.17846377193928 167.71824562549591 64.89041930437088 1879.3336211591959 2377.5563733279705 605.99666209518909 1233.6080543547869 49.687389746308327
leaf_count=366253 16702 529317 2287 691 143403 744 206 18957 650 777 1559 10265 1342 29035 2943 8940 19956 2716 10015 261 269 58313 299 328 2028 2109 677 263 7544 9581 2480 4999 201
internal_value=2.92569e-06 0.000253206 0.000355968 -0.00117636 0.000426452 -0.00171135 0.00400587 -0.00227915 0.00116871 0.000266285 -0.000389742 -0.00131426 -0.00478989 -0.00199336 -0.000325726 -0.000103898 -0.000227897 -0.00387204 -0.00248996 0.00267934 -3.40264e-06 -0.000555737 -0.000210333 0.0101882 -0.00198004 -0.00495437 -0.00118773 0.00131148 -0.00316111 0.000991613 -0.000330515 0.00191784 -0.00203454
internal_weight=311570 220524 205735 14789 198952 6783.17 612.805 6170.37 35311.2 163640 31967.4 14616.9 493.265 10462.7 31773.6 28819.7 28084.9 3233.53 2953.94 454.389 25858 16627.9 14681.5 156.137 5985.1 1256.65 732.473 564.755 1946.38 9230.15 4266.85 1839.6 2427.24
internal_count=1256110 889857 830448 59409 803177 27271 2493 24778 145395 657782 128465 58718 1992 42016 127688 115853 112910 12981 11835 1820 103970 66753 58940 627 24034 5077 2968 2291 7813 37217 17261 7479 9782
is_linear=0
shrinkage=0.0343682


Tree=93
num_leaves=34
num_cat=0
split_feature=1 23 16 0 25 18 0 18 26 0 11 18 0 10 1 0 18 0 16 16 7 10 1 0 26 25 10 11 26 18 18 29 1
split_gain=36.5248 28.0678 27.5857 28.4468 22.5313 22.2545 24.15 23.9328 20.3763 19.8265 18.006 17.6119 17.0518 16.4769 16.4144 15.8701 15.7069 15.1814 39.8175 14.5156 14.8185 23.4289 13.9398 17.992 13.2634 19.2251 16.0722 17.3701 12.9179 12.789 14.7539 14.7079 12.5804
threshold=0.54448200000000013 1.0000000180025095e-35 0.45248800000000006 1500.5000000000002 1.5000000000000002 0.076926800000000004 6453.5000000000009 0.37857950000000001 6.5000000000000009 2422.5000000000005 0.054807450000000008 0.37857950000000001 424.50000000000006 0.30320050000000004 0.47415200000000007 1363.5000000000002 0.035759100000000009 2226.5000000000005 0.76472000000000018 0.40435450000000006 0.52276150000000021 0.15752150000000004 0.50167050000000002 289.50000000000006 6.5000000000000009 1.5000000000000002 0.14897150000000003 0.17395850000000004 8.5000000000000018 0.18567700000000004 0.28959600000000002 1.1950000000000001 0.52223550000000019
decision_type=10 2 8 2 2 10 2 10 2 2 10 10 2 10 10 2 8 2 10 10 10 10 10 2 2 2 10 10 2 10 10 2 10
left_child=1 5 10 16 8 6 17 14 9 13 -3 24 -6 15 -7 -2 22 -1 -19 20 -16 -22 23 -4 26 -26 27 -5 32 -17 -31 -32 -18
right_child=4 2 3 11 12 7 -8 -9 -10 -11 -12 -13 -14 -15 19 29 28 18 -20 -21 21 -23 -24 -25 25 -27 -28 -29 -30 30 31 -33 -34
leaf_value=-0.0011627296101847492 0.0011922852098988138 -0.0069028634447358388 6.9937509195209304e-05 -0.0018460552998064012 -0.002144217438433666 -0.0007142877571279289 -0.0058306260916960078 -0.0021433375840042863 -2.8488516378742587e-05 0.00047737624008007166 0.00098216613731275191 0.0020794590982836153 4.035295840998539e-05 -0.016731551787642518 4.1404501172076997e-07 0.0017632942188879595 0.00081180070579487296 0.00022346226693644819 0.013207650991839511 0.00089301429524401166 -0.0016525678534275218 -0.014574544844868104 0.00058903261220234087 -0.0042905565992108772 -0.0032670291940041481 -0.00056021450975405967 -0.00049038192132220659 -0.0079362205765801351 -0.0019815128049236594 0.0052357853769317737 -0.0016785220378797813 0.0068600876918216607 -0.00084444661031675677
leaf_weight=15552.444757178426 19265.292613208294 351.72081416845322 1743.7519379705191 12418.501649960876 4911.542288467288 10157.288791105151 1076.4698422253132 4092.2595403790474 26024.768380299211 28395.105501636863 12477.136063069105 1549.2689726799726 29991.008011639118 56.900943160057068 1646.4462004750967 5814.6996048092842 19318.397884681821 6796.3573486059904 290.91167071461678 56506.374516904354 516.31681038439274 244.08025713264942 2168.5484095364809 3113.1001996845007 10634.782130673528 4374.0623953491449 16001.59691311419 578.95865930616856 3142.5603939592838 3640.376882404089 825.63650271296501 334.94846406579018 7527.8112585991621
leaf_count=62455 78582 1415 7025 49916 19884 40875 4312 16402 105127 115385 50048 6210 121369 229 6593 23700 77693 27241 1178 226515 2072 978 8700 12614 42757 17590 64379 2329 12633 14867 3401 1376 30187
internal_value=-5.16941e-06 -0.000298243 -0.000716685 -0.000947043 0.000467343 0.000113812 -0.00080109 0.000410383 0.000771199 0.00112797 0.000765987 -0.00152204 -0.000267063 0.00174504 0.000561685 0.00178023 -0.000239335 -0.000561946 0.000756425 0.000781676 -0.00183224 -0.0058004 -0.00170206 -0.00272501 -0.00164883 -0.00247818 -0.00121959 -0.00211734 0.000103333 0.00284723 0.00416003 0.000785748 0.000347381
internal_weight=311539 192279 95400.2 82571.3 119260 96878.9 23716.2 73162.8 84357.7 58333 12828.9 45557.2 34902.6 29937.9 69070.5 29881 37014.2 22639.7 7087.27 58913.2 2406.84 760.397 7025.4 4856.85 44007.9 15008.8 28999.1 12997.5 29988.8 10615.7 4800.96 1160.58 26846.2
internal_count=1256037 772117 383496 332033 483920 388621 95186 293435 342667 237540 51463 183181 141253 122155 277033 121926 148852 90874 28419 236158 9643 3050 28339 19639 176971 60347 116624 52245 120513 43344 19644 4777 107880
is_linear=0
shrinkage=0.0343682


Tree=94
num_leaves=34
num_cat=0
split_feature=24 19 6 29 0 13 5 13 0 5 17 18 6 8 6 11 8 17 0 11 7 5 7 7 17 0 8 7 5 29 18 5 0
split_gain=37.8667 23.343 22.8375 20.0866 16.9718 15.9262 14.2471 13.8487 14.8129 14.1449 13.8185 13.6135 15.6057 13.2946 13.2603 15.7722 16.7518 13.104 12.3933 12.2372 17.044 12.1552 11.5947 14.8482 16.6007 14.4577 11.2443 11.2428 11.145 10.4912 10.3565 12.327 17.6714
threshold=2.5000000000000004 1.0000000180025095e-35 0.6108650000000001 0.88500000000000012 5361.5000000000009 0.52333550000000006 0.45105350000000005 0.56563250000000009 330.50000000000006 0.48875750000000007 0.19108350000000004 0.049529300000000005 0.80116300000000018 0.62017050000000007 0.20112350000000004 0.19226850000000004 0.59542800000000007 0.25683150000000005 67.500000000000014 0.22039350000000002 0.39768250000000005 0.43629350000000006 0.42676950000000008 0.45840850000000005 0.51275700000000002 450.50000000000006 0.72824650000000013 0.31455050000000007 0.40999050000000009 0.63500000000000012 0.19521350000000001 0.40999050000000009 1062.5000000000002
decision_type=2 2 10 2 2 8 8 10 2 10 10 10 10 8 8 10 10 10 2 10 10 10 10 10 10 2 8 8 10 2 10 10 2
left_child=2 4 3 5 26 19 27 8 -4 -10 -3 12 -9 -8 15 16 -5 21 -16 20 -1 -12 -22 24 -24 -25 -2 -7 -21 -14 31 32 -20
right_child=1 10 7 14 -6 6 13 11 9 -11 17 -13 29 -15 18 -17 -18 -19 30 28 22 -23 23 25 -26 -27 -28 -29 -30 -31 -32 -33 -34
leaf_value=-0.0029109489402066712 -0.00061686994811963253 0.0015319009544477148 -0.0013674097291955891 0.00091619517944373468 -0.0030825228037792908 -0.0042184782455533219 0.00076659555197353081 -0.0020146512322085997 0.00049350667911366906 0.0027729760804164325 -0.002923296805003881 0.002485526219855027 0.00015441902063966778 -0.0020490466193882981 0.0031703457838243724 -0.0070897061041371315 -0.0175625389365094 -0.0038911668066680294 -9.5124901319829901e-06 -0.0038382965393893593 0.0013253775191863662 -0.014337309454328259 -0.0029838196101168528 -0.0027344929683080729 0.0092164921284079299 -0.00038219142056801736 0.0047636835718567897 -0.00032034261021530037 0.001396389498372758 0.016099850549763144 0.000816606483322418 0.00021034918023867373 -0.0040725324277265324
leaf_weight=4902.8297786265612 19088.294534608722 439.6766465306282 4654.7010022997856 991.98306265473366 3511.4814188331366 890.41914615035057 27602.347475379705 1550.1794871687889 41925.446952581406 3482.5719295740128 172.80905051529408 8074.6941690295935 95.403495252132416 2133.8971080332994 1836.4422804266214 614.98920083045959 61.541904032230377 2096.6452657431364 3444.5728530436754 540.41613133251667 2911.7581440508366 304.20145167410374 4916.2049353420734 3477.7601931542158 135.36182162165642 27412.702020809054 470.06652784347534 47173.223967045546 4326.6746692061424 99.640037313103676 32665.659177035093 57534.433426633477 1997.705653578043
leaf_count=19814 76836 1770 18828 3997 14117 3603 111155 6303 169776 14179 709 33228 388 8695 7421 2480 247 8498 13857 2184 11721 1231 19760 13969 544 110122 1899 189776 17392 406 131531 231606 8036
internal_value=-6.35942e-07 -0.00125412 0.000113901 -4.44876e-05 -0.000882536 -0.000331694 -2.67407e-05 0.00071053 0.000479053 0.000668331 -0.00409894 0.00189062 -0.000861866 0.000564543 0.000321732 -0.00271623 -0.000163244 -0.00506089 0.000373732 -0.000819633 -0.00100147 -0.0102023 -0.000760521 -0.000929506 -0.0026569 -0.000647022 -0.000487553 -0.000392559 0.000815158 0.00830031 0.000320034 6.24649e-05 -0.00150093
internal_weight=311537 26083.2 285454 225571 23069.8 126424 77799.9 59882.6 50062.7 45408 3013.33 9819.92 1745.22 29736.2 99147.3 1668.51 1053.52 2573.66 97478.8 48623.7 43756.6 477.011 38853.8 35942 5051.57 30890.5 19558.4 48063.6 4867.09 195.044 95642.4 62976.7 5442.28
internal_count=1256078 105060 1151018 907910 92852 508735 313229 243108 202783 183955 12208 40325 7097 119850 399175 6724 4244 10438 392451 195506 175930 1940 156116 144395 20304 124091 78735 193379 19576 794 385030 253499 21893
is_linear=0
shrinkage=0.0343682


Tree=95
num_leaves=34
num_cat=0
split_feature=1 24 4 12 23 6 17 7 20 1 17 6 17 27 17 5 12 7 27 7 4 7 7 5 1 3 6 24 7 1 1 17 4
split_gain=39.9253 29.4282 18.248 20.2841 17.5749 13.3838 13.6286 13.2903 19.5957 15.0106 13.4883 15.53 14.9025 12.8723 12.8003 12.3943 14.0888 14.751 12.294 15.9682 12.1827 12.1632 13.9848 13.3597 11.7096 17.4926 12.0053 11.4848 11.4636 13.4049 11.7351 15.7243 15.0271
threshold=0.54448200000000013 1.5000000000000002 0.38789800000000002 348.50000000000006 1.0000000180025095e-35 0.33484850000000005 0.56087300000000007 0.52180700000000002 1.0000000180025095e-35 0.45455350000000005 0.29943750000000008 0.44076900000000002 0.31239450000000007 31.550000000000004 0.50234600000000007 0.40999050000000009 2153.5000000000005 0.53743000000000007 3.4500000000000006 0.52388600000000018 0.36842400000000003 0.53492450000000014 0.53858600000000012 0.46822650000000005 0.50727500000000003 0.20691400000000001 0.47979600000000006 2.5000000000000004 0.31455050000000007 0.49789750000000005 0.49997950000000008 0.39112150000000007 0.39153150000000009
decision_type=8 2 10 2 2 10 10 10 2 10 10 10 10 2 10 10 2 10 2 8 10 10 10 10 10 10 10 2 10 10 10 10 10
left_child=1 5 27 14 -3 -1 7 8 24 -9 11 -11 21 15 18 16 17 -6 19 -4 -13 -12 23 -23 -7 26 -26 -2 29 -10 31 -30 -32
right_child=2 4 3 -5 13 6 -8 9 28 10 12 20 -14 -15 -16 -17 -18 -19 -20 -21 -22 22 -24 -25 25 -27 -28 -29 30 -31 32 -33 -34
leaf_value=-0.00098707694598332068 0.0007456723621132109 -0.00040809805367985512 0.0098456930663867789 -0.001257416122247698 0.0069096455843386823 -0.00033430529496574358 0.0039783775620935479 -0.005070726823941725 -3.0292339583510905e-05 -0.002999947169815026 0.00074072931797294569 0.0011542142862553582 -0.00072692066965459831 -0.0011677560404948467 -0.015390551634905512 -0.0035219958917559612 -0.0031136776902773063 -0.006640097247199178 0.0033212637569712744 -0.0092903841907379502 -0.00047514717541410526 -0.019335195041651477 -0.0041355966208272846 0.0019022117131234017 0.0012357973431342229 0.013324910965762613 -0.00013607761296401835 -0.00061438493607155148 -0.0002274379152676556 -0.021666001646593869 0.0041616356213725406 0.0031121309339137153 -0.00042066272384228497
leaf_weight=16336.824079230428 97157.806317642331 25879.061056002975 69.062402576208115 11866.027119591832 463.64876286685467 39246.608476936817 1039.059681609273 820.19138658046722 91.023495092988014 1696.7176898568869 515.50555908679962 11920.161834314466 16196.709301158786 16745.316444173455 48.301713690161705 6175.4500580430031 692.94350823760033 119.32589825987816 2210.0709049403667 202.62239287793636 9940.2761275619268 142.44455960392952 1355.6872795075178 46.378548875451088 14265.884007871151 126.36653225123882 15968.28195618093 7932.498556599021 5234.8577381968498 53.827049076557159 3440.952785089612 2442.3085087835789 1120.6249931156635
leaf_count=65808 394837 103838 277 47723 1870 157737 4166 3306 368 6798 2067 47908 64971 67405 196 24861 2799 479 8990 816 39833 571 5436 186 57139 507 63975 32048 21029 216 13790 9790 4489
internal_value=-7.45819e-06 -0.000314311 0.000485814 -0.000661719 -0.00103068 -6.16896e-05 5.86145e-05 2.59335e-05 0.000281862 -0.00046625 -0.000375932 0.000167476 -0.00107711 -0.00169654 0.00213211 -0.00288487 0.000198845 0.00413622 0.00247315 -0.00442598 0.000413319 -0.00383041 -0.0053561 -0.0141189 5.77569e-05 0.00056457 0.000511237 0.000643012 0.00154154 -0.00807021 0.0016553 0.000834967 0.00303592
internal_weight=311563 192076 119486 14396.1 50075.7 142001 125664 124625 81990.7 42634.1 41813.9 23557.2 18256.7 24196.7 2530.06 7451.37 1275.92 582.975 2481.76 271.685 21860.4 2060.02 1544.51 188.823 69607.1 30360.5 30234.2 105090 12383.6 144.851 12238.7 7677.17 4561.58
internal_count=1256229 771342 484887 58002 201252 570090 504282 500116 329040 171076 167770 94539 73231 97414 10279 30009 5148 2349 10083 1093 87741 8260 6193 757 279358 121621 121114 426885 49682 584 49098 30819 18279
is_linear=0
shrinkage=0.0343682


Tree=96
num_leaves=34
num_cat=0
split_feature=19 13 28 6 25 9 25 13 29 6 9 10 18 10 18 7 15 13 29 15 7 7 6 10 15 7 27 18 15 10 18 15 27
split_gain=35.5967 21.9168 18.8195 17.9741 17.9085 21.5007 15.2668 16.6793 14.3944 13.5291 22.121 12.686 14.4351 15.5614 11.8625 11.7844 10.922 14.4636 13.0241 11.533 10.6281 10.45 11.9714 10.0503 10.0366 23.7242 11.6869 13.0115 9.82628 9.80603 9.53221 9.51249 9.40786
threshold=1.0000000180025095e-35 0.50494550000000016 1.0000000180025095e-35 0.6108650000000001 1.0000000180025095e-35 0.12556300000000001 1.5000000000000002 0.56724300000000005 0.78500000000000014 0.33184500000000006 0.17111200000000001 0.10267600000000002 0.069279500000000008 0.10429100000000001 0.099935600000000013 0.29758450000000009 4140.5000000000009 0.5702330000000001 0.055000000000000007 6154.5000000000009 0.41476400000000008 0.38135700000000006 0.28642150000000005 0.26111700000000004 33.500000000000007 0.57504600000000006 8.9500000000000011 1.0000000180025095e-35 147.50000000000003 0.085145800000000008 0.059720600000000006 8036.5000000000009 96.550000000000011
decision_type=2 8 2 8 2 10 2 8 2 8 10 10 10 10 10 8 2 10 2 2 10 8 10 10 2 10 2 10 2 8 10 2 2
left_child=1 4 16 24 8 15 7 -5 -1 10 -10 -9 -13 -14 29 -6 18 -18 20 -19 -2 22 -4 -24 25 -3 27 -26 -16 -11 -7 -15 -8
right_child=2 3 21 6 5 30 32 11 9 14 -12 12 13 31 28 -17 17 19 -20 -21 -22 -23 23 -25 26 -27 -28 -29 -30 -31 -32 -33 -34
leaf_value=-0.0025168289382785408 -0.0097660520278129697 0.0068303618563816228 -0.006609703141098675 0.00080531919106536316 -0.018458437524498359 -0.0012767401738018845 -0.00037483165477745882 0.0042955960021444388 0.004286349667284528 -0.0091167337134183714 -0.011112616937347509 -0.0021695042448500045 -0.014960037274902232 0.0030175835641013246 0.0079708510930473469 -0.0011246843058598795 -0.0037721459503918084 -0.004879902623618918 -0.001040975050903496 0.01701541776583744 -0.0027989265961576183 0.00010218735152896992 -0.0019725629219714633 0.0073492249868888117 0.0040376509112023421 -0.015322091017201618 0.00016956689158563319 -0.00081052537172786343 0.00037669606881560066 -0.0015381841991794411 0.0012534351202505938 -0.010775299877314171 0.0026347301120715834
leaf_weight=8154.8494517505169 345.18564702570438 541.9505640566349 608.14770637452602 30630.781703874469 46.536625653505325 2071.0157550424337 14169.985552981496 3098.5104962289333 164.90278115868568 224.51751156151295 332.09664484858513 1014.4325665533543 59.409040287137032 3417.0302663594484 208.67494851350784 10297.505455419421 3764.8528221696615 46.866061717271805 13862.04741795361 72.176599502563477 1031.2567712366581 14837.495586454868 907.41241544485092 160.82681584358215 673.95629586279392 63.828961908817291 158083.65428958833 21927.285260394216 5659.2559338510036 1981.5022569447756 11664.842921882868 60.099439069628716 1343.1640911996365
leaf_count=32790 1402 2180 2486 124237 188 8332 57450 12770 664 903 1338 4127 244 14059 841 41415 15212 191 55977 290 4154 59864 3702 653 2707 257 636321 88116 22764 7964 46870 245 5409
internal_value=-1.60987e-05 0.000115938 -0.0010383 0.00024356 -0.000619303 -1.92468e-05 0.000795247 0.00116382 -0.0014832 -0.000499744 -0.00600329 0.00259939 0.00144453 0.00248119 -0.000160968 -0.00120267 -0.00177225 -0.00339921 -0.00135759 0.00839542 -0.00454615 -0.000188414 -0.00276049 -0.000569138 7.9861e-05 0.00449623 6.50543e-05 -0.000665955 0.000646759 -0.00230949 0.000871949 0.00277918 -0.000114257
internal_weight=311526 275890 35636.3 235084 40805.7 24079.9 53793.4 38280.3 16725.8 8570.95 496.999 7649.48 4550.97 3536.54 8073.95 10344 19122.4 3883.9 15238.5 119.043 1376.44 16513.9 1676.39 1068.24 181291 605.78 180685 22601.2 5867.93 2206.02 13735.9 3477.13 15513.1
internal_count=1256122 1112191 143931 948122 164069 96805 218541 155682 67264 34474 2002 31445 18675 14548 32472 41603 77226 15693 61533 481 5556 66705 6841 4355 729581 2437 727144 90823 23605 8867 55202 14304 62859
is_linear=0
shrinkage=0.0343682


Tree=97
num_leaves=34
num_cat=0
split_feature=24 15 13 2 11 11 12 29 2 8 3 13 12 11 10 5 29 13 8 12 10 12 3 8 11 3 11 29 8 12 8 15 15
split_gain=35.8104 24.8207 20.7815 19.244 17.147 16.2222 13.8411 13.3318 19.6935 14.6379 13.9729 16.3143 16.2465 13.1303 18.1277 16.0301 12.2487 11.6785 11.6455 12.1649 11.4985 11.3774 11.2226 12.4102 11.5812 11.6513 11.5341 16.1422 15.4059 12.4117 11.4138 11.1865 13.8692
threshold=2.5000000000000004 4496.5000000000009 0.47699950000000008 0.14209250000000004 0.15063800000000002 0.13209650000000003 193.50000000000003 0.88500000000000012 0.27107250000000005 0.68052700000000022 0.14071400000000003 0.52358650000000007 2524.5000000000005 0.20550650000000001 0.23271550000000002 0.40676250000000008 0.16500000000000004 0.48785500000000009 0.72824650000000013 2039.5000000000002 0.18090400000000004 1653.5000000000002 0.14331650000000004 0.49368400000000007 0.20466600000000004 0.20156050000000003 0.18646800000000002 0.59500000000000008 0.57267750000000006 695.50000000000011 0.40022350000000007 3282.5000000000005 4005.5000000000005
decision_type=2 2 8 8 10 8 2 2 10 8 10 10 2 10 10 10 2 10 10 2 10 2 10 10 10 10 10 2 10 2 10 2 2
left_child=2 4 -1 18 5 17 -7 9 -9 10 11 -5 -13 14 20 16 -15 -2 -4 -20 -12 -19 30 24 25 -24 28 29 -25 -28 -22 -11 -33
right_child=1 -3 3 7 -6 6 -8 8 -10 31 13 12 -14 15 -16 -17 -18 21 19 -21 22 -23 23 26 -26 -27 27 -29 -30 -31 -32 32 -34
leaf_value=-0.0013168483402752971 -0.0056696235030036582 -0.0033636358490704327 0.0012246036078565341 -0.00056984806238572091 -0.0017865156185206913 0.0087498111784552503 0.0013916310194523253 0.0005708726167535079 -0.00070650851870700661 -0.003157183550978002 -0.00076757563648029051 0.0012455490315652297 -0.00012073716753837252 -0.0059681954887587096 -0.0037469430697805958 0.00090860882533231691 0.00037534584140620406 0.001229635617477329 -0.0014369720440383803 -0.015993876756448068 0.018989571344215354 -0.0015116324968140269 -0.00053179257997888242 0.0031095632897817803 -0.010712442259192059 -0.0086785307545175563 0.010239195621653117 -0.003692591669036216 -0.0020345827241715149 0.00051652337922110673 0.0027444233103822448 0.015924179275911367 -0.0047689565022717732
leaf_weight=11368.166478008032 521.94827356934547 5079.7668844610453 22974.898957923055 17393.134668678045 9302.8417489975691 330.55863933265209 3489.63821169734 93835.623273938894 16809.734911292791 2576.8667204678059 45248.846361994743 24843.479170978069 17536.240231543779 745.26378497481346 2090.3616591691971 13369.947498634458 694.65747410058975 3106.1433378607035 287.3118350058794 88.756122559309006 53.353954821825027 4215.3557332456112 6601.7377126067877 3595.5525485277176 141.76450346410275 214.08286367356777 175.52593259513378 1200.6601345092058 850.28067661821842 1331.7864521145821 1201.580463796854 82.944882616400719 71.008791401982307
leaf_count=45713 2100 20442 95111 69916 37468 1336 14053 377512 67751 10367 181965 100091 70559 3007 8403 53711 2800 12552 1195 363 216 16968 26538 14436 571 861 706 4827 3428 5349 4830 335 286
internal_value=1.16847e-05 -0.00120821 0.000123022 0.000182758 -0.000685997 0.000191769 0.00202833 9.48512e-05 0.000376807 -0.000127955 -7.83949e-05 0.000316449 0.000680196 -0.000382863 -0.000600245 0.000537541 -0.0029079 -0.000702739 0.00112641 -0.00487256 -0.000491728 -0.00034865 0.000320553 4.3575e-05 -0.000989901 -0.000787679 0.0010487 -0.000719507 0.00212573 0.00164872 0.00343509 -0.00261952 0.00637979
internal_weight=311430 26046.3 285384 274015 20966.5 11663.6 3820.2 250664 110645 140019 137288 59772.9 42379.7 77515.4 62705.5 14809.9 1439.92 7843.45 23351 376.068 60615.2 7321.5 15366.3 14111.4 6957.59 6815.82 7153.81 2707.97 4445.83 1507.31 1254.93 2730.82 153.954
internal_count=1255766 104919 1150847 1105134 84477 47009 15389 1008465 445263 563202 552214 240566 170650 311648 252130 59518 5807 31620 96669 1558 243727 29520 61762 56716 27970 27399 28746 10882 17864 6055 5046 10988 621
is_linear=0
shrinkage=0.0343682


Tree=98
num_leaves=34
num_cat=0
split_feature=1 23 25 20 9 4 27 25 1 26 1 5 1 9 27 27 27 5 5 4 4 5 3 1 1 1 9 4 1 22 27 26 4
split_gain=32.0946 22.2103 19.136 18.4508 16.9649 16.0625 15.6428 15.7158 15.3132 13.9732 16.3212 15.5415 13.9307 13.608 13.5958 13.5319 13.1957 13.1626 12.2343 12.2135 16.8764 11.6508 11.4978 11.3687 19.6203 11.367 11.0846 10.9953 10.9327 10.6029 11.5048 10.3142 10.2651
threshold=0.54511350000000014 1.0000000180025095e-35 1.5000000000000002 1.0000000180025095e-35 0.18537600000000001 0.37694750000000005 99.850000000000009 1.0000000180025095e-35 0.43925500000000001 8.5000000000000018 0.50831450000000011 0.46323800000000009 0.55750250000000012 0.24893150000000003 40.750000000000007 85.850000000000009 33.750000000000007 0.49862100000000004 0.50716850000000002 0.33610200000000007 0.31036600000000009 0.51925550000000009 0.18275450000000001 0.67089500000000013 0.58451300000000017 0.5401935000000001 0.29438050000000004 0.32201350000000006 0.44939400000000002 1.0000000180025095e-35 98.350000000000009 10.500000000000002 0.412194
decision_type=8 2 2 2 10 10 2 2 10 2 10 10 10 10 2 2 2 10 10 10 10 10 10 10 10 10 10 8 10 2 2 2 10
left_child=1 8 3 6 5 12 7 27 -1 11 13 -3 -4 -11 -13 -6 -14 19 25 20 -10 -18 28 24 -7 -19 -17 -2 -15 -9 -31 -29 -8
right_child=2 9 4 -5 15 23 32 29 17 10 -12 14 16 22 -16 26 21 18 -20 -21 -22 -23 -24 -25 -26 -27 -28 31 -30 30 -32 -33 -34
leaf_value=-0.0016436693696294366 0.0020678497261718285 -0.0007421447672408927 -0.0019479706908078077 0.0020195527232534398 0.0016851025777036511 -0.0014005686597470522 -0.0019356481207152879 0.00059314635906061296 -0.0027373335510647262 -0.0023360827191079478 -0.00046736525118708689 -0.00091082337505297506 -0.0013304790271748109 0.00074952854699955075 0.0010397223132315332 -0.00010888039599978358 0.0010297726889685924 -0.0026764992106968828 0.0006364933752408652 0.00017960506479005426 0.0024547699036421102 -0.0061419949706597501 7.2465395077000755e-05 0.0027273792882425065 -0.0061671231343021484 -0.012505723111014251 -0.0066635203788746114 3.5674317984693858e-05 -0.010409333196835633 0.0016782134590827328 0.0066750221659638434 -0.0067139856817925855 -0.010495374339276832
leaf_weight=5614.8147709965706 3261.7033827602863 67216.946706742048 4422.0428819656372 11382.782450273633 7330.0913982093334 3294.1542007774115 1055.9054824113846 16369.058074936271 855.60392479598522 3883.7844743728638 4926.6672363579273 6399.3743792176247 4559.7329298853874 122.35325789451599 12399.194548711181 1164.7067410498857 11121.179850429296 2230.99942047894 1548.2187095433474 81586.113777458668 5446.8236955106258 274.15265911817551 225.62970787286758 469.69761382043362 1477.5391191989183 148.20241011679173 412.73607888817787 36967.008947655559 680.45631456375122 13510.596448719501 567.10751108825207 269.36461666226387 196.24031294882298
leaf_count=22710 13425 270404 17777 46613 29608 13228 4250 66401 3430 15652 19746 25679 18488 497 49747 4691 45213 8941 6206 327110 21879 1113 910 1996 5985 595 1658 149888 2744 54908 2289 1086 787
internal_value=5.99736e-06 -0.000266747 0.000452356 0.000733527 -0.000228296 -0.000677519 0.000530768 0.000597976 9.8673e-05 -0.000638177 -0.00186509 -0.000497837 -0.000241064 -0.00326693 0.000375721 0.00106369 0.000232015 0.000205222 -0.0017414 0.00029221 0.0017499 0.000857232 -0.00678216 -0.00237433 -0.00287652 -0.00328877 -0.00182389 0.000154451 -0.00870865 0.00118792 0.00187951 -1.31521e-05 -0.00327716
internal_weight=311391 193285 118106 83579.8 34526 25618.5 72197 70944.8 97430.8 95854.4 9838.89 86015.5 20377.1 4912.22 18798.6 8907.53 15955.1 91816 3927.42 87888.5 6302.43 11395.3 1028.44 5241.39 4771.69 2379.2 1577.44 40498.1 802.81 30446.8 14077.7 37236.4 1252.15
internal_count=1255654 776250 479404 339647 139757 103800 293034 287997 390871 385379 39549 345830 82591 19803 75426 35957 64814 368161 15742 352419 25309 46326 4151 21209 19213 9536 6349 164399 3241 123598 57197 150974 5037
is_linear=0
shrinkage=0.0343682


Tree=99
num_leaves=34
num_cat=0
split_feature=19 1 24 29 15 24 11 27 2 1 11 15 6 15 2 29 14 1 1 1 15 6 23 25 6 29 6 1 6 6 27 1 29
split_gain=32.982 27.4669 23.5617 17.1284 13.3041 12.4607 12.3189 11.2181 12.1229 12.0159 13.0263 11.9942 11.1176 11.7522 10.3003 10.2706 10.2556 9.94229 10.1574 9.92699 9.6502 14.764 10.373 11.5581 14.0318 14.3793 11.1484 17.2006 15.4577 12.019 11.6619 13.6033 11.2544
threshold=1.0000000180025095e-35 0.56211450000000007 2.5000000000000004 0.89500000000000013 4287.5000000000009 2.5000000000000004 0.16632450000000001 99.850000000000009 0.10252550000000001 0.61909250000000016 0.048465400000000013 396.50000000000006 0.60221200000000008 12456.500000000002 0.35000600000000004 0.055000000000000007 0.15987550000000003 0.45298100000000008 0.46206600000000003 0.62203800000000009 262.50000000000006 0.52604450000000014 1.0000000180025095e-35 1.0000000180025095e-35 0.18245850000000005 1.6450000000000002 0.5265510000000001 0.54195850000000012 0.53879600000000016 0.52132250000000013 78.950000000000017 0.53805850000000011 0.63500000000000012
decision_type=2 8 2 2 2 2 10 2 8 10 10 2 10 2 10 2 8 10 10 10 2 8 2 2 10 2 10 10 10 10 2 10 2
left_child=1 5 15 7 -4 12 -7 8 19 16 -11 -10 14 -14 20 -2 -9 -16 -19 -3 21 -1 -22 24 -24 -26 29 28 -28 32 -30 -32 -25
right_child=2 3 4 -5 -6 6 -8 9 11 10 -12 -13 13 -15 17 -17 -18 18 -20 -21 22 -23 23 26 25 -27 27 -29 30 -31 31 -33 -34
leaf_value=0.0017619495826903108 -0.0029180667433472344 -0.00081629729243701016 -0.0028713938615418416 0.0012998318121055757 -0.0090040820161511031 -0.00024460386276455026 -0.0021329920798650957 -0.0029102861719377763 -0.0013460479976065978 0.0061169808582286524 -0.01418541933528609 0.00042128707736161913 0.00053107276904501035 0.0067154644059577544 -0.0033739062841353779 -0.00054591389336232842 0.0066034853550977508 0.015835060737070254 0.0002103522882949197 0.003707437652114216 9.4338580633687889e-05 -0.00075279390663847141 -0.0074085235832382617 -0.00075896694398403083 -0.00056552895164427839 -0.0026894065346599158 -0.0050163788789819481 0.0014400856009176416 -0.0019271697558414045 0.0043387346733702184 0.0026600809653502676 -0.012736769232883522 0.00077888349822551972
leaf_weight=7667.8972769528627 2321.0464868247509 786.76023906469345 2506.0407360941172 31756.671039313078 501.43093316257 10799.628230273724 6558.2935921102762 820.82233563065529 5290.2952875196934 46.814759775996208 184.2139014005661 31800.83847796917 30036.619338929653 367.38421279191971 1906.7865528911352 30294.605301141739 159.90831322968006 60.663700714707375 258.80213549733162 2108.6600039154291 81172.370071694255 4306.2623376697302 403.4454756975174 9374.1736304014921 20880.730889678001 4593.543120354414 1500.0095593780279 2414.013583496213 4464.3807814717293 843.57424995303154 1206.9207968115807 71.811522245407104 14039.046296566725
leaf_count=30784 9369 3243 10158 129794 2034 43355 26357 3305 21424 189 744 129309 120709 1502 7732 122337 642 244 1037 8918 325652 17293 1626 37637 83832 18441 6015 9713 17905 3384 4841 288 56347
internal_value=1.01971e-06 0.000128097 -0.000983125 0.000700027 -0.00389389 -7.752e-05 -0.000958088 0.000237683 0.000336408 -0.00302012 -0.0100714 0.000169213 4.84769e-06 0.000605801 -0.000112907 -0.000714725 -0.00135906 -0.00243381 0.00317734 0.00247822 -7.91231e-05 0.000857573 -0.000158691 -0.0005022 -0.00104922 -0.000948508 -8.47985e-05 -0.00107237 -0.00190973 0.000308373 -0.00109832 0.00179542 0.00016316
internal_weight=311504 275881 35623.1 72955 3007.47 202926 17357.9 41198.3 39986.6 1211.76 231.029 37091.1 185568 30404 155164 32615.7 980.731 2226.25 319.466 2895.42 152938 11974.2 140964 59791.6 25877.7 25474.3 33913.9 9657.14 7243.12 24256.8 5743.11 1278.73 23413.2
internal_count=1256160 1112262 143898 297568 12192 814694 69712 167774 162894 4880 933 150733 744982 122211 622771 131706 3947 9013 1281 12161 613758 48077 565681 240029 103899 102273 136130 38762 29049 97368 23034 5129 93984
is_linear=0
shrinkage=0.0343682


Tree=100
num_leaves=34
num_cat=0
split_feature=1 4 2 25 1 4 18 18 22 10 10 10 2 3 4 3 3 10 26 18 3 1 2 25 4 2 2 2 1 3 3 12 12
split_gain=31.2231 21.4551 20.9278 19.1726 17.451 17.4423 18.7659 21.1675 31.388 18.165 20.833 20.3823 16.7819 14.2588 14.0118 13.8639 14.6983 12.7013 12.6242 14.9831 12.5052 12.4926 14.7596 12.2954 17.8423 12.2602 11.559 11.6749 15.344 11.4973 11.3948 11.9363 11.5065
threshold=0.50440950000000007 0.33768750000000008 0.12409250000000001 1.5000000000000002 0.65685250000000017 0.42144400000000004 0.31958300000000001 0.22753550000000003 1.0000000180025095e-35 0.18632350000000003 0.19573750000000004 0.17148100000000002 0.24469750000000004 0.10979600000000002 0.37267850000000008 0.14088150000000002 0.083626800000000015 0.096830000000000013 2.5000000000000004 0.19160750000000001 0.12206700000000001 0.63127250000000013 0.14961200000000002 1.5000000000000002 0.34605850000000005 0.19161150000000002 0.33338450000000003 0.17206150000000001 0.58052850000000011 0.11721650000000002 0.11765200000000002 2394.5000000000005 1436.5000000000002
decision_type=8 8 8 2 10 10 10 10 2 8 10 10 10 10 8 10 10 8 2 10 10 10 10 2 10 10 10 10 10 8 10 2 2
left_child=-1 17 3 -3 13 6 7 9 -9 11 14 15 -10 -5 20 16 -4 -2 -17 -20 -11 22 -12 -21 -25 -13 27 28 -7 -16 31 -24 -32
right_child=1 2 5 4 -6 26 -8 8 12 10 21 25 -14 -15 29 18 -18 -19 19 23 -22 -23 30 24 -26 -27 -28 -29 -30 -31 32 -33 -34
leaf_value=-0.00055458172849008592 0.0023906840741783212 0.0024526368207611875 -0.0039091828057482925 -0.011725818111731203 0.0031617106029196975 0.0025001982733342206 -0.001040088100453262 0.0018803412613887576 -0.00081287071574980116 -0.0035601215696992646 0.0042815607077905547 -0.0035941652008206525 0.0033699970392199888 -0.0016927333912412702 0.0080740728178227261 0.00063148290173310241 0.00026829983311864363 0.00066840361205608748 -0.00062158746063019311 -0.0016917824215982123 0.0047943517992024946 -0.013047337406932502 0.011482445659514456 -0.010814425575923688 -0.0027710408762210291 -0.00090822104057957146 0.01224214165148479 -0.0029620155970644154 -0.0043827067091098161 -0.00011699438455994882 -0.0016656930167186412 -0.00038853869535683511 0.00042104004319858465
leaf_weight=90887.56664429605 5955.5328751653433 7532.0221178531647 1013.0726082772017 184.20942012965679 892.95647530257702 1222.0924679636955 17612.140897423029 17827.645837560296 10963.17140878737 228.57930056750774 1034.4962524026632 3100.7144296616316 1263.5164053738117 1823.9806349128485 223.54476095736027 6098.3614666461945 55264.751789405942 33550.256977185607 16152.956826910377 3786.2107093334198 2853.1591753661633 83.298833236098289 208.48368456959724 482.19341686367989 1004.061015188694 5692.4684489220381 68.080198779702187 4325.1724530309439 556.90496948361397 2140.7248836308718 4097.0963576883078 192.35948605835438 13103.74352657795
leaf_count=365726 24248 31548 4078 752 3779 4906 70739 71896 44258 923 4198 12511 5060 7464 898 24556 222556 135997 64874 15251 11470 336 838 1942 4035 22831 273 17334 2245 8590 16441 772 52563
internal_value=-1.85292e-05 0.000202387 4.4032e-05 0.00153827 -0.000835618 -4.73499e-05 1.99798e-05 0.000147147 0.000960542 -6.22222e-05 0.000776894 -0.000281216 -0.00038061 -0.00261306 0.00264776 -0.000116043 0.0001931 0.000928039 -0.000748147 -0.00114083 0.00417468 0.000232607 0.000291965 -0.00273162 -0.0053806 -0.00185536 -0.00184099 -0.00199806 0.000345544 0.000657482 5.74865e-05 0.00578571 -7.60023e-05
internal_weight=311426 220538 181032 10433.2 2901.15 170599 164427 146815 30054.3 116760 24165.5 92594.8 12226.7 2008.19 5446.01 83801.6 56277.8 39505.8 27523.8 21425.4 3081.74 18719.5 18636.2 5272.47 1486.25 8793.18 6172.25 6104.17 1779 2364.27 17601.7 400.843 17200.8
internal_count=1255888 890162 729917 43543 11995 686374 661616 590877 121214 469663 97029 372634 49318 8216 21881 337292 226634 160245 110658 86102 12393 75148 74812 21228 5977 35342 24758 24485 7151 9488 70614 1610 69004
is_linear=0
shrinkage=0.0343682


Tree=101
num_leaves=34
num_cat=0
split_feature=1 4 12 15 4 1 5 15 10 7 10 4 4 17 17 23 7 15 5 15 7 15 17 15 9 5 17 17 15 1 10 10 5
split_gain=24.6785 19.7396 16.2007 16.5467 15.5714 16.8743 14.1217 21.3012 18.1555 14.021 16.9776 13.5728 13.5345 14.4056 16.1769 33.7135 18.3145 21.1555 15.3302 15.1226 15.4605 14.51 20.0073 18.0086 19.4758 16.674 14.2896 14.6478 14.0864 13.8455 13.28 12.6755 17.5705
threshold=0.50440950000000007 0.42144400000000004 151.50000000000003 601.50000000000011 0.33895350000000007 0.67089500000000013 0.49862100000000004 3318.5000000000005 0.21061400000000002 0.59724600000000005 0.18284650000000002 0.37694750000000005 0.34193000000000001 0.15090900000000004 0.30799900000000008 1.0000000180025095e-35 0.60578900000000013 982.50000000000011 0.48382650000000005 4674.5000000000009 0.57119300000000017 7882.5000000000009 0.24026550000000005 5864.5000000000009 0.076556800000000008 0.45105350000000005 0.43573800000000001 0.31671850000000007 11395.500000000002 0.63736950000000014 0.068766550000000023 0.12774500000000003 0.42560650000000005
decision_type=10 10 2 2 10 10 10 2 10 10 10 10 10 10 8 2 10 2 10 2 10 2 10 2 10 10 10 10 2 10 8 10 10
left_child=-1 4 3 -3 6 12 -2 8 9 30 -11 -7 26 19 15 16 18 29 -15 20 -14 23 -23 -17 -25 -24 27 -6 -27 -18 -8 32 -26
right_child=1 2 -4 -5 5 11 7 -9 -10 10 -12 -13 13 14 -16 21 17 -19 -20 -21 -22 22 25 24 31 28 -28 -29 -30 -31 -32 -33 -34
leaf_value=-0.0004480547227852336 0.001112638462474403 0.0047516571406509729 -0.0020857472062657139 -0.013246394159874785 -0.0015083021077500274 -0.00010740240033052075 0.009055723657731881 -0.0061551475135883157 0.0054567241129272939 0.0033669270831068561 -0.0097936532845759872 0.005050752976547385 0.00043874395822143385 0.0018062519626797725 -0.00012382702524077883 -0.00011822415338166703 -0.0046375501640621907 0.00089067281153589286 -0.0030521796038894241 -0.0029645644981255072 -0.0021234074892372405 -0.0062929622254830246 -0.0031820842963886107 0.012950940184920781 0.015970414544189765 0.0071433058796871373 -0.0078681207503679771 0.0020421177772576697 -0.0050068453177594093 0.0035404258544842393 -0.0022241790658445262 0.0034824256762678641 -0.0062303620292669731
leaf_weight=91028.89114844799 37702.888395875692 699.35310469567776 6540.0640197247267 66.032538563013077 7846.8527092784643 1019.3796424418688 127.96808472275734 731.99897822737694 654.82760620117188 1319.6305925548077 126.91759753227234 1473.5752740055323 9739.1695894449949 30902.317367121577 63057.276448741555 33789.436108097434 1588.6790832728148 5078.5719670057297 786.66129539906979 3065.6793556362391 3894.0775892734528 1034.7853368222713 848.44955456256866 215.4895016849041 48.048149585723877 470.97089536488056 359.44170151650906 1663.5288802981377 148.1641650646925 289.01483778655529 3366.8315828740597 1492.8676345795393 340.58670276403427
leaf_count=366306 152884 2846 26265 265 31672 4344 516 2934 2640 5415 521 6433 39127 124475 253681 136139 6456 20696 3162 12290 15757 4152 3449 872 197 1908 1447 6699 597 1202 13586 6005 1374
internal_value=2.80246e-05 0.000224573 -0.00153208 0.0031989 0.000284771 0.000134912 0.00086048 -0.000641864 7.92924e-05 -0.000633325 0.00221224 0.00294156 9.29292e-05 0.000170636 0.000284373 0.00061851 0.0013351 -0.000261778 0.00168564 -0.00078353 -0.000293086 -0.000102869 -0.0026332 7.3572e-05 0.00316404 -5.27287e-05 -0.0011415 -0.000887273 0.00423567 -0.0033788 -0.00181115 0.00204314 -0.00348561
internal_weight=311518 220490 7305.45 765.386 213184 169153 44031.1 6328.17 5596.18 4941.35 1446.55 2492.95 166660 156790 140091 77034 38645.2 6956.27 31689 16698.9 13633.2 38388.8 2502.37 35886.4 2096.99 1467.58 9869.82 9510.38 619.135 1877.69 3494.8 1881.5 388.635
internal_count=1256312 890006 29376 3111 860630 682134 178496 25612 22678 20038 5936 10777 671357 631539 564365 310684 155991 28354 127637 67174 54884 154693 10106 144587 8448 5954 39818 38371 2505 7658 14102 7576 1571
is_linear=0
shrinkage=0.0343682


Tree=102
num_leaves=34
num_cat=0
split_feature=24 4 0 18 8 0 0 14 12 0 6 4 6 8 14 25 0 4 9 12 12 8 18 14 5 12 18 18 5 22 0 0 18
split_gain=27.1078 20.1466 17.79 16.3868 17.1737 24.3893 22.4763 18.7505 16.9687 14.0711 13.519 12.7956 12.7886 11.4562 11.4095 11.9415 11.5565 11.3396 14.0337 11.3249 12.3573 10.8476 16.9038 15.3807 10.6399 10.5574 13.0778 17.7217 14.2965 14.2621 17.8632 14.837 10.5452
threshold=2.5000000000000004 0.40167600000000003 4496.5000000000009 0.050508000000000004 0.51015500000000014 2151.5000000000005 159.50000000000003 0.14232150000000002 380.50000000000006 727.50000000000011 0.33484850000000005 0.33768750000000008 0.64733900000000011 0.58592050000000007 0.13418700000000003 1.5000000000000002 3712.5000000000005 0.43540900000000005 1.0000000180025095e-35 678.50000000000011 2427.5000000000005 0.49439750000000005 0.035759100000000009 0.12214350000000002 0.39583800000000008 287.50000000000006 0.31335150000000006 0.22451150000000003 0.42716450000000006 1.0000000180025095e-35 7882.5000000000009 13423.000000000002 0.15887300000000001
decision_type=2 10 2 10 10 2 2 10 2 2 10 10 10 10 8 2 2 10 10 2 2 10 10 8 10 2 10 10 10 2 2 2 8
left_child=1 10 -2 4 5 6 -3 -6 9 -5 32 21 -4 -10 15 -13 -17 -15 -19 -20 -21 22 23 -12 -23 -16 27 -27 -28 30 -29 -32 -1
right_child=2 3 12 8 7 -7 -8 -9 13 -11 11 14 -14 17 25 16 -18 18 19 20 -22 24 -24 -25 -26 26 28 29 -30 -31 31 -33 -34
leaf_value=-0.0012447618920728067 -0.00059816999077826093 0.0019539306351612031 -0.0034256911117060015 0.0035725291356843636 -0.0014796351281646642 0.0046817243793494598 -0.0027059966997235855 -0.0070469005709190395 -0.00025386321428952965 -0.0014184088144605382 -0.0044136352554923746 0.00092263618077128358 0.0024598737111700066 -0.001745295825310201 0.0013561679720125741 -0.00074254699659826546 0.0019114553129151001 0.0062528904876843665 -0.026677511680017956 -0.00033566384094799938 -0.015536337757419388 0.012446871682634636 -0.00083003698533888983 0.0057161681397177155 0.0010985796969111147 -0.00013949295019686117 0.0020269843164887162 0.0010733376733631599 -0.0014574827043490643 -0.00014376242936444436 0.005281493633555014 -0.0038976863012653946 0.00044328702346240118
leaf_weight=12302.045773863792 20937.490336477757 1605.958746522665 4590.8983952850103 2337.7169890403748 1559.0365118831396 820.80311067402363 5121.4902637898922 1319.2095687836409 23249.79433298111 933.74303562939167 220.80573782324791 38651.619989261031 481.84296147525311 1896.6169582009315 6605.8324308693409 10927.124395847321 2355.7054510563612 64.170818969607353 48.406531155109406 117.0293984413147 137.26174335181713 97.875540882349014 7451.7033615410328 893.36738356947899 33115.94991402328 91701.69316329062 1571.4059425890446 10624.058962777257 12102.276970922947 8404.1472053080797 2123.3601789325476 230.58137793838978 6780.4300144016743
leaf_count=49618 84377 6482 18469 9442 6279 3315 20705 5303 93435 3751 886 156657 1949 7620 26648 44166 9505 258 195 472 551 396 29886 3584 134522 368852 6508 42750 48586 33839 8608 931 27254
internal_value=2.15755e-05 0.000118387 -0.00104059 -0.000605143 -0.00177252 -0.000911208 -0.00159359 -0.00403132 -0.000182292 0.00214801 0.000233639 0.000307472 -0.00286664 -0.000481097 0.000184969 0.00061713 -0.000271861 -0.00281517 -0.00834615 -0.0114411 -0.00854071 0.000850787 -0.000239684 0.00370865 0.00113202 1.66764e-05 -5.31298e-05 6.82595e-05 -0.00105704 0.000959248 0.00167352 0.00438234 -0.00064496
internal_weight=311381 285371 26010.2 39211.2 10426.5 7548.25 6727.45 2878.25 28784.7 3271.46 246160 227078 5072.74 25513.3 185298 51934.4 13282.8 2263.49 366.868 302.698 254.291 41779.7 8565.88 1114.17 33213.8 133363 126758 113084 13673.7 21382.1 12978 2353.94 19082.5
internal_count=1255799 1151004 104795 157808 42084 30502 27187 11582 115724 13193 993196 916324 20418 102531 747050 210328 53671 9096 1476 1218 1023 169274 34356 4470 134918 536722 510074 454980 55094 86128 52289 9539 76872
is_linear=0
shrinkage=0.0343682


Tree=103
num_leaves=34
num_cat=0
split_feature=2 12 26 2 6 3 8 8 6 26 29 6 12 8 8 0 6 10 9 6 12 0 6 11 9 10 8 2 10 11 8 0 9
split_gain=23.3812 21.198 17.7341 16.3529 11.9345 11.9159 17.6537 12.6042 12.858 15.0455 11.5302 14.1511 12.6661 11.5122 12.9545 14.5802 11.293 10.9422 10.6263 10.952 10.4003 11.9077 9.91502 9.86236 13.7464 14.7811 11.1585 9.60301 9.50069 15.2049 9.33585 9.31878 9.28738
threshold=0.10837000000000001 2333.5000000000005 3.5000000000000004 0.30154250000000005 0.86190500000000003 0.083626800000000015 0.61880900000000005 0.37677800000000006 0.6705215000000001 6.5000000000000009 1.0650000000000002 0.81980550000000008 11450.500000000002 0.65532550000000012 0.60873900000000014 8875.5000000000018 0.71081850000000013 0.075536550000000022 0.19456700000000002 0.75140450000000014 193.50000000000003 2474.5000000000005 0.87689400000000017 0.10640450000000003 0.084825750000000019 0.11849300000000001 0.46514000000000005 0.24918350000000003 0.18760650000000004 0.20368500000000003 0.5188775000000001 124.50000000000001 0.31951600000000008
decision_type=8 2 2 10 10 8 10 8 10 2 2 8 2 10 10 2 10 10 10 10 2 2 10 8 8 10 8 10 10 10 8 2 10
left_child=1 23 13 5 -5 6 7 -4 9 30 12 28 20 14 -2 27 17 -8 19 -15 21 -7 -13 -1 25 -25 -26 -16 -12 -30 -9 -11 -28
right_child=2 -3 3 4 -6 10 16 8 -10 31 11 22 -14 18 15 -17 -18 -19 -20 -21 -22 -23 -24 24 26 -27 32 -29 29 -31 -32 -33 -34
leaf_value=0.0045913430591019658 0.0002830798321976071 -0.0024751460314643404 0.017864683006172413 -0.0015044391614403114 0.011988528732145875 0.0016917165479187243 -0.0070400042421957781 0.0096893962953658163 0.0087090403813340021 -0.0026771051236964064 -5.5195456670573192e-05 0.0060785446304714979 0.0026012072203792885 -0.0007138093977343559 0.001498055437658832 0.0067420793583287614 -0.0004432572308887986 -0.018927823067374998 -0.015262502434361547 -0.011322394587043828 -0.00042419060392069342 -0.0020532878832314316 0.00019331120126129606 0.0034188069870354186 0.02010269386249092 -0.0085895720780891811 0.0023927588844120753 -0.010745043631323004 0.0018715635145538608 -0.0001910549275091971 -0.00039173334770690549 -0.010545525481208847 -0.01269362897923859
leaf_weight=2071.8413543254137 94445.866524845362 1126.0823359042406 42.094565644860268 12307.829287350178 77.919341206550598 5314.1575146764517 332.01829700171947 134.31986354291439 141.70592772960663 517.47938616573811 49169.824158608913 829.02942767739296 1748.0750224143267 782.31693303585052 5509.4501870274544 657.10070268809795 195.20367369055748 126.22613914310932 80.949813812971115 134.74321812391281 111336.76522828639 1236.1276232302189 571.0251908749342 205.80754835903645 41.594941273331642 294.07683730125427 3986.9751849323511 76.726495906710625 8860.9072106182575 8062.5097351968288 564.573859795928 270.83473156392574 48.788701221346855
leaf_count=8903 380345 4722 169 49878 316 21406 1343 539 572 2078 198123 3342 7027 3234 22645 2694 791 509 333 546 448010 4974 2308 853 168 1218 16567 308 35635 32401 2273 1087 199
internal_value=2.44614e-05 0.00188545 -2.32099e-05 -0.000209674 -0.00141955 -0.000130576 -0.00257614 -0.000703166 -0.001183 -0.00212554 -0.000100198 0.000258975 -0.000302829 0.000346902 0.000383308 0.00189952 -0.00736573 -0.0103146 -0.00332616 -0.00227252 -0.000345891 0.000984983 0.0036782 0.00262395 0.00173344 -0.0036456 0.00239291 0.0013299 0.000186546 0.000888908 0.00154575 -0.00538039 0.00221038
internal_weight=311301 7775.17 303526 201839 12385.7 189453 2324.46 1671.01 1628.91 1487.21 187128 67493.3 119635 101687 100689 6243.28 653.448 458.244 998.01 917.06 117887 6550.29 1400.05 6649.08 4577.24 499.884 4077.36 5586.18 66093.2 16923.4 698.894 788.314 4035.76
internal_count=1255516 32630 1222886 812781 50194 762587 9361 6718 6549 5977 753226 271809 481417 410105 405992 25647 2643 1852 4113 3780 474390 26380 5650 27908 19005 2071 16934 22953 266159 68036 2812 3165 16766
is_linear=0
shrinkage=0.0343682


Tree=104
num_leaves=34
num_cat=0
split_feature=24 19 1 4 26 1 0 1 0 0 2 12 4 26 22 2 22 4 0 0 19 14 2 6 6 12 0 0 14 6 6 14 24
split_gain=28.9521 20.8038 20.4848 19.513 19.4658 19.7287 14.3138 13.2553 13.2307 12.715 16.0334 12.7634 17.2017 12.1352 11.9855 11.6414 44.7797 13.0125 11.5906 17.7445 16.8344 15.4071 12.8796 11.1837 10.9714 10.6714 11.4287 10.4009 10.7964 9.92139 9.73563 14.1102 9.8949
threshold=2.5000000000000004 1.0000000180025095e-35 0.57119350000000013 0.35935450000000008 6.5000000000000009 0.69879200000000008 5864.5000000000009 0.69879200000000008 4287.5000000000009 1326.5000000000002 0.15122850000000002 380.50000000000006 0.39516750000000006 2.5000000000000004 1.0000000180025095e-35 0.20487000000000002 1.0000000180025095e-35 0.27594550000000007 2732.5000000000005 196.50000000000003 1.0000000180025095e-35 0.12419550000000001 0.084447900000000006 0.66341400000000006 0.75140450000000014 4670.5000000000009 2422.5000000000005 344.50000000000006 0.17735950000000003 0.60544850000000017 0.28642150000000005 0.15389250000000002 1.0000000180025095e-35
decision_type=2 2 10 10 2 10 2 10 2 2 10 2 10 2 2 10 2 10 2 2 2 10 10 10 10 2 2 2 10 10 10 10 2
left_child=2 6 13 15 5 9 7 14 -3 11 -11 12 -5 -1 -2 18 17 -17 19 22 25 -20 -4 -8 -7 -21 -27 -18 -29 -28 31 32 -15
right_child=1 8 3 4 -6 24 23 -9 -10 10 -12 -13 -14 30 -16 16 27 -19 21 20 -22 -23 -24 -25 -26 26 29 28 -30 -31 -32 -33 -34
leaf_value=0.0004456727522548136 0.00025241897034497632 -0.0027428213147548367 0.0025346953429895777 -0.00052217156012459079 -0.0017453247566969947 0.0098564990950402252 -0.0035363614415366805 0.01328274275346404 -0.008852133585736513 0.0024797140231551905 -0.0003644035134301819 -0.0017676579263939654 0.0070229650183136014 0.00074503588794841771 -0.0014576843623983551 0.012014088199760074 0.00048773361340092452 -0.00089725059388133575 -0.0036935631104995578 0.0018481830066927568 -0.0022253200843892645 0.00050384634912767053 -0.0030278350879859328 0.0046769350941889059 -0.0035248525380143902 0.0037870953317817022 0.0036015670255953223 0.0067937495002567188 0.021369477493331786 0.019845929333275929 -9.3574033824564808e-05 -0.0032387546533266497 -0.0015334679315772771
leaf_weight=49748.432736471295 11750.605260178447 2489.1623513400555 703.11966113746166 1226.4157456755638 6242.6159700155258 390.7168987840414 2755.770741418004 83.341988772153854 503.38651676476002 4876.3566702753305 4503.3939655721188 4821.4821147620678 503.40179614722729 4286.3024017065763 8232.3744010180235 95.894869729876518 310.78734587132931 2393.0593424290419 1131.03175380826 15089.450773313642 1130.2422948628664 11909.100533232093 1634.9071423560381 210.80239178240299 88.826541021466255 1175.6343536674976 76.485375717282295 1843.0209867209196 62.045810773968697 105.89839893579483 163403.1906350404 2814.5265875905752 4741.7232020199299
leaf_count=199944 47290 10093 2905 5072 25242 1635 11079 345 2044 20432 18255 19667 2061 17260 33160 387 1255 9677 4644 62117 4593 48520 6678 850 374 4803 310 7463 250 437 656371 11360 19106
internal_value=2.26255e-05 -0.00107472 0.000122724 0.000685186 -0.000111871 0.000509498 -0.000724469 -0.000395046 -0.00377049 0.000302752 0.0011142 -0.000859029 0.00167357 -2.80548e-05 -0.000452091 0.00116462 0.00276385 -0.0003998 0.000936314 0.00145785 0.00183199 0.000139785 -0.001355 -0.00295273 0.00737785 0.00211081 0.00502892 0.00631742 0.00726846 0.0130336 -0.000162536 -0.00111407 -0.000451686
internal_weight=311334 26025.4 285308 60313.9 22653.2 16410.6 23032.9 20066.3 2992.55 15931.1 9379.75 6551.3 1729.82 224994 19983 37660.7 4704.81 2488.95 32955.9 19915.7 17577.7 13040.1 2338.03 2966.57 479.543 16447.5 1358.02 2215.85 1905.07 182.384 175246 11842.6 9028.03
internal_count=1255679 104861 1150818 246777 92738 67496 92724 80795 12137 65487 38687 26800 7133 904041 80450 154039 19032 10064 135007 81843 72260 53164 9583 11929 2009 67667 5550 8968 7713 747 704097 47726 36366
is_linear=0
shrinkage=0.0343682


Tree=105
num_leaves=34
num_cat=0
split_feature=19 2 8 0 2 16 0 5 5 16 16 6 0 16 10 6 14 16 26 8 9 14 8 8 8 8 8 9 9 8 16 9 0
split_gain=23.7214 16.4994 18.4807 16.0087 13.7785 13.5967 15.6548 13.3598 12.8288 21.4521 18.0309 19.1574 14.8372 14.5394 21.271 14.0052 12.6354 23.3548 12.6303 12.3099 12.0446 11.6358 11.4619 15.3859 24.0862 19.7631 11.7308 10.8804 21.2494 16.0133 13.9033 17.0643 14.7545
threshold=1.0000000180025095e-35 0.10837000000000001 0.68052700000000022 1326.5000000000002 0.22999900000000004 0.46047550000000009 6453.5000000000009 0.47692450000000003 0.46783550000000002 0.51743400000000006 0.52695750000000008 0.48429300000000003 1167.5000000000002 0.72727850000000005 0.16609600000000002 0.44494950000000005 0.13309550000000001 0.51605000000000012 2.5000000000000004 0.51193350000000015 0.10551600000000001 0.16099550000000004 0.49898150000000002 0.51124500000000006 0.50886850000000006 0.51472550000000006 0.5082135000000001 0.088421450000000013 0.089647900000000016 0.51124500000000006 0.63884050000000014 0.40370350000000005 642.50000000000011
decision_type=2 10 10 2 10 10 2 10 10 8 10 8 2 10 10 10 8 10 2 10 8 10 10 10 10 10 10 10 10 10 10 10 2
left_child=1 -1 4 -4 18 -6 27 -5 9 12 -10 15 -2 -11 -15 19 17 -8 -3 -12 -13 -17 -18 24 26 -25 -24 -7 29 -29 31 -30 -32
right_child=8 2 3 7 5 6 16 -9 10 13 11 20 -14 14 -16 21 22 -19 -20 -21 -22 -23 23 25 -26 -27 -28 28 30 -31 32 -33 -34
leaf_value=0.0017676338437996059 -0.0021292830451001593 0.00085407050883807005 -0.0050904386531953529 -0.0015535953940980203 0.00073903660300947871 -0.00090868986808385866 0.0064207537975837902 0.0080684176455902701 -0.0013346044103822669 -0.0022725832523726253 0.0053374965395171954 0.0040932313844423184 0.00059303951189970292 0.0054843402404320778 -0.0066583790039322147 0.012573754785421932 -0.0012917122956118987 -0.006079811672850567 0.0001126646317208979 -0.0050607283934003865 -0.0010499197104409843 -0.00079301053351099105 -0.0062906793689530959 0.0081738208157481201 -0.019672064431982481 -0.0035783354366493484 0.012061356862448015 0.015774905127812152 0.00028889115974729384 -0.0038239101013311716 0.00052007339051711107 -0.0045943777567287805 -0.001874931890627501
leaf_weight=6715.051210463047 3192.3959701508284 35052.504282847047 1531.9661102741957 824.50592052936554 15061.429050371051 20871.96850502491 551.50275301933289 214.8610652089119 3566.6725094616413 15072.99118360877 488.11118288338184 755.7209901958704 9121.4254055023193 645.58333553373814 231.50549285113811 407.90548157691956 6359.2290113568306 259.64825713634491 120237.29972964525 185.61590786278248 1865.4470747560263 94.801168158650398 515.48503881692886 189.74206721782684 167.72847986221313 1547.48403018713 44.708956271409988 172.29362493753433 51202.102729603648 68.947335973381996 4678.8451985865831 859.42998085916042 8665.0526788830757
leaf_count=28172 12894 141913 6234 3346 60376 83784 2212 875 14347 60982 1964 3037 36929 2605 933 1637 25577 1042 485094 744 7501 380 2066 760 672 6201 179 691 205527 277 18813 3458 34843
internal_value=-2.29066e-05 8.49036e-05 4.29096e-05 -0.00285678 7.08868e-05 -0.000221121 -0.000371518 0.000435496 -0.000857447 -0.00119034 0.000420183 0.00206826 -0.000112731 -0.00202228 0.0022793 0.00571189 -0.00168558 0.00241934 0.000280017 0.00247272 0.000432926 0.010053 -0.00206291 -0.00405232 -0.00824685 -0.00229475 -0.00482601 -0.000225173 -7.85241e-06 0.0101735 -4.54053e-05 0.000208278 -0.00103516
internal_weight=311420 275792 269077 2571.33 266505 111216 96154.2 1039.37 35628.2 28263.9 7364.27 3797.6 12313.8 15950.1 877.089 1176.43 9635.53 811.151 155290 673.727 2621.17 502.707 8824.38 2465.15 727.922 1737.23 560.194 86518.6 65646.7 241.241 65405.4 52061.5 13343.9
internal_count=1256065 1112112 1083940 10455 1073485 446478 386102 4221 143953 114343 29610 15263 49823 64520 3538 4725 38709 3254 627007 2708 10538 2017 35455 9878 2917 6961 2245 347393 263609 968 262641 208985 53656
is_linear=0
shrinkage=0.0343682


Tree=106
num_leaves=34
num_cat=0
split_feature=24 1 15 4 3 9 1 26 3 4 9 9 25 15 1 11 11 9 11 17 9 17 15 16 4 22 3 16 1 16 15 3 16
split_gain=28.953 20.6579 19.5596 15.929 12.5269 11.8793 11.3889 13.0967 10.1574 11.0306 11.2137 10.7868 10.0834 9.95291 10.6277 9.89617 11.713 9.64043 14.2096 20.7631 12.4195 16.5371 11.8716 21.717 20.8117 21.4532 20.7943 14.6967 28.3264 14.3391 14.8451 13.6496 12.5742
threshold=2.5000000000000004 0.50571350000000004 4496.5000000000009 0.33768750000000008 0.15459000000000003 0.2401925 0.67089500000000013 6.5000000000000009 0.15012750000000005 0.37108450000000009 0.21606250000000002 0.29438050000000004 1.5000000000000002 561.50000000000011 0.52004400000000006 0.12717500000000001 0.13403200000000001 0.087167550000000024 0.22732300000000003 0.13962400000000003 0.090499600000000027 0.34455650000000004 905.50000000000011 0.64080150000000013 0.42683150000000009 1.0000000180025095e-35 0.16596200000000003 0.62084000000000017 0.44224900000000006 0.69989350000000006 2845.5000000000005 0.18275450000000001 0.65587800000000007
decision_type=2 8 2 8 10 10 10 2 10 10 8 10 2 2 10 8 10 10 10 10 10 10 2 10 10 2 10 10 10 10 2 10 10
left_child=1 17 4 15 8 -4 -5 -8 9 10 -2 -12 -7 -11 -15 -3 -17 18 -1 -20 21 -19 31 27 25 29 -27 -24 -29 -25 -31 -22 -26
right_child=2 3 5 6 -6 12 7 -9 -10 13 11 -13 -14 14 -16 16 -18 20 19 -21 22 -23 23 24 32 26 -28 28 -30 30 -32 -33 -34
leaf_value=-0.0011869014035442108 0.00011436454684301941 0.0017829964180685835 -0.0022936887505109558 0.00011795791100097061 -0.0019207771959588579 -0.0021634815345873315 0.0035119420194692345 -0.0029644661732793633 0.0028792198138511186 0.00062417645778833561 0.0066594682640715745 -0.0017180911855198201 -0.010135930397374617 -0.0003938545534917744 -0.0035576449324487558 -0.001459325935385431 0.00083563824856690793 6.8924617467729338e-05 0.022892221330484311 0.0018172491427600286 0.0010488775246329893 0.011134497492160472 -0.00038535725306836402 -0.001811760520709276 -0.01931989505342703 -0.0082330381476537449 -0.0010744260306432311 -0.0041463653941238654 0.0043010668716701181 0.0013507691274042676 0.012732005151818607 -0.00095115470247786424 -0.0062361310148692046
leaf_weight=17636.112836271524 5286.3528224676847 11473.759679511189 4306.7676607370377 160778.31309875846 6195.529457166791 314.81943666934967 2162.9605156034231 444.62909960746765 1254.0625731498003 2291.2237444072962 638.94076605141163 253.59135286509991 462.92706283926964 2316.2996358126402 2734.8311244249344 2975.1148634403944 22437.525336205959 395.57220262289047 66.977525055408478 314.4618923664093 14646.420031741261 267.33179298043251 37600.680384546518 2303.0577216297388 109.57374691963196 979.17502857744694 938.84356336295605 615.12686820328236 1972.0454230010509 1071.2373235821724 154.94929547607899 5560.763503074646 416.75007206201553
leaf_count=70935 21317 46758 17341 647837 24970 1267 9397 1837 5050 9232 2572 1020 1862 9343 11014 12108 90882 1586 269 1269 58883 1073 151207 9304 445 3953 3784 2505 7923 4296 626 22377 1680
internal_value=9.41609e-06 0.000109564 -0.00108726 0.000300136 -0.000623597 -0.00299964 0.0001545 0.00240763 -7.96674e-05 -0.000354097 0.000715968 0.00427919 -0.00690881 -0.0012546 -0.00210682 0.000945217 0.000566962 -0.000339191 -0.00104496 0.00551784 -0.000149486 0.00453138 -0.000196239 -0.000500359 -0.00243387 -0.00180331 -0.004729 -0.000212958 0.0022926 -0.000213298 0.00278898 0.000498494 -0.00896
internal_weight=311377 285321 26055.3 200272 20970.8 5084.51 163386 2607.59 14775.3 13521.2 6178.88 892.532 777.746 7342.35 5051.13 36886.4 25412.6 85049.1 18017.6 381.439 67031.5 662.904 66368.6 46161.4 5973.59 5447.26 1918.02 40187.9 2587.17 3529.24 1226.19 20207.2 526.324
internal_count=1255922 1150934 104988 808819 84518 20470 659071 11234 59548 54498 24909 3592 3129 29589 20357 149748 102990 342115 72473 1538 269642 2659 266983 185723 24088 21963 7737 161635 10428 14226 4922 81260 2125
is_linear=0
shrinkage=0.0343682


Tree=107
num_leaves=34
num_cat=0
split_feature=13 1 4 8 12 14 7 12 7 2 8 2 18 1 7 8 3 8 14 12 28 13 8 3 7 2 3 18 12 7 5 7 2
split_gain=25.4687 19.7854 17.7503 17.7305 15.0149 13.4252 13.251 12.8021 15.2247 16.4981 16.0701 12.2553 12.0821 12.0094 11.388 15.2166 14.8034 12.4406 13.7522 12.2266 18.9503 15.4646 16.7339 11.6914 11.5302 11.3717 11.3346 11.2426 11.0947 10.6711 10.4473 10.7702 10.2835
threshold=0.48009300000000005 0.50440950000000007 0.42144400000000004 0.53021700000000005 287.50000000000006 0.10692050000000002 0.47377000000000008 241.50000000000003 0.48566300000000001 0.30154250000000005 0.39398450000000002 0.33338450000000003 0.075735050000000012 0.5887110000000001 0.51447200000000015 0.48642750000000007 0.12949800000000003 0.43788250000000001 0.12898050000000003 5554.5000000000009 1.0000000180025095e-35 0.49902550000000007 0.54718800000000012 0.20691400000000001 0.5860970000000002 0.21067850000000002 0.16250150000000005 0.31642500000000001 5047.5000000000009 0.60461300000000018 0.40925150000000005 0.5178925000000002 0.15693650000000001
decision_type=8 10 10 10 2 10 10 2 10 10 8 10 8 10 8 8 10 10 10 2 2 8 10 10 10 10 10 10 2 10 10 10 10
left_child=12 7 13 4 6 -6 -4 8 9 10 -2 -7 -1 14 16 24 17 18 -3 21 -21 22 -19 -18 28 -5 -14 -27 -16 -26 -17 -32 -23
right_child=1 2 3 25 5 11 -8 -9 -10 -11 -12 -13 26 -15 15 30 23 19 -20 20 -22 32 -24 -25 29 27 -28 -29 -30 -31 31 -33 -34
leaf_value=-0.0032914426449736313 0.012493095139769605 0.010695038646679087 0.0020668208219714176 -0.0018629251773866868 -0.018049848338268754 -0.00050513076566425109 0.014640630356109761 -0.00045529268155813777 -0.0016834808877078907 -0.0018076911319042125 0.0032026808527589202 0.017447040189818932 -0.0013902665201532163 0.00088291528714066212 -0.00033211670118566116 -0.0016014069851096283 0.00022364485870079957 -0.0063258454209262913 0.0027685911163128421 -0.0045508098841206728 0.0020897465365058814 -0.0022522374417987328 0.015947217312109817 0.0080477543614029985 -0.017686414926294112 -0.0069739133157056985 0.0016474727545871977 0.0075459264461716878 -0.0047309934157161301 -0.0032748931941135808 -0.001834666800295132 0.0001855950995701707 0.0020661300849357397
leaf_weight=3208.0282906293869 245.82519939541817 314.22382275760174 296.25661011040211 2632.7695193886757 50.723318919539452 2690.6622776836157 148.68364734947681 82893.252214804292 1278.0540528148413 708.12623578310013 2086.7928869873285 45.678989112377167 8585.4124501645565 36017.173869982362 2100.2958266288042 4391.1704265624285 52265.091473072767 455.77445459365845 1458.9693571776152 1051.842306047678 981.02614912390709 693.94941489398479 43.659704029560089 226.56237715482712 106.25343286991119 1004.0226503312588 1745.8765634745359 67.203976348042488 999.55488732457161 141.51702077686787 3230.4922331720591 88636.612783178687 10610.530269905925
leaf_count=12918 987 1259 1213 10610 204 10796 597 333628 5122 2855 8370 183 34525 148497 8416 17619 209517 1826 5848 4216 3932 2796 175 910 426 4024 7022 269 4004 567 12980 357210 42583
internal_value=8.81834e-06 7.50821e-05 0.000255305 -0.00145445 0.000405758 -0.000530207 0.00626855 -0.000360247 0.00146402 0.00278694 0.00418176 -0.000205447 -0.00144902 0.000313516 0.00019123 -4.29446e-05 0.000533736 0.00146292 0.00417322 0.0011156 -0.0013462 0.00153956 -0.00437877 0.000257415 -0.00232079 -0.00307762 -0.000876921 -0.006063 -0.00175055 -0.0094551 3.62732e-05 0.000114553 0.00180104
internal_weight=311412 297873 210661 6936 3232 2787.06 444.94 87212.1 4318.8 3040.74 2332.62 2736.34 13539.3 203725 167708 99605.9 68101.6 15610 1773.19 13836.8 2032.87 11803.9 499.434 52491.7 3347.62 3704 10331.3 1071.23 3099.85 247.77 96258.3 91867.1 11304.5
internal_count=1256104 1201639 850677 27896 12993 11183 1810 350962 17334 12212 9357 10979 54465 822781 674284 401222 273062 62635 7107 55528 8148 47380 2001 210427 13413 14903 41547 4293 12420 993 387809 370190 45379
is_linear=0
shrinkage=0.0343682


Tree=108
num_leaves=34
num_cat=0
split_feature=24 23 14 26 2 18 2 7 1 16 29 7 5 18 14 10 2 2 7 1 16 5 29 18 7 18 18 16 7 5 29 10 29
split_gain=23.3352 21.268 18.257 15.2291 14.8828 14.8376 14.2522 13.5478 15.441 16.2184 12.6633 11.5758 11.4065 13.8672 11.5385 11.0805 10.5114 10.2179 13.2491 13.6086 9.90133 9.83201 9.58197 9.3428 9.68071 9.29714 9.97722 9.85847 8.89129 9.44033 8.82392 8.69918 8.59033
threshold=2.5000000000000004 1.0000000180025095e-35 0.14286300000000005 2.5000000000000004 0.35000600000000004 0.16264550000000003 0.10837000000000001 0.54382800000000009 0.50440950000000007 0.3781520000000001 0.22500000000000003 0.26748000000000005 0.43883050000000007 0.030156600000000002 0.15817550000000005 0.05413550000000001 0.32089250000000008 0.19457050000000001 0.51380250000000016 0.47000150000000002 0.75247700000000017 0.47191450000000007 0.075000000000000025 0.11159200000000001 0.53322300000000011 0.10077350000000002 0.098913600000000004 0.51743400000000006 0.45008600000000004 0.43417850000000008 3.4750000000000005 0.18760650000000004 1.7950000000000002
decision_type=2 2 10 2 8 8 10 8 10 10 2 10 10 10 10 8 10 10 10 10 10 10 2 10 10 10 10 10 8 10 2 8 2
left_child=2 11 3 5 10 15 30 8 9 -8 12 -2 13 28 -15 -1 20 18 19 -11 -10 25 -17 24 -22 26 -3 -27 -4 -30 -5 -16 -7
right_child=1 21 4 6 -6 32 7 -9 16 17 -12 -13 -14 14 31 22 -18 -19 -20 -21 23 -23 -24 -25 -26 27 -28 -29 29 -31 -32 -33 -34
leaf_value=-0.0088714627066826222 0.0066439160529930246 -0.001260185605630067 -0.0010820587254068762 0.002062158298801959 -0.0032696834829090862 0.0019789436133543959 0.013625411540080672 -0.0003618525617312935 0.0007512439959477073 0.021091583987249942 8.7743762842278105e-06 -0.00018770691169267559 7.4081379150583579e-06 -0.00028752452426829538 -0.0015816857543198644 -0.01588151679359592 0.017408066801680413 -0.00041488013222394611 -0.0083585657797460734 0.0043101931208211867 0.0088051203980787779 0.00034146294735315231 0.00042030416798038528 -0.0026392648945443836 -0.0045937285311117805 -0.001811427877124812 0.010508259103480412 -0.0043809741695267036 -0.0048735277940214084 -0.014725527506085048 0.017420325531205642 -0.0052701253132725915 -0.0010012471211448095
leaf_weight=154.47591525316238 299.5490494966507 3486.1942790001631 722.53798544406891 3778.7576038241386 1815.4212662279606 15151.585543826222 98.949410766363144 43418.272166565061 38849.974567726254 70.415742680430412 116493.19269664586 13329.075820758939 10045.49981328845 7590.6298626512289 2678.0879071950912 42.702008590102196 45.195248290896416 23574.192925989628 74.863010823726654 301.35642531514168 470.51561288535595 1806.0177804231644 16087.484657421708 152.27694575488567 73.663897603750229 3451.3809262216091 87.220257580280304 3606.6108310371637 1179.8893462568521 127.27454598248005 44.71005617082119 1051.9512893259525 1235.6129839420319
leaf_count=627 1211 14098 2924 15884 7412 61583 397 176041 156098 282 469010 53638 40381 30509 10762 172 181 94744 300 1207 1891 7281 65023 613 297 13916 352 14543 4744 512 186 4233 5022
internal_value=8.95827e-06 -0.000975376 9.88814e-05 0.000371952 -0.00017789 0.00102412 0.00017991 0.000106323 0.000425376 -0.000260114 -0.000137766 -3.75519e-05 -0.000867423 -0.00152569 -0.00105668 0.000289416 0.000842987 -0.000317313 0.00483244 0.00748868 0.000824056 -0.00200302 0.000377148 0.00488567 0.00699136 -0.00240129 -0.00097294 -0.00312446 -0.00414161 -0.00583279 0.00224175 -0.00262191 0.00175423
internal_weight=311396 26066 285329 143625 141704 32671.9 110953 107130 63711.4 24119.8 139889 13628.6 23395.9 13350.4 11320.7 16284.7 39591.6 24020.8 446.635 371.772 39546.4 12437.4 16130.2 696.456 544.18 10631.4 3573.41 7057.99 2029.7 1307.16 3823.47 3730.04 16387.2
internal_count=1256074 105039 1151035 580548 570487 132427 448121 432051 256010 96930 563075 54849 94065 53684 45504 65822 159080 96533 1789 1489 158899 50190 65195 2801 2188 42909 14450 28459 8180 5256 16070 14995 66605
is_linear=0
shrinkage=0.0343682


Tree=109
num_leaves=34
num_cat=0
split_feature=13 24 1 11 12 12 14 11 1 12 13 11 1 14 11 14 11 6 8 12 25 12 1 13 3 6 24 25 8 26 6 13 11
split_gain=22.7097 19.9266 17.6576 14.7252 12.7513 11.2275 16.5127 25.1964 13.9569 12.6309 26.6493 20.1027 12.3402 11.9594 10.8813 11.299 10.6914 13.0474 10.6102 10.5733 9.81696 11.7825 9.70004 9.83061 9.39191 9.31681 9.17213 16.7564 13.298 10.5757 10.8141 9.79831 16.56
threshold=0.48009300000000005 2.5000000000000004 0.57119350000000013 0.15840650000000003 1959.5000000000002 4425.5000000000009 0.13544950000000003 0.10717750000000002 0.39607200000000004 9643.5000000000018 0.50256450000000019 0.21030450000000003 0.46746900000000008 0.13921650000000005 0.15736750000000002 0.16220350000000003 0.20897200000000002 0.45495100000000005 0.59263050000000017 3866.5000000000005 1.0000000180025095e-35 209.50000000000003 0.42442800000000008 0.58649450000000003 0.14751850000000002 0.54587550000000007 1.0000000180025095e-35 1.5000000000000002 0.6420260000000001 4.5000000000000009 0.81980550000000008 0.50989050000000014 0.19078250000000002
decision_type=8 2 10 10 2 2 10 8 10 2 10 10 10 10 8 10 8 8 8 2 2 2 8 8 8 8 2 2 8 2 10 10 8
left_child=20 2 5 4 14 19 7 -7 -9 11 13 -8 16 -11 -3 -16 -12 -18 -14 22 21 -1 23 -2 -23 -19 27 -4 -29 31 -31 32 -28
right_child=1 3 26 -5 -6 6 9 8 -10 10 12 -13 18 -15 15 -17 17 25 -20 -21 -22 24 -24 -25 -26 -27 29 28 -30 30 -32 -33 -34
leaf_value=-3.6076257960826363e-05 -0.0024759927127073057 0.00068265094910487892 0.00057777456328365667 -0.0018813890851374045 -0.0010319080225159056 -0.0037499895826843509 -0.00099621149319157535 0.018726869652458171 0.0015088991148862385 0.018267017095360511 -0.0011333636991571934 0.00097047599481954678 3.0548704409425388e-05 0.0036605434747123077 0.0046830034928820961 0.023816179987957601 -0.0025474583929031907 -0.021615956022004428 0.0049510871530514021 0.0011873095657760973 -0.00060006780226585133 -0.0047919783635871219 0.00015203289373543077 0.0032412846448363068 -0.0013176723014817397 -0.0069297775712742265 0.00056028367044562357 -0.00094266846879520558 -0.0062894638377816951 0.00031231281574511607 0.0058213871168266464 0.0021089967806072517 -0.010010300366232919
leaf_weight=1643.5812447965145 2822.415265634656 5934.8619419336319 24011.658502265811 10054.551866754889 8669.9096356332302 1170.183480322361 47806.551535099745 55.964987695217133 8725.9676838070154 68.67525252699852 1402.539609208703 7043.4777310937643 9265.7098517119884 1845.6073141694069 258.39276321232319 42.445765808224678 321.11468309164047 93.890440747141838 548.25193826854229 11602.988513439894 7964.249250665307 2472.8394644856453 122389.71166984737 406.3838791847229 1462.6204499006271 111.75209714472294 1515.5661284327507 3190.5347847938538 663.72951301932335 14529.80286000669 433.42485900223255 12625.611943215132 197.9156142026186
leaf_count=6617 11436 23964 98523 40496 34909 4703 192109 226 35042 276 5691 28311 37186 7420 1046 172 1304 380 2215 46608 32034 9945 491698 1635 5887 450 6167 12981 2735 59202 1767 51999 802
internal_value=1.88482e-06 6.44784e-05 0.000149507 -0.000865006 -0.000179406 7.16543e-06 -0.000320764 0.000987376 0.00161862 -0.000510798 0.000424407 -0.000743663 -0.000188539 0.00418455 0.00100588 0.00738253 -0.00270128 -0.00687599 0.000305432 0.000194667 -0.00137451 -0.00248006 0.00010298 -0.0017564 -0.00350075 -0.0136351 0.000686526 0.000240121 -0.00186342 0.00111105 0.000471889 0.00177803 -0.000660671
internal_weight=311353 297810 272849 24960.2 14905.6 215681 78459.7 9952.12 8781.93 68507.6 13657.5 54850 11743.3 1914.28 6235.7 300.839 1929.3 526.757 9813.96 137221 13543.3 5579.04 125619 3228.8 3935.46 205.643 57168.2 27865.9 3854.26 29302.3 14963.2 14339.1 1713.48
internal_count=1255936 1201453 1100866 100587 60091 866690 315313 39971 35268 275342 54922 220420 47226 7696 25182 1218 7825 2134 39401 551377 54483 22449 504769 13071 15832 830 234176 114239 15716 119937 60969 58968 6969
is_linear=0
shrinkage=0.0343682


Tree=110
num_leaves=34
num_cat=0
split_feature=2 4 8 4 8 17 0 0 4 17 0 22 0 8 0 8 3 16 8 0 17 9 9 0 6 2 8 4 8 4 2 2 16
split_gain=15.6746 13.984 12.4811 12.4961 10.5158 11.2673 14.8419 9.65028 10.2664 15.2563 11.9408 10.14 14.3117 11.8528 9.56441 11.7984 11.0476 10.0976 9.49888 9.30869 15.1595 15.5344 31.3266 12.5787 10.061 9.25471 11.4181 9.16721 12.8809 20.0033 20.0824 15.3762 13.7289
threshold=0.10837000000000001 0.33768750000000008 0.68052700000000022 0.45162750000000002 0.45948650000000008 0.4813690000000001 370.50000000000006 574.50000000000011 0.31918600000000003 0.29838800000000004 209.50000000000003 1.0000000180025095e-35 383.50000000000006 0.56891300000000011 3318.5000000000005 0.45432650000000008 1.0000000180025095e-35 0.59229450000000006 0.69682750000000016 2226.5000000000005 0.13654400000000003 0.33493550000000005 0.28637550000000006 4496.5000000000009 0.29442750000000006 0.14035650000000002 0.59122500000000011 0.40167600000000003 0.52677650000000009 0.412194 0.19394750000000002 0.17206150000000001 0.48964500000000005
decision_type=8 10 10 10 10 10 2 2 10 10 2 2 2 10 2 10 8 10 10 2 10 10 10 2 10 10 10 10 10 10 10 10 10
left_child=-1 4 27 18 5 14 -7 8 25 10 -10 12 13 -11 16 -16 -2 -17 -4 24 23 22 -22 -21 -9 26 -6 -3 29 31 -31 -29 -30
right_child=1 2 3 -5 7 6 -8 19 9 11 -12 -13 -14 -15 15 17 -18 -19 -20 20 21 -23 -24 -25 -26 -27 -28 28 32 30 -32 -33 -34
leaf_value=0.0015148084998858327 -0.011274978662991325 -3.4977979926440171e-05 -0.0049777678000294933 -0.020006815400659489 0.0024571419029812184 0.0017187250218578141 0.021347735316188991 -0.0065996995033058758 -0.0041749153796145112 0.00032481843536334134 0.001464577082621258 -0.0010702607221980296 -0.012948955193079491 -0.0096231420082997336 -0.0021577507464868371 -0.0056833661713411726 4.03048193597828e-05 -0.021164134887406288 -0.00034740487859167451 0.01032725422199585 0.00035893149074728449 0.0069246275232884213 -0.0073038486977042719 0.0012524358565370699 0.0016715475571333039 0.0017664126911297324 -0.0087220548843802391 -0.0076123626299026415 0.0012943013416657958 0.0036494438491971328 5.6400019929133981e-05 -0.0011206229454910391 -0.0021135195824155979
leaf_weight=7758.9171811342239 104.51645159721375 212370.44623291492 920.6524361371994 48.394985899329185 198.02313841879368 198.71933303773403 59.010677680373192 175.75513854622841 586.43532977998257 355.73695719242096 1819.1184030473232 660.42069913446903 290.47551527619362 234.8772497177124 1502.0735508054495 160.97484622895718 4098.8845354020596 72.040108814835548 1212.5070718675852 323.97004076838493 16658.456062078476 399.41818183660507 654.94030441343784 407.15638342499733 14900.113417938352 2693.8514012545347 237.16163471341133 448.4559833407402 1642.3895243108273 2050.0008471012115 17717.566611498594 11048.988477647305 9321.5016059726477
leaf_count=32618 420 855057 3739 195 813 799 237 706 2369 1428 7379 2674 1174 954 6027 646 16472 289 4909 1306 67531 1607 2642 1634 60460 10870 980 1798 6587 8223 71466 44459 37417
internal_value=-1.05586e-05 -4.95449e-05 -0.000149119 -0.00273761 0.000496887 -0.000821884 0.00621305 0.000698173 -0.00045512 -0.00162069 8.97595e-05 -0.00428987 -0.00670313 -0.00363132 -0.0011272 -0.00327398 -0.000241047 -0.0104695 -0.00234583 0.000941636 0.000423832 0.000223651 6.90598e-05 0.00527359 0.00157512 0.00101516 -0.00363516 -0.000126939 -0.000589415 -0.000233965 0.000429018 -0.00137383 -0.00160303
internal_weight=311332 303573 256781 2181.55 46792.1 6196.22 257.73 40595.9 7076.1 3947.06 2405.55 1541.51 881.09 590.614 5938.49 1735.09 4203.4 233.015 2133.16 33519.8 18443.9 17712.8 17313.4 731.126 15075.9 3129.04 435.185 254599 42228.9 31265 19767.6 11497.4 10963.9
internal_count=1255885 1223267 1033850 8843 189417 24890 1036 164527 28641 15978 9748 6230 3556 2382 23854 6962 16892 935 8648 135886 74720 71780 70173 2940 61166 12663 1793 1025007 169950 125946 79689 46257 44004
is_linear=0
shrinkage=0.0343682


Tree=111
num_leaves=34
num_cat=0
split_feature=19 13 12 12 0 13 28 24 13 14 14 12 0 14 22 1 9 25 8 25 1 12 13 1 13 8 13 0 0 12 14 0 9
split_gain=21.8867 18.9693 45.723 20.8097 34.4331 21.6458 18.0459 22.7672 17.5901 17.0973 20.8178 18.7931 18.8271 16.2366 14.8789 14.7584 17.5728 13.1538 14.5022 11.7356 16.2237 11.459 11.0257 11.0142 11.0129 19.9518 11.2036 10.8669 10.7955 10.7848 10.6989 11.1697 10.1831
threshold=1.0000000180025095e-35 0.50494550000000016 9020.5000000000018 2096.5000000000005 2474.5000000000005 0.57108350000000019 1.0000000180025095e-35 1.5000000000000002 0.49467650000000002 0.12171700000000002 0.12713050000000001 4774.5000000000009 4860.5000000000009 0.15214850000000005 1.0000000180025095e-35 0.52987550000000005 0.12887250000000003 1.0000000180025095e-35 0.55440950000000011 1.5000000000000002 0.48461450000000006 193.50000000000003 0.60831400000000013 0.46482600000000007 0.5238195000000001 0.57267750000000006 0.52111050000000014 614.50000000000011 950.50000000000011 2333.5000000000005 0.15345950000000005 235.50000000000003 0.043717150000000003
decision_type=2 8 2 2 2 8 2 2 10 10 10 2 2 10 2 10 8 2 10 2 8 2 10 8 10 10 10 2 2 2 8 2 8
left_child=1 2 15 4 19 -6 7 13 -4 11 24 12 29 -2 -10 17 -17 18 -1 20 30 -18 -12 -8 25 26 -11 -23 -24 -5 31 32 -3
right_child=6 3 8 9 5 -7 23 -9 14 10 22 -13 -14 -15 -16 16 21 -19 -20 -21 -22 27 28 -25 -26 -27 -28 -29 -30 -31 -32 -33 -34
leaf_value=-0.0031029016355934649 -0.0001181546645073868 -0.007149481353668748 0.0078365554680472401 0.0039448768556427337 -1.5897247013388744e-05 -0.0025633399278518678 -0.0018838531745734813 -0.0035407317763601629 0.00361609183244355 -0.0073311393006146395 -7.7041989697903759e-05 0.0090157198946967769 0.008756062337270696 -0.0027207549342945169 -0.0026585570545769213 -0.001296547807529554 0.0037961477495101065 -0.00084035578248354778 0.0023156095260852571 0.00028334150286607289 0.0015076265193867465 -0.0031631777554402859 0.02030102103729985 0.00042674860370004087 -0.0026394054928226334 -0.014102631470648146 0.0082973965368241427 0.00078853509345780197 0.0034701181855964981 -0.00037220262020107656 0.0024065092362030552 -0.0017589825029981343 0.0020558652002126529
leaf_weight=7290.6157422363758 10243.903066277504 153.85395684838295 797.80260767042637 880.6618358194828 24079.876753479242 4710.5785365849733 2971.7926837801933 4972.7538927346468 1626.7450479418039 64.538855895400047 122792.37493795156 406.7675157636404 364.78455857932568 3912.8588503301144 615.18846760690212 9275.072272464633 1310.4383994191885 11222.525702357292 634.17811311781406 20852.694109350443 43860.358201920986 930.1009233891964 53.804943785071373 13535.439795479178 5225.1242997348309 69.9179867208004 337.5446499735117 7069.1934713721275 275.48067063093185 3053.2213758975267 1524.3755206167698 4420.8855958133936 1833.3831766843796
leaf_count=29303 41371 618 3205 3578 97152 19090 12172 20146 6537 259 494292 1637 1473 15786 2476 37360 5286 45102 2547 84249 178045 3739 216 54546 21105 284 1356 28430 1108 12338 6138 17752 7359
internal_value=-2.0282e-05 8.33073e-05 -0.000601008 0.000202054 0.000573142 -0.0004327 -0.000821783 -0.00154021 0.00345391 -7.98545e-05 -0.000154182 0.00195499 0.00128685 -0.0008375 0.00189432 -0.000927676 -0.00023776 -0.00159732 -0.00266929 0.000971771 0.00124894 0.000817086 -6.02e-05 1.07716e-05 -0.00218525 0.0028423 0.00578884 0.000329058 0.00622027 0.000594244 -0.000181358 -0.000796965 0.00134318
internal_weight=311369 275732 40771.9 234960 101436 28790.5 35636.7 19129.5 3039.74 133524 128819 4705.44 4298.67 14156.8 2241.93 37732.1 18584.8 19147.3 7924.79 72645.6 51792.9 9309.73 123122 16507.2 5697.13 472.001 402.084 7999.29 329.286 3933.88 7932.5 6408.12 1987.24
internal_count=1256055 1112034 163985 948049 410403 116242 144021 77303 12218 537646 518620 19026 17389 57157 9013 151767 74815 76952 31850 294161 209912 37455 495616 66718 23004 1899 1615 32169 1324 15916 31867 25729 7977
is_linear=0
shrinkage=0.0343682


Tree=112
num_leaves=34
num_cat=0
split_feature=6 14 12 9 7 10 12 14 9 7 27 6 14 5 9 10 16 9 27 5 16 16 6 5 10 16 27 6 5 5 5 6 16
split_gain=14.5221 13.0376 19.084 17.929 19.5234 15.1866 15.0892 14.8672 13.0308 12.9999 13.7335 12.8965 15.936 12.4518 12.7195 15.4053 19.271 12.9841 14.88 12.6729 16.4273 16.3034 12.0259 16.1317 11.9677 15.0974 11.7003 14.5999 12.6982 13.0057 12.5582 15.1126 12.1524
threshold=0.60817750000000015 0.14262250000000001 225.50000000000003 0.23271750000000002 0.41682050000000009 0.095165050000000015 11803.500000000002 0.11132850000000001 0.26944700000000005 0.54507300000000003 20.250000000000004 0.37441600000000003 0.13644750000000003 0.55957850000000009 0.17875900000000003 0.17781500000000003 0.45345250000000009 0.17033400000000001 71.550000000000011 0.45989250000000009 0.57543050000000007 0.50794800000000018 0.49444350000000004 0.46743750000000006 0.20031850000000004 0.46822850000000005 7.9500000000000011 0.33184500000000006 0.43555350000000009 0.5000285000000001 0.39712000000000008 0.44670550000000003 0.62084000000000017
decision_type=10 10 2 10 10 10 2 8 10 8 2 10 10 10 8 10 10 10 2 10 10 10 8 10 10 10 2 8 10 10 8 10 10
left_child=1 3 5 6 -5 -3 9 -6 -9 -1 22 12 -10 14 15 17 -17 -12 -19 20 21 -18 23 -11 -16 -26 30 28 -28 -30 31 -4 -33
right_child=-2 2 26 4 7 -7 -8 8 11 10 13 -13 -14 -15 24 16 19 18 -20 -21 -22 -23 -24 -25 25 -27 27 -29 29 -31 -32 32 -34
leaf_value=0.00021072283907291721 0.00047431363278265171 0.0047122985297216652 -0.0013796824512943646 -0.0010249580972239093 0.0051085754960551386 0.00061354027566544293 0.0045904587839698955 0.0024187510636941179 0.0048109404507725179 -0.0069759988364207067 -0.00022988114516331651 -0.0004767827406993683 -0.00079201717662739826 -0.0067860860610163935 0.0006972201309363822 0.0081119761185334937 -0.00066514084550663871 -0.0073508806748907429 0.0038591498828341089 -0.012512127089825924 0.0023700127807083911 -0.016113156544550422 -0.0013189851156305491 0.0027513730367518413 -0.01280967143855399 0.0087215755240252178 -0.0030089521769470821 -0.00019310363760617066 6.7040621156158053e-05 -0.009189669258113738 -0.0010490976732360538 -0.014821729235003338 -0.0043172540106510308
leaf_weight=64058.519179388881 66920.905010119081 1372.2217852622271 697.12668780982494 4151.8918589949608 1320.9428817778826 4812.2163751870394 826.84103512763977 6850.2787801325321 1442.6531881690025 1026.1366566866636 17095.225130274892 5892.1483652293682 1026.0429667085409 344.03321059048176 6322.4573911428452 120.44795288145542 149.83789072930813 602.88896158337593 182.11098751425743 284.93600292503834 280.51085568964481 174.87271323800087 4861.6372076421976 250.54082211852074 42.667515873908997 390.63841584324837 4241.942149579525 97987.695101112127 4025.7510942369699 187.63690833747387 12868.261973276734 238.92222167551517 285.56450699269772
leaf_count=257438 271820 5550 2817 16707 5331 19365 3328 27598 5794 4127 69385 23731 4120 1394 25665 487 610 2448 736 1164 1136 706 19646 1013 172 1592 17176 394043 16239 755 51753 961 1150
internal_value=2.57336e-05 -9.70874e-05 -0.000339 0.000163363 0.00108201 0.00152299 -3.24988e-05 0.00161116 0.00130745 -7.22384e-05 -0.000636405 0.000396922 0.00248223 -0.000291089 -0.000203963 -0.000661672 -0.00478989 -0.000428341 -0.00475028 -0.00653565 -0.00372194 -0.00898466 -0.00209853 -0.00506706 0.00107591 0.0066014 -0.000434537 -0.00031134 -0.00168157 -0.000345193 -0.00136523 -0.00469535 -0.00910241
internal_weight=311337 244416 126717 117698 20684 6184.44 97014.3 16532.1 15211.1 96187.5 32128.9 8360.84 2468.7 25990.6 25646.6 18890.8 1010.61 17880.2 785 890.157 605.221 324.711 6138.31 1276.68 6755.76 433.306 120533 106443 8455.33 4213.39 14089.9 1221.61 524.487
internal_count=1255957 984137 509809 474328 83281 24915 391047 66574 61243 387719 130281 33645 9914 105495 104101 76672 4103 72569 3184 3616 2452 1316 24786 5140 27429 1764 484894 428213 34170 16994 56681 4928 2111
is_linear=0
shrinkage=0.0343682


Tree=113
num_leaves=34
num_cat=0
split_feature=23 17 12 4 17 16 0 10 0 16 3 10 4 3 0 2 2 3 12 14 10 1 14 0 17 1 4 17 3 16 12 4 3
split_gain=15.346 21.2948 20.4342 19.5549 17.6834 16.8762 19.1678 16.4903 16.7602 16.0769 16.6795 17.3594 15.1728 14.4303 14.1498 13.8025 13.3112 15.2236 13.7024 12.9957 13.672 14.4075 18.0577 14.2574 13.1285 17.3453 16.4522 17.5883 13.5303 12.9246 14.918 14.7856 12.3161
threshold=1.0000000180025095e-35 0.30799900000000008 1778.5000000000002 0.42144400000000004 0.048249450000000006 0.49037750000000008 12456.500000000002 0.31296650000000009 2422.5000000000005 0.40435450000000006 0.12800100000000003 0.28884100000000007 0.40167600000000003 0.20691400000000001 862.50000000000011 0.35000600000000004 0.073516850000000009 0.078989000000000018 39.500000000000007 0.12171700000000002 0.18195850000000005 0.48613550000000005 0.12419550000000001 1520.5000000000002 0.28733250000000005 0.58220850000000002 0.32342300000000007 0.31775900000000007 0.12009950000000001 0.44066600000000006 26.500000000000004 0.34942550000000006 0.17171950000000005
decision_type=2 8 2 10 10 8 2 10 2 10 8 10 10 10 2 10 10 10 2 10 10 10 10 2 10 10 10 10 10 10 2 10 10
left_child=1 3 7 4 -1 9 -7 8 13 -3 29 -12 -9 -2 -5 16 -6 18 -18 -4 -21 22 -22 -24 28 26 27 -26 -23 31 -31 -11 -25
right_child=2 5 19 14 15 6 -8 12 -10 10 11 -13 -14 -15 -16 -17 17 -19 -20 20 21 24 23 32 25 -27 -28 -29 -30 30 -32 -33 -34
leaf_value=-0.0031781454004265433 0.0005764515479935833 -0.001350851253606205 0.0013278812002060138 -0.0003594189120642952 0.0048065420740015163 -0.00074791462095449162 0.0070036201454666096 -0.0037104335678673278 -0.00066497622657155737 0.011141088747150371 0.00019018467766854713 0.0084129708835203564 -0.021941146295140473 0.0050288253591924854 -0.0043029651778751388 -0.0039854323553138666 0.0080416343030332953 0.00081900111062691786 -0.0071788104373834098 -0.00088945756367044351 0.014319461292006636 -0.0099182922037168008 2.091726542654329e-05 -0.0049283239003062472 -0.0071034995956665249 -0.0031913945035065266 0.0016278587804386016 0.014758279298101014 -0.00017700413656303722 -0.016157299506506628 0.0018737695019424353 0.0030352811057880601 -0.00043971942490203807
leaf_weight=1349.9515133798122 41971.915792673826 4829.5635103732347 4211.0938386917114 4235.8436905443668 981.57157152891159 38895.56612315774 380.48680134117603 292.28260870277882 15066.89126996696 396.92124451696873 16898.525952368975 308.79819916188717 66.12156642973423 877.80088213086128 1440.0766543149948 709.66210408508778 82.090347141027451 81034.808594211936 469.11082163453102 65922.681580603123 85.177525922656059 171.11541055142879 3135.7145947515965 1950.467808932066 54.630755573511124 871.21455261111259 8210.8329394310713 212.72599202394485 10682.09677810967 55.032868549227715 3571.3896405249834 804.64393410086632 1146.4487802386284
leaf_count=5429 169834 19464 17026 17054 4334 156468 1565 1177 60797 1620 67950 1239 268 3545 5779 2893 333 327026 1899 265694 343 688 12702 7923 219 3533 32963 853 42936 222 14421 3278 4653
internal_value=9.62958e-06 0.000249735 -0.000232823 0.000592896 0.000723874 -0.000218788 -0.000672822 0.000275499 0.000320978 0.000445003 0.000838608 0.000337749 -0.0070738 0.000667661 -0.00135996 0.000787127 0.000828146 0.000780282 -0.00491203 -0.000539302 -0.000624359 3.46063e-05 -0.00139785 -0.00161265 0.000482568 0.00142652 0.00190105 0.0102911 -0.000330589 0.00262371 0.00160014 0.00571293 -0.00326669
internal_weight=311373 156444 154929 90303.1 84627.2 66140.9 39276.1 58275 57916.6 26864.9 22035.3 17207.3 358.404 42849.7 5675.92 83277.2 82567.6 81586 551.201 96654.2 92443.1 26520.4 6317.81 6232.63 20202.6 9349.4 8478.19 267.357 10853.2 4827.99 3626.42 1201.57 3096.92
internal_count=1256128 630974 625154 364747 341914 266227 158033 235621 234176 108194 88730 69189 1445 173379 22833 336485 333592 329258 2232 389533 372507 106813 25621 25278 81192 37568 34035 1072 43624 19541 14643 4898 12576
is_linear=0
shrinkage=0.0343682


Tree=114
num_leaves=34
num_cat=0
split_feature=24 23 26 28 17 10 10 17 5 16 11 8 17 10 16 11 16 29 8 26 5 8 10 9 16 16 17 10 9 9 17 5 29
split_gain=21.5533 18.5466 14.0945 13.69 13.2726 16.4784 23.1431 16.3882 14.1237 13.7297 13.1779 16.0199 12.1048 11.9223 11.0068 10.6204 10.2979 11.0238 15.5372 13.3787 12.7307 12.4632 11.3173 10.4162 10.1496 9.64772 9.41537 9.23204 19.7079 11.222 13.6117 9.54799 13.168
threshold=2.5000000000000004 1.0000000180025095e-35 3.5000000000000004 1.0000000180025095e-35 0.30730600000000002 0.085145800000000008 0.078670100000000007 0.35637150000000006 0.43190750000000006 0.47548900000000011 0.14747000000000002 0.40022350000000007 0.37342850000000005 0.05757460000000001 0.44652250000000004 0.21251400000000001 0.61350250000000017 1.3350000000000002 0.33067700000000005 4.5000000000000009 0.41415800000000008 0.54718800000000012 0.22241250000000004 0.25819900000000001 0.50137250000000011 0.41355250000000005 0.2262045 0.15798000000000004 0.17787200000000003 0.055815200000000002 0.30799900000000008 0.42860050000000005 1.9750000000000003
decision_type=2 2 2 2 8 8 10 10 10 10 10 10 10 10 10 10 10 2 8 2 10 10 10 10 10 10 10 8 10 8 10 10 2
left_child=2 10 4 -3 -1 6 8 9 14 -8 11 -2 -10 24 25 -5 -4 18 -18 21 26 -19 27 -24 -14 -6 -21 -22 29 30 -29 32 -31
right_child=1 3 16 15 5 -7 7 -9 12 -11 -12 -13 13 -15 -16 -17 17 19 -20 20 22 -23 23 -25 -26 -27 -28 28 -30 31 -32 -33 -34
leaf_value=0.000775789422934628 0.0073220604511896291 -0.0030140890625520418 4.9249566977529666e-05 -0.00026382812583245814 -0.0046583941061394407 0.00013029202284918739 -0.00071234499378213141 -0.0039562468079437849 -0.0015218672347237054 -0.018806255705049874 -0.0011542165583113945 0.00054613771279778589 0.0070742727242600846 0.0078980399160366518 -0.0082410132261119401 -0.0052189674598938744 -0.005773227618992619 0.001293443581580256 -0.00074448664934407302 -0.00019492487789580433 -3.4232568980801609e-05 0.0089414163320992324 0.005109905031389402 -0.00054678367206594956 -0.015090959012444151 0.014483112982830715 0.005942372422172125 -0.0021657922680939517 0.0002683060597616397 -0.003529177911768789 0.019223400203960003 -0.0052072717238311984 -0.025126959728780675
leaf_weight=53052.998609632254 440.57526518404484 6469.3722911030054 140730.97000983357 5406.7465659379959 73.848926424980164 40733.315277397633 64.998319983482361 479.70330479741096 696.83758410811424 208.21114078164101 6799.0699270665646 6384.0392606854439 43.554964825510979 424.6159031689167 385.98493169248104 564.22228761017323 741.37896107137203 735.04487563669682 34354.325589045882 514.2030298858881 5980.1159133166075 382.72810080647469 785.15653200447559 753.5088053047657 55.489939153194427 53.730950847268105 693.41091810166836 164.31623063981533 1719.2627850025892 63.541164338588715 44.703874439001083 1270.0767816901207 70.161961913108826
leaf_count=214859 1782 26115 567326 21816 304 164155 263 1941 2821 837 27333 25717 176 1721 1555 2282 3022 2959 138431 2075 24124 1563 3157 3031 225 221 2792 662 6921 256 180 5115 283
internal_value=-1.3349e-05 -0.000959387 7.3085e-05 -0.00191879 0.000411563 -3.5526e-05 -0.0027514 -0.00778284 -0.000566802 -0.0145016 -8.33193e-05 0.00098357 0.0014452 0.00539348 -0.00534837 -0.00073206 -9.93271e-05 -0.000532484 -0.000850716 0.000315146 -1.82806e-05 0.00391213 -0.000390819 0.00233973 -0.00534381 0.00340315 0.00332911 -0.000841992 -0.00229169 -0.00502068 0.00240879 -0.00612691 -0.0148628
internal_weight=311340 26064 285276 12440.3 96273.3 43220.3 2486.98 752.913 1734.06 273.209 13623.7 6824.61 1220.5 523.661 513.565 5970.97 189003 48271.9 35095.7 13176.2 12058.5 1117.77 10850.8 1538.67 99.0449 127.58 1207.61 9312.18 3332.06 1612.8 209.02 1403.78 133.703
internal_count=1256020 105045 1150975 50213 389078 174219 10064 3041 7023 1100 54832 27499 4943 2122 2080 24098 761897 194571 141453 53118 48596 4522 43729 6188 401 525 4867 37541 13417 6496 842 5654 539
is_linear=0
shrinkage=0.0343682


Tree=115
num_leaves=34
num_cat=0
split_feature=23 5 16 12 14 17 5 4 5 5 0 12 3 16 16 4 12 16 0 16 5 0 3 5 17 3 12 5 12 5 5 14 12
split_gain=16.0161 18.9231 22.7462 26.1884 19.3006 18.3944 21.6126 21.5415 15.6782 15.5345 14.8429 14.6043 14.0015 20.033 14.2761 16.4088 14.7238 13.9785 18.3732 17.8555 15.6818 14.7239 16.1773 14.5261 13.8027 13.4177 15.9019 12.7564 13.1068 12.1917 12.0438 11.6926 15.5212
threshold=1.0000000180025095e-35 0.44922650000000003 0.43735250000000009 5047.5000000000009 0.15722450000000002 0.30799900000000008 0.5000285000000001 0.42144400000000004 0.44510550000000004 0.39845550000000002 7732.5000000000009 52.500000000000007 0.14600950000000004 0.73557150000000016 0.51743400000000006 0.32201350000000006 11803.500000000002 0.49037750000000008 12456.500000000002 0.40435450000000006 0.4606995000000001 6453.5000000000009 0.13333750000000003 0.46101750000000002 0.048249450000000006 0.1836015 94.500000000000014 0.46510200000000007 8090.5000000000009 0.43417850000000008 0.43330850000000004 0.14878550000000004 476.50000000000006
decision_type=2 8 10 2 10 8 10 10 10 10 2 2 10 10 10 8 2 8 2 10 10 2 10 10 10 10 2 10 2 10 10 8 2
left_child=5 2 8 4 10 6 7 24 -2 -9 -4 -8 13 14 15 -3 -17 19 21 20 -7 -19 -23 -22 -1 -21 -27 -24 -29 30 -12 -15 -33
right_child=1 12 3 -5 -6 17 11 9 -10 -11 29 -13 -14 31 -16 16 -18 18 -20 25 23 22 27 -25 -26 26 -28 28 -30 -31 -32 32 -34
leaf_value=-0.0027931901536111972 0.0016142175037706138 0.0042546310403070702 -2.6581200271127754e-05 -0.0018228336631503604 -0.0017989040689793759 -5.283673217325614e-05 0.0070618352454620368 0.00024782017237089918 -0.0036977045806777967 -0.0033651462602611172 -0.0055091651384491427 -0.0026586593638443195 -0.00034595002533059307 -0.0014681658821637325 0.0014406935126890434 -0.00041391194049935319 0.013904992950216676 -0.00044867910992065597 0.0069022763444228676 0.0010202884954928992 -0.01678853875590584 -0.0058945770162046295 -0.00045795341818003854 -0.0033573410031799019 0.00085930688569969187 0.01312327833255552 -0.0037798093832995001 -0.010211047998981187 0.0070999128327349859 -3.412981531280214e-05 -0.020916741001594547 0.0048450694974601968 -0.01209618958343558
leaf_weight=1241.0551566630602 7383.6087479442358 996.70314329862595 47651.851969301701 20622.648320823908 9698.6816096156836 3134.9740059226751 193.41049593687057 3106.6002626568079 720.33481389284134 2567.3233515322208 579.55179943144321 3255.9834081232548 32114.362962201238 1540.3104511201382 19515.587935447693 12973.620497241616 85.381146311759949 34503.433934286237 380.4814266115427 20837.818443268538 101.18753430247307 1236.3948153704405 2775.921754643321 1583.9740761220455 79917.774823024869 69.930938020348549 1096.9768013358116 304.73542359471321 62.207503616809845 520.24163991212845 66.835737034678459 82.359868824481964 284.6487657725811
leaf_count=4988 29937 4050 192158 83191 39110 12625 784 12503 2900 10323 2338 13112 129279 6241 79084 52310 343 138807 1567 83919 405 4971 11169 6395 322979 283 4411 1220 249 2101 270 333 1147
internal_value=-9.92174e-06 -0.000257693 -0.000592119 -0.0007697 -0.000398554 0.00023542 0.000554341 0.000660325 0.00114206 -0.00138697 -0.000120349 -0.00211362 0.000173958 0.000644566 0.000839225 4.11875e-06 -0.000320293 -0.000200255 -0.0006134 0.00040446 -0.00149008 -0.000686944 -0.00256419 -0.00416383 0.000803454 0.000819458 -0.00276683 -0.00125403 -0.00727634 -0.00395035 -0.00710229 -0.00278168 -0.00829443
internal_weight=311207 154837 87243.8 79139.8 58517.2 156370 90282.1 86832.8 8103.94 5673.92 48818.5 3449.39 67593 35478.6 33571.3 14055.7 13059 66088 39263.2 26824.9 4820.14 38882.7 4379.26 1685.16 81158.8 22004.7 1166.91 3142.86 366.943 1166.63 646.388 1907.32 367.009
internal_count=1255502 624792 352005 319168 235977 630710 364689 350793 32837 22826 196867 13896 272787 143508 135787 56703 52653 266021 157983 108038 19425 156416 17609 6800 327967 88613 4694 12638 1469 4709 2608 7721 1480
is_linear=0
shrinkage=0.0343682


Tree=116
num_leaves=34
num_cat=0
split_feature=19 28 26 28 4 18 6 7 0 11 7 0 6 12 7 0 18 26 18 18 7 7 7 0 18 11 14 14 7 4 27 6 18
split_gain=18.1827 14.265 14.6099 14.3629 12.4258 16.6268 16.9587 16.7315 16.0724 24.8901 14.9907 20.3909 13.1249 12.469 12.2259 15.8316 13.2452 12.0012 12.0457 15.8574 13.0334 11.8167 18.6534 11.5496 14.3868 17.4133 10.9475 10.6692 10.6374 10.4456 12.8134 10.1258 9.90258
threshold=1.0000000180025095e-35 1.0000000180025095e-35 8.5000000000000018 2.5000000000000004 0.37300850000000002 0.049529300000000005 0.80116300000000018 0.53949650000000016 8351.5000000000018 0.19226850000000004 0.43838100000000008 248.50000000000003 0.30060250000000005 256.50000000000006 0.40554250000000008 22.500000000000004 0.24687300000000004 2.5000000000000004 0.065642250000000013 0.055662900000000008 0.53492450000000014 0.26748000000000005 0.31455050000000007 5685.5000000000009 0.41764750000000006 0.13403200000000001 0.13071150000000001 0.20577450000000003 0.42833800000000005 0.36120950000000002 46.050000000000004 0.43316150000000003 0.043482100000000003
decision_type=2 2 2 2 10 10 10 10 2 10 8 2 10 2 8 2 10 2 8 10 10 10 10 2 10 10 8 10 10 10 2 10 8
left_child=4 -2 -3 26 14 6 7 10 13 12 11 32 -10 -7 15 -1 -17 18 19 -16 29 -13 -23 -19 28 -26 -4 -15 -25 -21 -31 -14 -6
right_child=1 2 3 -5 5 8 -8 -9 9 -11 -12 21 31 27 17 16 -18 23 -20 20 -22 22 -24 24 25 -27 -28 -29 -30 30 -32 -33 -34
leaf_value=0.015497931569900649 -0.0013628781193167066 0.00028809987818956555 0.0040334959429593883 -0.017611240054566688 0.003586996121046594 0.0015092543155589681 0.006683024604505333 -0.0031650047166532111 -0.01806974109729324 0.0016205145667329713 0.00022207640932623654 0.0053552083586336664 -0.000489394755887318 -3.6713036072297512e-05 0.00045936240399839875 -0.0019041270389440134 0.0019133833907937678 0.0003434287869531332 0.0010907283437635487 -0.0045038158930142879 0.0016546996421921893 -0.010598469638538985 -0.0025652145030119261 0.0041798075736891463 -0.020420340052030833 -0.0034377809705804494 -0.0046282832248459495 0.0097710995801405277 -0.00054109718254620465 0.00047268210017091224 -0.019282237049033164 -0.0062165576676163747 -0.011539274610186495
leaf_weight=67.492533192038536 19128.220422163606 15391.52785693109 221.52885043621063 82.683337971568108 873.37987670302391 6791.4665054827929 325.71260532736778 4118.2658988386393 86.942891910672188 1058.2348255366087 8763.941861987114 200.36821806430817 537.67593099176884 84276.366091415286 2786.4274603128433 6024.0969803035259 1306.3125148415565 96046.028177365661 34478.363874778152 614.88314107060432 305.03204686939716 368.53945408761501 4639.9076736569405 580.64523428678513 84.227354496717453 465.23675844073296 776.3998329937458 131.21278221905231 19392.189170256257 54.058162614703178 137.23635040223598 1133.0552795231342 54.299199968576431
leaf_count=272 77312 62223 892 334 3523 27456 1313 16563 352 4262 35214 814 2166 339071 11272 24215 5237 388060 139588 2466 1237 1494 18728 2327 338 1865 3138 527 78125 217 551 4553 219
internal_value=6.48636e-06 -0.000724463 1.68939e-05 -0.00384599 0.000100871 -0.000175242 -0.00109284 -0.00122601 1.35629e-05 -0.00254376 -0.0006901 -0.00199284 -0.00505092 9.2524e-05 0.000293674 -0.00107127 -0.00122383 0.000358844 0.000886003 -0.00092499 -0.00439634 -0.00282892 -0.00315633 0.000185295 -0.000554782 -0.00604104 -0.00270547 -2.14667e-05 -0.000403852 -0.00668586 -0.0136997 -0.00437344 0.00270162
internal_weight=311302 35600.4 16472.1 1080.61 275702 113359 19344.4 19018.7 94015 2815.91 14900.4 6136.49 1757.67 91199 162342 7397.9 7330.41 154944 38376 3897.64 1111.21 5208.82 5008.45 116568 20522.3 549.464 997.929 84407.6 19972.8 806.178 191.295 1670.73 927.679
internal_count=1255924 143899 66587 4364 1112025 456255 77868 76555 378387 11333 59992 24778 7071 367054 655770 29724 29452 626046 155331 15743 4471 21036 20222 470715 82655 2203 4030 339598 80452 3234 768 6719 3742
is_linear=0
shrinkage=0.0343682


Tree=117
num_leaves=34
num_cat=0
split_feature=19 5 3 17 17 2 0 2 27 4 3 14 17 0 10 17 27 10 10 25 2 4 3 17 27 29 27 3 27 10 10 27 5
split_gain=17.117 13.6205 14.7092 15.419 15.0001 13.5088 15.8526 13.1562 13.3937 14.5214 14.7652 14.1112 12.5265 13.144 12.2136 12.5017 11.7747 11.8054 11.3907 11.2826 11.7173 11.1779 11.8363 28.2245 11.0622 10.8969 10.8105 11.3107 14.1349 11.7726 25.1593 14.8654 14.226
threshold=1.0000000180025095e-35 0.46783550000000002 0.15485650000000004 0.27394900000000005 0.19108350000000004 0.27632650000000009 396.50000000000006 0.11408100000000002 99.250000000000014 0.37778050000000002 0.12081850000000001 0.11228200000000001 0.24735150000000003 2347.5000000000005 0.10114550000000001 0.38042000000000004 6.9500000000000011 0.09760205000000001 0.26483150000000005 1.0000000180025095e-35 0.21956150000000005 0.412194 0.14578650000000001 0.47216550000000007 0.15000000000000005 0.99500000000000011 8.9500000000000011 0.15793900000000002 81.950000000000017 0.18632350000000003 0.21269250000000003 67.500000000000014 0.43165250000000005
decision_type=2 10 10 10 10 8 2 10 2 10 10 8 10 2 10 8 2 10 10 2 10 10 10 10 2 2 2 8 2 10 10 2 10
left_child=7 2 5 4 -4 6 14 8 9 16 25 -10 -3 -14 15 -2 17 -1 -6 20 -16 22 -7 -24 -8 -11 -9 29 -29 -28 32 -32 -31
right_child=1 12 3 -5 18 21 24 26 11 10 -12 -13 13 -15 19 -17 -18 -19 -20 -21 -22 -23 23 -25 -26 -27 27 28 -30 30 31 -33 -34
leaf_value=0.00068138354672805023 0.0013248424946861385 0.0024542933157856483 0.0017563141018486503 0.00086788075537221727 -0.0027618088347767158 -0.0034081930398037054 -0.0085875581986846281 -0.00052650196425039521 -0.016842238025472498 0.0040565181659586308 0.0011931195585655604 -0.0011781954555351783 0.00086993584306691474 -0.0029369767042112553 0.0017628692726814649 -0.0093476325376922603 5.8203622002271146e-05 0.011895087903093007 -0.011287152350886316 -0.0099282842246829345 -0.0098135897688324883 -0.00095408252123380967 -0.010834456674971718 0.016057438241871908 -0.00062038856385544187 0.01043576705207601 0.00012936160113765925 -1.3481689093257674e-05 -0.001336394439932572 0.00025214388800998171 0.00078220264068645513 -0.0014993679002587132 0.0025415499197954145
leaf_weight=236.6596927344799 604.72374396026134 2699.9196840524673 880.75347429513931 7045.8314919620752 2019.2015901952982 1722.50990909338 209.32101030647755 35133.098342984915 88.436791747808456 926.40874546766281 1339.8479502350092 292.97833281755447 3006.7384146004915 1664.2016570568085 274.66556856036186 165.02264586091042 4195.7284273356199 208.66532522439957 203.79798166453838 565.26553589105606 165.5021478831768 1305.290870025754 613.09226474165916 49.847741067409515 12409.367076411843 480.24383187294006 149357.96275554597 42047.091743960977 12339.657144963741 4592.4106103777885 8047.0194018930197 5807.3045124411583 10618.759737446904
leaf_count=977 2439 10853 3554 28558 8122 7033 844 141312 361 3964 5490 1190 12097 6691 1104 664 17634 863 821 2273 666 5360 2529 205 50108 2094 602661 169028 49588 18458 32366 23352 42764
internal_value=-1.57015e-05 -0.000724857 -0.00106831 -2.11956e-05 -0.00203949 -0.00165598 -0.00118034 7.58776e-05 0.00147011 0.00179435 0.0037751 -0.00481014 0.000590751 -0.000486423 -0.00422126 -0.000963184 0.000622177 0.00593577 -0.00354339 -0.0067156 -0.00258986 -0.00351097 -0.00491008 -0.0088124 -0.000752549 0.00623445 3.54523e-05 0.000120256 -0.000313634 0.000252514 0.000885351 -0.000174161 0.00185035
internal_weight=311317 35605.1 28234.2 10149.6 3103.75 18084.6 14393.9 275712 7768.97 7387.55 2746.5 381.415 7370.86 4670.94 1775.18 769.746 4641.05 445.325 2223 1005.43 440.168 3690.74 2385.45 662.94 12618.7 1406.65 267943 232810 54386.7 178423 29065.5 13854.3 15211.2
internal_count=1256023 143921 114280 41055 12497 73225 58098 1112102 32573 31022 11548 1551 29641 18788 7146 3103 19474 1840 8943 4043 1770 15127 9767 2734 50952 6058 1079529 938217 218616 719601 116940 55718 61222
is_linear=0
shrinkage=0.0343682


Tree=118
num_leaves=34
num_cat=0
split_feature=1 4 0 1 12 17 27 11 12 2 8 8 0 2 4 2 18 8 0 17 8 18 23 0 2 8 11 18 8 11 4 4 0
split_gain=12.9573 16.3544 16.1423 34.0152 13.2444 12.4899 15.2023 17.9576 12.142 11.5501 18.1831 10.6008 15.0726 10.4468 10.4055 15.2458 15.2482 13.6207 20.0483 21.7582 15.6691 14.756 22.0261 14.9029 13.9818 13.3729 15.2919 13.0215 19.6046 12.5899 12.5102 29.5565 18.0681
threshold=0.5185320000000001 0.42144400000000004 642.50000000000011 0.5906300000000001 5860.5000000000009 0.25941800000000004 19.750000000000004 0.15250750000000005 1985.5000000000002 0.17946150000000002 0.50613500000000011 0.52953400000000006 136.50000000000003 0.16667650000000003 0.33768750000000008 0.09598340000000001 0.31958300000000001 0.57761300000000015 370.50000000000006 0.28407300000000008 0.60440700000000014 0.22753550000000003 1.0000000180025095e-35 6785.5000000000009 0.24418800000000002 0.44633400000000006 0.15392100000000003 0.2703020000000001 0.56718100000000005 0.10640450000000003 0.39381550000000004 0.36365650000000005 7283.5000000000009
decision_type=8 10 2 10 2 10 2 10 2 10 8 8 2 8 8 8 10 10 2 10 10 10 2 2 8 10 10 10 8 10 10 10 2
left_child=9 14 4 5 11 6 7 -4 -8 10 -1 12 -3 -13 -2 29 17 21 19 -19 -20 23 27 -17 -24 26 -25 -23 -29 -16 31 -27 -33
right_child=1 2 3 -5 -6 -7 8 -9 -10 -11 -12 13 -14 -15 15 16 -18 18 20 -21 -22 22 24 25 -26 30 -28 28 -30 -31 -32 32 -34
leaf_value=0.0060722571028165324 0.000767136034360817 0.010676347520271603 -0.0082553522865550094 -0.018120341994150448 -0.0065647198516268768 -0.00038896219171598572 -0.018508730065003844 0.015730542756645722 -0.005914060158396588 -0.00030676339690062125 -0.00075810968320428869 0.00091045031259560905 0.00077139158121216364 -0.0032909360817851008 0.0041475156254226373 0.00036621985601103217 -0.0010493859581011957 -0.0054287267918760648 -0.00092919580299445767 -0.00015877232820379834 0.00063392483786838287 0.0033943009325447678 -0.00030157111978446326 0.018408694450566837 0.0055188837100428462 -0.0016969252776108204 0.0018713892419456256 0.0016213263886720923 -0.0067636813285371694 6.0952560190723882e-05 -0.007329051423232009 -0.0061919630812013512 0.0068186084859358223
leaf_weight=863.2015395462513 36082.740122675896 243.89376850426197 82.527963161468506 189.7984904050827 379.56569889187813 985.75429502129555 140.87772378325462 66.637009859085083 252.39608630537987 122375.87450286746 986.43261098861694 1641.2127839326859 708.96497437357903 1217.7430822402239 1994.0069591403008 64861.121665000916 13290.94598197937 1857.559002071619 14707.770399034023 1844.045987918973 15619.03431533277 5919.4616689682007 8531.662644892931 77.650110676884651 517.02992206811905 8605.6905555725098 441.94782094657421 3397.2525132894516 364.71383093297482 1609.0065852850676 392.18490681052208 150.15221172571182 786.30231262743473
leaf_count=3461 146673 980 331 763 1524 3952 565 267 1011 492093 3960 6672 2843 4882 8675 260776 53510 7542 59654 7477 63754 23896 34315 311 2071 34544 1770 13655 1473 6788 1571 602 3156
internal_value=6.04393e-06 0.000186818 -0.0015924 -0.00439807 -0.000442391 -0.00269379 -0.00688228 0.00245995 -0.0104257 -0.000266022 0.00242954 0.000167246 0.00330666 -0.000879087 0.000244891 0.000114903 5.86351e-05 0.000173621 -0.000415596 -0.00280337 -0.000124151 0.000386818 0.00125008 0.000172132 3.10017e-05 -0.00103208 0.00434277 0.00238949 0.00080842 0.00232257 -0.0013132 -0.00106595 0.00473248
internal_weight=311185 186960 5909.37 1717.99 4191.38 1528.19 542.439 149.165 393.274 124226 1849.63 3811.81 952.859 2858.96 181050 144968 141365 128074 34028.4 3701.6 30326.8 94045.2 18730.1 75315 9048.69 10453.9 519.598 9681.43 3761.97 3603.01 9934.33 9542.15 936.455
internal_count=1255517 756003 23790 6889 16901 6126 2174 598 1576 499514 7421 15377 3823 11554 732213 585540 570077 516567 138427 15019 123408 378140 75410 302730 36386 41954 2081 39024 15128 15463 39873 38302 3758
is_linear=0
shrinkage=0.0343682


Tree=119
num_leaves=34
num_cat=0
split_feature=24 20 25 28 25 12 5 6 7 3 6 27 12 6 7 2 1 25 3 9 9 2 27 3 1 27 9 28 1 3 24 2 5
split_gain=20.0054 15.4202 22.7902 13.6544 34.6451 15.2243 20.1434 15.0601 15.0391 14.9228 14.3263 13.2653 12.2449 11.8778 13.7683 15.4082 11.7076 11.5972 11.3332 11.0648 11.0388 10.6907 10.6794 17.1171 14.4543 13.2788 11.6067 12.7593 11.531 10.7141 10.6186 15.9576 10.5994
threshold=2.5000000000000004 1.0000000180025095e-35 1.5000000000000002 1.0000000180025095e-35 1.0000000180025095e-35 5735.5000000000009 0.42838650000000006 0.44843700000000003 0.45421550000000005 0.10979600000000002 0.48064400000000002 49.750000000000007 122.50000000000001 0.64321050000000013 0.68562450000000019 0.12958250000000002 0.43580800000000003 1.5000000000000002 0.15116750000000004 0.38548950000000004 0.26546550000000008 0.09598340000000001 82.550000000000011 0.15075950000000002 0.55423450000000007 81.550000000000011 0.10501250000000001 1.5000000000000002 0.58220850000000002 0.15541100000000002 1.0000000180025095e-35 0.14209250000000004 0.46412450000000005
decision_type=2 2 2 2 2 2 10 8 10 10 8 2 2 10 10 10 10 2 10 10 10 10 2 10 10 2 10 2 10 10 2 10 10
left_child=1 3 16 5 7 13 8 12 10 17 18 -9 -5 14 15 -1 -3 -6 -7 21 -15 -18 25 26 29 -14 -24 28 -28 -25 31 -11 -16
right_child=-2 2 -4 4 9 6 -8 11 -10 30 -12 -13 22 20 32 -17 19 -19 -20 -21 -22 -23 23 24 -26 -27 27 -29 -30 -31 -32 -33 -34
leaf_value=0.0017875072273458737 -0.00091771899793318952 -0.0015875551388373028 -0.00069541049452880618 0.0048035420462915965 0.00045508216045348328 -0.0047174612417038384 -0.00048142077224782123 -0.00073516631916897585 -0.0038725685221205654 -0.0019019853122784133 0.0046378019720598488 0.0005627093744553182 -0.0011108695844090986 0.00094050307298254837 -0.0026786600185409884 -0.00029341732774141715 0.0053246964605426338 -0.003023073150931361 0.00087704552549990814 -0.0050300691537290988 -0.0070209666701479684 0.0013085336376689911 -0.0058781778452446781 -0.012183882663860996 -0.018068194152928568 0.012182531373876685 0.0040004149285693567 -0.0038777458856076108 -0.0091795191264241686 -0.0036453396052768964 0.00059185652333048418 0.0018189512875693432 -0.013418048069508557
leaf_weight=4435.3035203963518 26048.738810911775 1696.8317874073982 10238.326919212937 371.56578536331654 2530.701956063509 846.32762464880943 23670.525242581964 17537.552647396922 4170.7758971452713 1464.0823536217213 517.09648536145687 19807.391811281443 10739.226052239537 14788.035200148821 384.29085777699947 80224.539120167494 806.33083055913448 2049.1931575089693 864.6856062412262 317.21533878147602 208.60856291651726 26921.035721376538 477.56468492746353 212.47106562554836 113.3135821223259 89.495983153581619 833.26012898981571 544.51647771894932 86.551338881254196 948.32131636142731 37742.320626229048 19406.383938387036 151.28563761711121
leaf_count=18294 104999 6888 41336 1494 10298 3416 95284 70803 16756 6027 2084 80006 43204 60177 1561 322919 3603 8305 3504 1274 842 108635 1921 855 455 360 3350 2190 349 3823 152079 78084 616
internal_value=-6.00654e-06 7.72661e-05 0.000703138 -2.47756e-05 0.000248227 -0.000265696 -0.000943918 -0.000411019 -0.00265477 0.000788216 -0.000375187 -4.67858e-05 -0.00135455 -6.21498e-05 -0.000219149 -0.000184398 0.00118458 -0.00110116 -0.0018902 0.00135231 0.000829756 0.00142533 -0.00151747 -0.00325649 -0.00635194 -0.001001 -0.00122552 0.000291868 0.00276022 -0.00520823 0.000935848 0.00155792 -0.00571224
internal_weight=311244 285195 39979.7 245215 114954 130261 30069.4 51761.2 6398.89 63192.7 2228.11 37344.9 14416.3 100192 85195.4 84659.8 29741.4 4579.9 1711.01 28044.6 14996.6 27727.4 14044.7 3216 1274.11 10828.7 1941.89 1464.33 919.811 1160.79 58612.8 20870.5 535.576
internal_count=1255791 1150792 161736 989056 463603 525453 121044 208810 25760 254793 9004 150809 58001 404409 343390 341213 120400 18603 6920 113512 61019 112238 56507 12943 5133 43564 7810 5889 3699 4678 236190 84111 2177
is_linear=0
shrinkage=0.0343682


Tree=120
num_leaves=34
num_cat=0
split_feature=1 10 7 0 10 0 10 10 0 7 7 7 3 16 28 7 11 16 0 16 3 16 3 21 16 7 0 3 16 7 28 21 7
split_gain=12.3959 11.7475 21.5685 18.3816 10.1068 11.2775 10.0334 18.7398 12.8707 10.7954 21.5301 11.8119 12.5318 12.757 11.5674 10.4641 9.77354 9.63617 9.4097 9.39173 24.6033 17.2076 13.9142 19.401 10.7922 18.7416 10.281 10.2454 10.3544 10.4924 9.19596 14.9114 14.8725
threshold=0.57119350000000013 0.20521300000000003 0.41272500000000006 136.50000000000003 0.22632650000000001 12456.500000000002 0.17463050000000005 0.18632350000000003 5291.5000000000009 0.59968450000000006 0.5883250000000001 0.5178925000000002 0.15139950000000005 0.46623900000000001 1.0000000180025095e-35 0.45719000000000004 0.18941200000000002 0.47792050000000003 13423.000000000002 0.50414800000000015 0.071446700000000016 0.51905250000000003 0.14620750000000002 1.0000000180025095e-35 0.48333450000000006 0.65364050000000018 2614.5000000000005 0.16292150000000002 0.57668800000000009 0.55215650000000005 1.0000000180025095e-35 1.0000000180025095e-35 0.31455050000000007
decision_type=8 8 10 2 8 2 10 10 2 10 10 10 10 10 2 10 10 10 2 10 10 10 10 2 10 10 2 10 10 10 2 2 8
left_child=30 2 -2 -4 5 -3 18 9 16 10 11 15 13 14 -13 -8 -9 -10 19 24 -21 -22 -23 26 -5 -26 -24 -28 29 -29 -1 32 -32
right_child=1 4 3 6 -6 -7 7 8 17 -11 -12 12 -14 -15 -16 -17 -18 -19 -20 20 21 22 23 -25 25 -27 27 28 -30 -31 31 -33 -34
leaf_value=-0.00030953474685402256 -0.0060392976099092098 0.0038073186571507714 -0.0024451870463953452 0.00073905655460313878 0.00077710221244164154 -0.010545531367291699 0.0022333442484671578 -0.001432776786735048 -0.0011054230837954013 0.00068430800990380814 -0.011189177742808998 -0.018028052273507653 -0.0056153281673826678 0.0023150757064790911 0.0023576198815030572 -0.0090950374328866036 0.0030430886571741829 0.0070903400424254595 -0.0096920823913727236 -0.010890544868631967 -0.0019720517631827256 0.0010085732769957714 -0.00064758716610684934 0.0020926613349169427 0.0034527968712592563 -0.0022098015960592856 -0.007027424499018396 0.0049691628436484689 0.0044797713350188412 -0.011119383697001984 -0.003698736846575167 0.00064136145358894539 -0.00010771588871970595
leaf_weight=129065.29959115386 635.31037886440754 2530.0873336344957 2690.7733844220638 12552.98789049685 4783.0031111091375 66.358148545026779 123.01365852355957 1970.6502134352922 237.15735913813114 911.62492752075195 382.74667748808861 74.110134765505791 470.62669920921326 1035.2695503681898 59.092886194586754 443.71185046434402 814.39440636336803 593.52130934596062 103.80532544851303 230.59875382483006 3267.9597484469414 22190.371105477214 1218.4067675918341 1381.3411683738232 4508.4180146753788 815.21851843595505 933.48778122663498 70.276502713561058 225.65088634192944 150.24235257506371 1387.6407957226038 40796.876523822546 74508.506802082062
leaf_count=518756 2549 10294 10959 51949 19441 269 496 8038 961 3747 1566 302 1916 4218 240 1787 3319 2411 421 933 13380 90704 4968 5650 18449 3352 3807 283 925 606 5651 163785 299615
internal_value=2.31832e-06 0.00042255 0.000258466 0.000328103 0.00171421 0.0034405 0.000464364 -0.000739397 0.000995895 -0.00253196 -0.00366465 -0.00235902 -0.000880202 0.00102697 -0.00898435 -0.00663609 -0.000123958 0.00475046 0.000644135 0.000666703 0.000291752 0.000379348 0.00067298 -0.00119839 0.00128898 0.00258567 -0.00294818 -0.00497989 -0.000695974 -0.00599217 -0.000109632 0.000111466 -0.000173372
internal_weight=311229 65470.2 58090.8 57455.5 7379.45 2596.45 54764.7 7115.92 3615.72 3500.2 2588.57 2205.82 1639.1 1168.47 133.203 566.726 2785.04 830.679 47648.8 47545 29668.3 29437.7 26169.8 3979.41 17876.6 5323.64 2598.06 1379.66 446.17 220.519 245758 116693 75896.1
internal_count=1255747 267940 237936 235387 30004 10563 224428 29001 14729 14272 10525 8959 6676 4760 542 2283 11357 3372 195427 195006 121256 120323 106943 16239 73750 21801 10589 5621 1814 889 987807 469051 305266
is_linear=0
shrinkage=0.0343682


Tree=121
num_leaves=34
num_cat=0
split_feature=19 28 5 11 16 0 0 7 7 5 5 4 16 9 14 7 16 6 7 9 18 11 9 11 6 18 4 0 16 16 18 6 0
split_gain=15.0175 14.4065 12.8467 16.8035 18.7862 12.4632 11.5992 11.2366 10.9728 10.1064 9.81174 13.327 12.3584 10.7296 10.1484 15.5452 10.5898 10.1753 10.2204 9.87428 10.0201 9.7735 11.4705 9.86484 9.55655 12.0398 18.0323 12.9018 25.4975 17.63 12.3942 21.7409 19.5332
threshold=1.0000000180025095e-35 1.0000000180025095e-35 0.45374750000000003 0.21627600000000002 0.62478650000000013 671.50000000000011 5864.5000000000009 0.38135700000000006 0.44283050000000007 0.44951350000000007 0.5000285000000001 0.33393250000000002 0.60839450000000006 0.2802440000000001 0.1393655 0.69579900000000017 0.59782450000000009 0.9354165000000001 0.41476400000000008 0.27228600000000008 0.30203900000000006 0.19567550000000003 0.29438050000000004 0.12982450000000004 0.80116300000000018 0.049529300000000005 0.37403350000000007 3881.5000000000005 0.63557700000000017 0.69474000000000014 0.0025809800000000005 0.41625450000000003 1479.5000000000002
decision_type=2 2 8 10 8 2 2 10 10 10 10 10 10 10 8 10 10 10 8 10 10 10 10 10 8 10 10 2 10 10 10 10 2
left_child=10 -2 6 4 -4 -6 9 -8 -9 -3 11 12 14 19 17 16 21 18 -1 -12 -21 22 -16 -24 25 26 27 29 -29 30 31 32 -13
right_child=1 2 3 -5 5 -7 7 8 -10 -11 13 24 -14 -15 15 -17 -18 -19 -20 20 -22 -23 23 -25 -26 -27 -28 28 -30 -31 -32 -33 -34
leaf_value=-0.0061898623454989254 -0.0012992286639281895 -0.00059165023617121452 -0.00010633864240854064 0.0069642137708751288 0.001397204020358693 0.009869286524194304 -0.0119496078869087 0.012815691031082529 0.0023423646119298241 -0.0045619735253955278 -0.00078170021871430803 0.025693642172687877 -0.00010281152626434127 -0.0045638407933385455 0.0013524762295010026 0.01102158772449164 0.0056591220681173277 -0.013501409324684088 0.00081839121043078805 0.0023361994748992499 0.020147436256603996 0.0041573798764959185 0.0090197174040234519 -0.008035338142818111 0.0014391261515208391 0.00011054877449710673 -0.0013184615080026412 -0.00027995716933917295 0.009639343310689448 -0.0026345612044078263 7.8664832146107586e-05 0.0014344651737279678 0.0064842392046706616
leaf_weight=254.70987950265408 19122.289553523064 9134.6472663134336 4460.8911391794682 574.04952569305897 418.26428647339344 402.43898241221905 50.046558082103729 157.75759513676167 470.71155412495136 825.74068613350391 8769.2865339517593 82.530474707484245 10002.83202445507 893.46398520469666 6862.5925301760435 227.84252379834652 823.96872839331627 61.184608668088913 7018.5948101729155 137.76708659529686 51.162804812192917 1447.0389065593481 47.311968982219696 261.30109058320522 5712.1483169645071 203482.54876427352 17879.940750494599 767.53070887923241 509.13307450711727 2310.3811452835798 6482.725104495883 1367.070318967104 257.95520074665546
leaf_count=1024 77305 37031 17956 2310 1681 1618 206 645 1901 3340 35387 331 40564 3590 27859 929 3347 250 28664 553 206 5848 191 1059 23088 820176 71968 3076 2053 9304 26168 5505 1036
internal_value=6.85154e-06 -0.000657268 8.6963e-05 0.0013798 0.000772839 0.00555156 -0.000624614 0.00372329 0.00497137 -0.0009208 9.26437e-05 0.000132111 0.000855746 -0.000972416 0.00141961 0.00215083 0.00193677 0.000455554 0.000572963 -0.000614219 0.00715954 0.00158089 0.00106099 -0.00542071 5.02879e-05 1.626e-05 -0.000630668 0.000413517 0.00367586 1.68835e-05 0.000764825 0.00336983 0.0111404
internal_weight=311328 35616.8 16494.5 5855.64 5281.59 820.703 10638.9 678.516 628.469 9960.39 275711 265859 27007.4 9851.68 17004.5 9670.06 9442.21 7334.49 7273.3 8958.22 188.93 8618.24 7171.21 308.613 238852 233140 29657.3 11777.3 1276.66 10500.7 8190.28 1707.56 340.486
internal_count=1256169 143993 66688 23565 21255 3299 43123 2752 2546 40371 1112176 1072440 109735 39736 69171 39233 38304 29938 29688 36146 759 34957 29109 1250 962705 939617 119441 47473 5129 42344 33040 6872 1367
is_linear=0
shrinkage=0.0343682


Tree=122
num_leaves=34
num_cat=0
split_feature=13 25 12 23 26 14 7 3 10 26 17 5 25 12 10 13 10 10 17 3 17 17 17 15 10 3 14 14 13 5 7 7 7
split_gain=22.2494 11.7899 19.3904 27.3912 28.5365 24.8516 19.179 18.9548 18.7686 15.8899 17.8559 15.6517 14.0275 19.3387 14.8713 14.8527 14.138 13.3787 13.2891 13.2638 13.2201 12.9382 12.989 13.9926 16.1809 12.6296 12.5574 12.3528 12.1692 11.452 11.2446 11.0107 16.6084
threshold=0.48009300000000005 1.5000000000000002 2213.5000000000005 1.0000000180025095e-35 7.5000000000000009 0.15008550000000001 0.57410300000000014 0.11811100000000001 0.17726550000000002 4.5000000000000009 0.12756850000000003 0.38645650000000004 1.0000000180025095e-35 9919.5000000000018 0.15372050000000004 0.50897950000000003 0.14738900000000002 0.14566300000000001 0.33335750000000003 0.20691400000000001 0.41861700000000007 0.28886850000000003 0.21848950000000003 4926.5000000000009 0.21571950000000004 0.16292150000000002 0.10942500000000001 0.10820050000000002 0.50853300000000012 0.38881750000000009 0.36858550000000007 0.53743000000000007 0.63853400000000005
decision_type=8 2 2 2 2 10 10 10 10 2 10 10 2 2 8 10 10 10 10 10 10 8 10 2 10 10 10 10 8 8 8 10 10
left_child=-1 2 7 5 -5 27 9 17 26 10 -7 19 13 14 -11 -15 -17 28 -10 -9 -8 22 -6 24 -24 -25 -3 -4 -2 31 -13 -30 -33
right_child=1 8 3 4 21 6 20 11 18 12 -12 30 -14 15 -16 16 -18 -19 -20 -21 -22 -23 23 25 -26 -27 -28 -29 29 -31 -32 32 -34
leaf_value=-0.0013657629102807865 -0.0017788581725502648 -0.0027219066077080454 0.012944208132002866 -0.00021989435898532843 -0.0016895866237030747 -0.010187114453370068 0.0024003894826196215 0.002064608076014779 0.0010910650301834449 0.00048994949390193177 -0.0019950623041238139 -0.0020003814853470519 0.0016966439905083039 0.0095848027689317151 -0.0039946660838355401 0.013888661433777413 -0.006865049675743873 0.0040887849097307194 -0.00059776427086344537 0.010017023806100405 -0.0075273304247757689 -0.00089441240093638677 -0.0054542886663283942 -0.0056326584762767338 0.0011086208126460763 -0.027847166976925481 -0.00049133930814504944 0.0008420562270955225 0.00081713504146758292 0.001832717641440496 0.00031224839315846628 -0.011406096414640587 0.0015830952766422313
leaf_weight=13537.91279257834 1448.7508516460657 3143.9613251537085 99.852997437119484 48197.400846987963 3623.5400245040655 330.10692232847214 2792.1090856641531 2546.9809810519218 16246.26461276412 1428.1420582681894 6553.1265182942152 2577.9087640792131 3039.9260871559381 311.70266754925251 2248.5029565244913 50.345242664217949 168.64954690635204 2191.0007918179035 8322.8962780237198 274.42605362832546 167.96516408026218 6047.6891384422779 2428.2028627246618 63.749977499246597 542.95787312090397 57.4907146692276 57564.617527335882 43054.454385980964 848.42183855175972 13108.095466658473 67728.758712336421 266.02360884845257 206.55142460763454
leaf_count=54477 5872 12744 402 194324 14563 1326 11318 10257 65369 5733 26321 10417 12203 1251 9028 202 677 8883 33499 1108 676 24371 9782 258 2190 231 232129 173504 3424 53701 273578 1069 866
internal_value=-3.11779e-06 5.88526e-05 0.000195901 -8.89369e-05 -0.000602548 0.00043078 -0.000678414 0.000574468 -0.000282497 -0.00120536 -0.00238794 0.000328176 -8.21799e-05 -0.00136743 -0.00225268 0.00476552 -0.00209393 0.00157126 0.000518968 0.00283811 0.00183706 -0.00204751 -0.00308587 -0.00472197 -0.00425497 -0.0161665 -0.000606855 0.000870059 0.00122386 0.00152535 0.000227452 -0.00152463 -0.00572883
internal_weight=311218 297681 212403 121206 60961 60244.9 17090.6 91196.9 85277.7 14130.5 6883.23 73128.1 7247.27 4207.34 3676.65 530.697 218.995 18068.8 24569.2 2821.41 2960.07 12763.6 6715.94 3092.4 2971.16 121.241 60708.6 43154.3 15877.8 14429.1 70306.7 1321 472.575
internal_count=1255753 1201276 857535 488360 245719 242641 68735 369175 343741 56741 27647 295360 29094 16891 14761 2130 879 73815 98868 11365 11994 51395 27024 12461 11972 489 244873 173906 64932 59060 283995 5359 1935
is_linear=0
shrinkage=0.0343682


Tree=123
num_leaves=34
num_cat=0
split_feature=24 0 13 9 1 0 13 8 12 11 12 3 7 0 18 0 0 7 3 1 9 13 3 8 0 0 3 12 11 14 18 13 19
split_gain=19.3333 19.6576 15.6221 12.7946 11.215 14.1482 21.3505 17.6559 14.7559 13.8286 11.3635 10.7554 10.6044 17.9169 17.4086 15.9883 19.4854 16.8351 13.8747 12.8985 12.1631 10.8951 12.3366 12.5729 22.9548 12.9047 10.5929 12.5257 10.5179 12.9082 12.7886 10.5162 10.2984
threshold=2.5000000000000004 4496.5000000000009 0.47699950000000008 0.23979150000000002 0.54448200000000013 396.50000000000006 0.59260250000000014 0.56891300000000011 8000.5000000000009 0.038835350000000012 411.50000000000006 0.15738750000000004 0.53492450000000014 982.50000000000011 0.1565425 8511.5000000000018 8351.5000000000018 0.53949650000000016 0.18182150000000002 0.53678650000000017 0.35355400000000009 0.56144400000000017 0.16390650000000004 0.50613500000000011 344.50000000000006 357.50000000000006 0.15459000000000003 8700.5000000000018 0.10854300000000001 0.16099550000000004 0.18090350000000002 0.56806050000000008 1.0000000180025095e-35
decision_type=2 2 8 10 8 2 8 8 2 10 2 8 8 2 10 2 2 10 10 10 10 10 10 10 2 2 10 2 10 10 10 10 2
left_child=2 26 11 32 12 6 7 8 9 -6 28 -1 13 14 18 16 -14 -17 21 -19 -16 22 23 -4 -25 -26 27 -2 30 -30 -7 -28 -3
right_child=1 3 4 -5 5 10 -8 -9 -10 -11 -12 -13 15 -15 20 17 -18 19 -20 -21 -22 -23 -24 24 25 -27 31 -29 29 -31 -32 -33 -34
leaf_value=-0.0017560587699084226 -0.00017554146847243498 -0.0015642670890054211 0.0003672516182281576 -0.0068198688534503579 0.020381246470003191 -0.00083786789829564117 0.0022939343930528369 -0.0021902749137111253 -0.010840391023177427 0.000843320039148385 0.00067581026683167524 0.00076057852796599507 -0.0006376509797697777 -0.00015255775455553106 0.0019992689982006508 -0.0072577600222060914 -0.012304175550191494 0.003467167567884235 -0.0013991980225547972 -0.0065367122718074985 -0.0044604237917321944 0.0021917182697635397 0.0022624552834373058 -0.0061334275370019172 0.017839192509041962 -0.00036067161120720758 -0.002076578897310089 0.0043783702720848012 -0.0021954257294247311 0.0018036564263445038 0.0047867454059053053 0.0029475465603270605 -0.0075769161242541638
leaf_weight=8752.0307312607765 14023.984724894166 3910.2799238115549 9028.5798571109772 798.82939052581787 43.300329551100731 1150.5050462782383 2448.0851667225361 7671.9803272783756 127.03634469211102 3626.4359927326441 83028.268889531493 2602.26313598454 40413.350473552942 89528.87533095479 11835.030285000801 212.39747047424316 169.8097381144762 2349.221979111433 4976.7291161417961 162.78471504151821 354.61514863371849 4168.4195523709059 2789.3446858972311 1106.7843531817198 47.187111303210258 1857.3147308081388 5641.5192479193211 751.65922302007675 4796.2589145749807 1189.8808180391788 816.21445466578007 539.12480321526527 368.15500168502331
leaf_count=35208 56538 15735 36364 3216 174 4699 10071 31249 511 14620 337428 10476 162147 359625 47484 851 681 9545 20041 657 1425 16725 11215 4437 189 7448 22751 3031 19603 4822 3414 2174 1498
internal_value=-1.19177e-05 -0.000908475 6.99065e-05 -0.00282714 0.000121691 0.000400831 -0.000619707 -0.00124164 0.000675215 0.00107385 0.000556936 -0.00117928 -5.15707e-05 0.000108232 0.000753852 -0.000515371 -0.000686467 0.0020333 0.000216173 0.00281889 0.00181135 0.000639345 0.000202981 -0.000274149 -0.00219723 9.02594e-05 -0.000443624 5.61229e-05 -0.000684113 -0.00140052 0.00149642 -0.00163833 -0.00208165
internal_weight=311286 26033.6 285253 5077.26 273898 104898 13916.8 11468.8 3796.77 3669.74 90981.1 11354.3 169000 125693 36164 43307.6 40583.2 2724.4 23974.4 2512.01 12189.6 18997.6 14829.2 12039.9 3011.29 1904.5 20956.3 14775.6 7952.86 5986.14 1966.72 6180.64 4278.43
internal_count=1256052 104943 1151109 20449 1105425 426591 56625 46554 15305 14794 369966 45684 678834 504953 145328 173881 162828 11053 96419 10202 48909 76378 59653 48438 12074 7637 84494 59569 32538 24425 8113 24925 17233
is_linear=0
shrinkage=0.0343682


Tree=124
num_leaves=34
num_cat=0
split_feature=20 28 19 2 27 3 2 0 2 11 7 27 21 7 11 11 0 3 0 10 10 7 0 0 7 7 11 7 29 2 7 10 29
split_gain=15.3386 13.8858 17.5022 18.8606 13.99 11.993 14.1258 11.7588 11.4014 22.5445 20.5654 10.7111 10.4868 14.0133 12.7956 12.785 14.0672 10.3911 10.0146 11.1658 9.66381 16.1148 10.3779 12.5921 12.7104 13.3023 15.5303 11.2245 9.62521 10.1963 9.49971 9.42039 11.5749
threshold=1.0000000180025095e-35 1.0000000180025095e-35 1.0000000180025095e-35 0.12409250000000001 0.65000000000000002 0.15825650000000005 0.29179650000000007 10658.500000000002 0.34211950000000008 0.17516750000000003 0.37294850000000007 99.450000000000017 1.0000000180025095e-35 0.38135700000000006 0.048465400000000013 0.15324150000000003 55.500000000000007 0.083626800000000015 222.50000000000003 0.083472650000000023 0.18871050000000003 0.58135500000000018 10658.500000000002 6562.5000000000009 0.58212500000000011 0.65946450000000012 0.13827450000000005 0.46978300000000006 2.9950000000000006 0.27024200000000004 0.29758450000000009 0.29460000000000003 2.5250000000000004
decision_type=2 2 2 10 2 8 8 2 10 8 10 2 2 8 10 10 2 8 2 10 8 10 2 2 10 10 10 10 2 10 8 10 2
left_child=1 2 3 4 -1 7 20 8 28 18 -11 -6 13 14 -3 16 -16 -14 -10 -20 22 -22 23 24 -7 26 -26 -25 -2 -30 -8 -15 -33
right_child=5 12 -4 -5 11 6 30 -9 9 10 -12 -13 17 31 15 -17 -18 -19 19 -21 21 -23 -24 27 25 -27 -28 -29 29 -31 -32 32 -34
leaf_value=0.010828881816611907 0.0013156401926131419 0.016164234212136253 -0.0013010531868514353 -0.0002731068886857288 0.0017980200406670633 0.00031397692462662005 -0.01431886192847776 -0.0055874074667438337 0.0027159423057753931 0.00029402598404091587 0.023286780205154293 -0.0064618024425469661 -0.0034048870977764585 5.6334928190608676e-05 0.013429609092317241 -0.00087063773981545787 -0.0054886586250568409 0.00059956167470155924 -0.020978680131813369 -0.0049633929917869118 0.00085144215631833826 0.0086760516446370683 0.0068459363236332031 0.0029225952900638315 -0.015754128196290854 0.0074517817912141708 -0.0033611810871731259 -0.0083689740929408334 -0.0044994618518172311 0.005837304234728221 -0.0022258676938361919 -0.00172698074045851 -0.01320504136873114
leaf_weight=196.53685237467289 26949.519613951445 45.395359799265862 19116.877925768495 117632.5246232897 4858.1741469055414 4844.2184351980686 79.360611021518707 317.10714319348335 189.47302959859371 134.18479380011559 69.875530779361725 192.80097725987434 777.13300839066505 69039.331585884094 48.050358325242996 2903.6962682455778 1373.0455309897661 50717.624333232641 55.262098357081413 739.69590705633163 5235.1953827887774 330.5236082971096 212.25294797122478 135.94018213450909 144.41473257541656 105.41757486760616 690.59912826120853 442.36648096144199 618.46301816403866 137.83803907036781 2313.4548726677895 471.84513726830482 133.03505639731884
leaf_count=801 109272 184 77288 473771 20155 19453 326 1272 764 544 283 782 3149 278506 195 11786 5579 204343 226 3019 21029 1360 857 545 584 426 2811 1778 2499 555 9359 1897 535
internal_value=-3.31515e-06 -0.00010088 -0.000333675 -0.000183176 0.00183278 0.000593302 -0.000213456 0.000994694 0.00106693 -0.0022293 0.00816734 0.00148273 0.000162497 -9.95407e-05 -0.00198737 -0.0021779 -0.00484899 0.000539129 -0.00438439 -0.00607671 0.000262211 0.00131611 -0.000629884 -0.00087926 -0.000395847 -0.00405219 -0.00550453 -0.00571471 0.00120833 -0.00261556 -0.00262695 1.89208e-05 -0.00425142
internal_weight=311251 267506 141997 122880 5247.51 43745.2 14533.7 29211.4 28894.3 1188.49 204.06 5050.98 125509 74014.4 4370.19 4324.79 1421.1 51494.8 984.431 794.958 12140.9 5565.72 6575.21 6362.96 5784.65 940.431 835.014 578.307 27705.8 756.301 2392.82 69644.2 604.88
internal_count=1255933 1078971 572797 495509 21738 176962 58528 118434 117162 4836 827 20937 506174 298682 17744 17560 5774 207492 4009 3245 48843 22389 26454 25597 23274 3821 3395 2323 112326 3054 9685 280938 2432
is_linear=0
shrinkage=0.0343682


Tree=125
num_leaves=34
num_cat=0
split_feature=20 25 16 13 29 26 13 14 15 12 16 13 14 16 14 11 12 15 13 3 14 12 16 11 11 3 14 13 15 26 29 16 13
split_gain=20.4639 19.5909 19.8966 16.8174 13.6978 13.073 13.6103 15.9816 12.2661 27.1781 11.8224 12.0364 11.5125 11.4158 11.2676 13.1825 10.673 16.0556 10.4506 10.1898 9.94174 18.8439 15.8725 9.57211 10.6866 9.53563 13.3794 10.7426 9.48663 9.45165 10.9498 16.3828 12.5926
threshold=1.0000000180025095e-35 1.5000000000000002 0.50877950000000005 0.47435600000000006 0.89500000000000013 8.5000000000000018 0.54127650000000005 0.14174350000000005 2371.5000000000005 3575.5000000000005 0.43350400000000006 0.5440330000000001 0.17605900000000002 0.53980200000000012 0.14598550000000002 0.10009800000000001 225.50000000000003 344.50000000000006 0.49973050000000002 0.059107500000000007 0.13127550000000002 4157.5000000000009 0.48737950000000002 0.14617000000000005 0.13081700000000004 0.11765200000000002 0.15326450000000005 0.51685500000000018 2176.5000000000005 3.5000000000000004 1.5150000000000003 0.50321900000000019 0.61806400000000006
decision_type=2 2 8 8 2 2 8 8 2 2 10 10 10 10 10 10 2 2 8 10 8 2 10 10 10 10 10 10 2 2 2 10 8
left_child=3 2 14 -1 5 6 -5 8 28 23 -3 16 29 -13 18 25 17 -12 -2 -7 21 22 -21 24 -10 27 -27 -16 -8 30 31 -6 -33
right_child=1 10 -4 4 12 19 7 -9 9 -11 11 13 -14 -15 15 -17 -18 -19 -20 20 -22 -23 -24 -25 -26 26 -28 -29 -30 -31 -32 32 -34
leaf_value=-0.0015423402802803837 -0.0034737722459514562 -0.0037223206640245267 0.00043368334428954558 -0.00043329355260689033 0.0020624407569090489 -0.0087263516470329743 0.00021749914161894792 0.001510576042105172 -0.0024418030368322866 0.0017586150545578451 0.016210281902238291 0.0033204272294335528 0.0024085118166241727 -0.00037103388183187011 -0.0072123663188813211 0.00044154654861222343 -0.0012830653183114194 0.00037215365490165321 0.003294192272985733 0.0046120514556085984 -0.0016822599084714862 0.010209008517098909 -0.0014393171713433402 -0.0036872503114701522 0.0016608486237064319 0.0033569458353994129 0.021350559897339826 0.010533918438284065 0.0037421615073419561 -7.1675707209679565e-05 -0.00028382987488364641 0.00043728836933767446 -0.0067203512833330179
leaf_weight=9487.9745424240828 279.92067986726761 1198.334553912282 18908.20692306757 86411.746073007584 10199.988427907228 213.74597129225731 23812.678620174527 10082.0134858042 2205.0186684429646 2731.4450544267893 102.96362082660198 1892.3416995257139 2754.8245845288038 2074.0474475175142 85.759540915489197 4619.7677421122789 6813.6801752001047 284.49793510138988 7229.8265854865313 641.38318911194801 10641.996159940958 218.7945599257946 2537.6192659884691 3149.3325329422951 1136.4506755769253 97.028999820351601 98.219934523105621 75.993750646710396 937.47722205519676 72354.35497276485 11616.215116068721 16102.128100797534 295.65957078337669
leaf_count=38173 1131 4913 76311 348112 41220 861 96362 40669 8969 11013 415 7657 11105 8372 360 18614 27420 1146 29580 2592 42792 880 10212 12711 4604 390 395 330 3803 291815 46925 65062 1208
internal_value=-8.59173e-06 0.000680398 0.00113678 -0.000121291 -6.90408e-05 -0.000290621 -0.000182654 0.00030897 -4.76309e-05 -0.00111747 -0.000478268 -0.000130164 0.000213929 0.00139014 0.00220147 0.000933255 -0.000967548 0.00458096 0.00304192 -0.00127888 -0.00116549 0.000453037 -0.000218417 -0.00232777 -0.00104647 0.00729619 0.0124086 0.00112506 0.000351005 0.000159251 0.000596488 0.000980955 0.000308233
internal_weight=311291 43760.6 31394.7 267531 258043 144720 130466 44054.4 33972.4 9222.25 12365.9 11167.5 113323 3966.39 12486.5 4976.77 7201.14 387.462 7509.75 14253.5 14039.8 3397.8 3179 6490.8 3341.47 357.002 195.249 161.753 24750.2 110568 38214 26597.8 16397.8
internal_count=1256122 177034 127111 1079088 1040915 583580 526243 178131 137462 37297 49923 45010 457335 16029 50800 20089 28981 1561 30711 57337 56476 13684 12804 26284 13573 1475 785 690 100165 446230 154415 107490 66270
is_linear=0
shrinkage=0.0343682


Tree=126
num_leaves=34
num_cat=0
split_feature=13 20 25 29 15 15 2 19 29 27 7 15 11 11 15 11 2 11 13 13 13 8 9 2 15 11 15 9 11 27 15 2 11
split_gain=17.5615 14.5738 23.8636 10.081 10.3197 17.2018 10.5055 15.2773 14.8046 11.7292 13.8489 10.7435 10.4293 11.8552 12.8574 11.0434 9.93121 12.4554 13.008 9.54442 9.4735 13.6004 10.9136 9.31988 10.0066 14.612 12.6594 12.0247 12.0174 11.8095 10.9723 12.6227 9.30681
threshold=0.47699950000000008 1.0000000180025095e-35 1.5000000000000002 0.97500000000000009 5361.5000000000009 8191.5000000000009 0.19842900000000002 1.0000000180025095e-35 0.37500000000000006 27.950000000000003 0.58004350000000005 9474.5000000000018 0.12473350000000001 0.16632450000000001 11395.500000000002 0.081985900000000014 0.21906650000000003 0.10348400000000001 0.49768250000000008 0.5452085000000001 0.5141825000000001 0.41978200000000004 0.073282600000000017 0.29368200000000005 4338.5000000000009 0.25937650000000007 2674.5000000000005 0.20993850000000003 0.18718550000000003 60.95000000000001 800.50000000000011 0.30001000000000005 0.05961265000000001
decision_type=8 2 2 2 2 2 10 2 2 2 10 2 10 10 2 10 10 10 8 10 10 10 10 8 2 10 2 10 10 2 2 10 8
left_child=-1 3 23 4 -2 16 7 8 -7 12 -11 -9 15 14 -14 -8 17 -6 -19 -4 -20 -22 -23 32 25 26 30 -26 -28 -29 31 -25 -3
right_child=1 2 19 -5 5 6 9 11 -10 10 -12 -13 13 -15 -16 -17 -18 18 20 -21 21 22 -24 24 27 -27 28 29 -30 -31 -32 -33 -34
leaf_value=-0.0012541308753909735 -7.8679577659371099e-05 -0.0037464899119556703 -0.0013820586199301051 0.00024378564210352118 -0.0064368726098693475 0.0046051625957218298 0.0047650288493433215 -0.017767674236243342 -0.0018599157557717902 0.00092926632934642946 0.0054434752625161587 -0.0045538538021835957 0.0058352195203133228 -0.0031363468661443294 -0.0063968189232100582 -0.0086210436028100086 -0.0024021054782231363 0.0057720192248748407 -0.0034822941837503603 0.00063734123414118033 -0.012493446970877786 0.0066858284466968882 -0.00012056069444967809 -0.0057358228194570107 -0.0060646990864734775 -0.014679533486359028 0.0023144918176740818 0.011195313979648031 0.01446307161119865 -0.0093859989981637925 -0.0022564024822638025 0.003617868332362285 0.0014930489278365527
leaf_weight=12336.700402066112 133114.75991912186 406.7513779848814 7528.4991494864225 99067.886168986559 405.27163940668106 528.41719643771648 90.894888207316399 96.405568435788155 2008.9546656012535 4453.3592491447926 979.23064836859703 295.28879776597023 513.59222468733788 664.26821209490299 126.50180976092815 365.60534918308258 8085.4284107983112 400.53713509440422 1112.0630432963371 4368.7531123161316 99.890554875135422 297.85302229225636 4230.0431314259768 201.53938686847687 612.04820820689201 73.45550125837326 298.96944223344326 104.61347621679306 141.79129673540592 48.058933719992638 1337.5268285125494 1103.3676686882973 25774.161713957787
leaf_count=49643 536973 1668 30316 399774 1642 2133 368 386 8145 17891 3992 1183 2064 2670 508 1477 32469 1611 4478 17722 400 1205 17102 810 2498 300 1207 426 572 196 5400 4444 104395
internal_value=1.66095e-05 6.90513e-05 0.000662584 -2.79693e-05 -0.000198505 -0.000842876 0.00024635 -0.00148875 -0.000513539 0.000952857 0.00174296 -0.0078061 -0.00148475 7.99921e-05 0.0034178 -0.00595571 -0.00159646 -0.000601294 -0.00021614 -0.000640521 -0.000634005 5.04431e-05 0.000327176 0.00117761 -0.000384951 0.000469565 0.000830485 -0.00391226 0.00622265 0.00471663 -6.89342e-05 0.00217322 0.00141165
internal_weight=311272 298936 41999.5 256936 157868 24753.6 10122.5 2929.07 2537.37 7193.45 5432.59 391.694 1760.86 1304.36 640.094 456.5 14631.1 6545.66 6140.39 11897.3 5739.85 4627.79 4527.9 30102.3 3921.37 3156.65 3083.19 764.721 440.761 152.672 2642.43 1304.91 26180.9
internal_count=1256068 1206425 169954 1036471 636697 99724 40817 11847 10278 28970 21883 1569 7087 5242 2572 1845 58907 26438 24796 48038 23185 18707 18307 121916 15853 12733 12433 3120 1779 622 10654 5254 106063
is_linear=0
shrinkage=0.0343682


Tree=127
num_leaves=34
num_cat=0
split_feature=13 24 26 13 8 5 7 5 10 14 17 8 10 8 10 8 13 14 21 7 5 5 10 28 13 13 13 14 8 13 8 26 7
split_gain=18.3832 15.3756 11.6698 12.3752 11.1559 10.6902 20.7402 12.4268 13.6858 11.8571 10.5671 13.8541 10.1063 10.3807 9.96243 15.7329 9.2588 10.9238 12.1845 8.98899 9.99064 8.91247 8.63161 8.61763 12.5247 11.4199 8.59628 8.98136 10.6862 9.86821 8.7728 8.50756 12.0315
threshold=0.47699950000000008 2.5000000000000004 2.5000000000000004 0.56724300000000005 0.5582140000000001 0.44410500000000003 0.68562450000000019 0.45989250000000009 0.14602600000000002 0.13776950000000002 0.24735150000000003 0.71162500000000006 0.083472650000000023 0.54931150000000006 0.078670100000000007 0.46866100000000005 0.53685950000000016 0.13580300000000003 1.0000000180025095e-35 0.40037450000000008 0.416881 0.44951350000000007 0.074133800000000014 1.0000000180025095e-35 0.48627950000000003 0.53546150000000015 0.52516750000000012 0.12298450000000001 0.43788250000000001 0.51950850000000004 0.6001875000000001 1.5000000000000002 0.52087300000000003
decision_type=8 2 2 10 10 10 10 10 10 8 10 10 8 10 10 10 10 10 2 8 10 10 10 2 10 10 10 10 8 10 8 2 10
left_child=-1 2 4 -4 12 10 7 -7 9 -9 11 -6 13 14 -2 -16 17 26 19 20 -19 -8 -20 24 -21 -25 27 30 29 -29 -3 -17 -33
right_child=1 16 3 -5 5 6 21 8 -10 -11 -12 -13 -14 -15 15 31 -18 18 22 23 -22 -23 -24 25 -26 -27 -28 28 -30 -31 -32 32 -34
leaf_value=-0.0012950126080833498 0.00029052486971961681 -0.0038917002431646096 -9.2084425240579086e-05 0.00068036457531788343 -0.0024473220067716887 0.0036010931916493089 0.0038155670309011035 -0.0025701000778137538 0.0032017806542253844 0.0015048209862684205 0.0010920967690012562 0.015928125798640145 0.00036379496338679473 -0.010006740537442105 -0.02300917166045488 -0.0089496802987416284 3.2549245677215513e-05 0.00069232931211271316 0.0047098960050271713 -0.013817483090798284 -0.0083621298307711908 -0.012862097365216841 -0.00085233977187177269 -0.00051368190395650599 -0.0030020264308681546 -0.013670295420922834 -0.0010408969711458976 0.0040073494623834478 0.0035282625865954132 0.024270015206002877 0.0091083531031772927 0.011359563886730605 -0.008001400344072861
leaf_weight=12356.414251342416 1049.0659659355879 295.30477137863636 183666.34069612622 28268.166734591126 1831.2101852148771 4331.4088774472475 49.988352537155151 1451.648689225316 2334.9127730280161 2013.1009707599878 4647.2230812460184 49.781045213341713 43516.277065053582 187.88310997188091 56.33190655708313 153.97057110071182 10310.870569273829 190.60293239355087 352.82276716828346 131.73627029359341 587.95457543432713 155.83899214863777 4993.6486249864101 2852.1556122899055 3164.6051671653986 80.115777745842934 1312.6406878829002 52.23601508140564 580.48170690238476 62.187947615981102 77.381068333983421 82.834001183509827 69.908946216106415
leaf_count=49724 4214 1188 740178 114708 7542 17731 209 6012 9590 8229 19116 215 174963 758 226 618 41591 782 1418 531 2412 648 20061 11501 12763 323 5285 212 2335 252 315 332 281
internal_value=4.04087e-06 5.77324e-05 0.00013226 1.09461e-05 0.000547071 0.00130121 0.00198884 0.00220827 0.00116806 -0.000202475 0.000212397 -0.00196101 0.000265162 -0.00241743 -0.00140766 -0.00631477 -0.000757378 -0.00131017 -0.00172094 -0.00266376 -0.00614546 -0.00881167 -0.000485278 -0.00222855 -0.00343426 -0.000873148 0.000821758 0.00311196 0.00542048 0.0150198 -0.00119249 -0.00324863 0.00249824
internal_weight=311317 298961 273916 211935 61981.4 16865.1 10336.9 10131.1 5799.66 3464.75 6528.21 1880.99 45116.3 1599.99 1412.11 363.045 25044.7 14733.9 12353.6 7007.17 778.558 205.827 5346.47 6228.61 3296.34 2932.27 2380.23 1067.59 694.906 114.424 372.686 306.714 152.743
internal_count=1256263 1206539 1105570 854886 250684 69292 42419 41562 23831 14241 26873 7757 181392 6429 5671 1457 100969 59378 49791 28312 3194 857 21479 25118 13294 11824 9587 4302 2799 464 1503 1231 613
is_linear=0
shrinkage=0.0343682


Tree=128
num_leaves=34
num_cat=0
split_feature=24 0 6 26 1 0 1 6 6 29 12 0 29 6 29 16 29 1 1 12 12 29 10 25 26 24 0 29 29 0 0 16 0
split_gain=14.5851 14.5061 12.2399 11.873 10.8055 10.4957 10.8089 10.9181 10.4613 10.368 10.0894 10.369 9.85261 16.2372 11.6065 12.3102 12.4238 10.5464 10.2364 9.5288 10.2431 13.3103 9.39526 10.0253 12.5129 11.9793 12.1724 9.32348 9.24828 10.3907 10.1333 9.13621 9.09181
threshold=2.5000000000000004 4496.5000000000009 0.6705215000000001 2.5000000000000004 0.52559750000000005 55.500000000000007 0.50226100000000018 0.38918150000000001 0.61577350000000008 0.92500000000000016 164.50000000000003 2906.5000000000005 2.1050000000000004 0.59008200000000011 0.89500000000000013 0.50877950000000005 1.4150000000000003 0.54328350000000014 0.58052850000000011 2524.5000000000005 1063.5000000000002 1.4450000000000001 0.18512500000000001 1.5000000000000002 7.5000000000000009 1.0000000180025095e-35 491.50000000000006 2.5450000000000004 3.5350000000000006 1271.5000000000002 2011.5000000000002 0.76472000000000018 9060.5000000000018
decision_type=2 2 10 2 8 2 10 8 10 2 2 2 2 8 2 10 2 8 10 2 2 2 10 2 2 2 2 2 2 2 2 10 2
left_child=3 5 -3 12 -5 -2 7 -7 -9 -8 -11 -12 14 -14 -1 16 17 -16 -19 20 -13 -22 23 24 28 26 -25 31 -6 -30 -31 -28 -18
right_child=1 2 -4 4 22 6 9 8 -10 10 11 19 13 -15 15 -17 32 18 -20 -21 21 -23 -24 25 -26 -27 27 -29 29 30 -32 -33 -34
leaf_value=0.00012394265880232702 0.0041738849837094577 -0.0028754805413683969 0.0040478941120656101 -0.00032024006349871584 0.00052845299779355091 0.00070936009301219324 -0.00077076355848982214 -0.00315003031718532 0.0018757418273291793 0.0076464286372597877 1.1812689859300876e-05 0.0057835037260412694 -0.0040977996359671419 0.0038088924325658355 0.0016967750745785766 0.00045212491938449945 0.00097943555170717416 0.0060423533584822936 0.0019678359605124658 0.0057300609973718634 0.0032616671093612291 -0.012773639517301398 0.00076385568925853688 -0.0052803549019838272 -0.00056333096165011318 -0.00014396793272424026 -0.0017313484326140719 0.0044155843399008854 0.0024534316016248613 -0.018989722740287256 -0.0043630349591086007 0.012237661132985725 -0.0042325178361228254
leaf_weight=34929.266498163342 579.19311529397964 4753.6756326854229 322.05111430585384 100610.6121558696 52078.913319021463 1641.2098910212517 8244.3531962037086 4101.3103884756565 555.46370753645897 267.35871034860611 4295.058507412672 171.89962777495384 1244.0412229299545 407.20596791803837 4388.4569687247276 16238.883520454168 3844.9300669878721 1745.3022169619799 1249.8563937842846 821.19654986262321 116.4402332752943 128.75040508806705 24448.399904668331 1034.961132273078 17985.287891641259 18785.977493464947 4937.5902808010578 326.97552874684334 158.5396758466959 78.941471427679062 192.0619512796402 55.92947044968605 440.63996952772141
leaf_count=141235 2340 19145 1303 404394 211408 6676 33183 16562 2240 1082 17301 693 5011 1663 17616 65636 15572 7056 5220 3302 470 518 98491 4181 72521 75905 19944 1319 643 319 777 225 1778
internal_value=-8.68275e-06 -0.000787971 -0.0024362 6.2359e-05 -5.75139e-05 -0.000388111 -0.000517997 -0.00170104 -0.00255055 1.24951e-05 0.00112572 0.000810649 0.000472591 -0.00214797 0.000541454 0.001064 0.0019155 0.00276984 0.00434209 0.00358145 -0.000648876 -0.00515852 0.000162608 8.90372e-06 0.000219048 -0.000580317 -0.00187011 -0.00120674 0.00048703 -0.00453525 -0.00862369 -0.00157489 0.000443545
internal_weight=311181 25998 5075.73 285183 220694 20922.2 20343 6297.98 4656.77 14045.1 5800.7 5533.35 64488.6 1651.25 62837.3 27908.1 11669.2 7383.62 2995.16 1238.29 417.09 245.191 120084 95635.2 70493.7 25141.4 6355.46 5320.5 52508.5 429.543 271.003 4993.52 4285.57
internal_count=1255729 104815 20448 1150914 890127 84367 82027 25478 18802 56549 23366 22284 260787 6674 254113 112878 47242 29892 12276 4983 1681 988 485733 387242 285668 101574 25669 21488 213147 1739 1096 20169 17350
is_linear=0
shrinkage=0.0343682


Tree=129
num_leaves=34
num_cat=0
split_feature=24 0 20 18 18 27 0 11 11 10 27 3 7 4 7 10 18 11 10 0 29 7 3 11 11 3 18 29 3 3 11 27 10
split_gain=15.0582 16.4827 11.4354 13.5074 13.3031 13.4113 12.3645 10.7994 17.5375 10.5765 10.1135 14.2367 12.958 11.1039 10.5799 13.2631 11.6627 10.3181 13.2835 11.552 10.283 9.6426 14.937 13.7339 10.365 15.4864 14.2973 12.6864 10.1364 9.67354 9.55152 11.0464 9.26702
threshold=2.5000000000000004 4496.5000000000009 1.0000000180025095e-35 0.21771600000000002 0.37857950000000001 19.750000000000004 6785.5000000000009 0.14918900000000004 0.13209650000000003 0.15221150000000003 0.35000000000000003 0.101567 0.39513300000000001 0.4329340000000001 0.51115250000000012 0.0510648 0.054312000000000006 0.20724150000000002 0.23440350000000001 4049.5000000000005 2.0250000000000004 0.40037450000000008 0.13964050000000003 0.24044550000000001 0.17931750000000005 0.18182150000000002 0.22039000000000003 2.9950000000000006 0.10979600000000002 0.10683300000000001 0.15005050000000003 46.550000000000004 0.16485500000000003
decision_type=2 2 2 10 10 2 2 10 8 10 2 10 10 10 10 10 10 10 10 2 2 8 10 10 8 10 10 2 10 10 10 2 10
left_child=2 7 -1 6 21 -6 10 8 -2 -9 11 -4 -12 14 15 16 -14 18 -16 20 -19 22 -5 24 25 27 -26 28 29 -23 31 -8 -30
right_child=1 -3 3 4 5 -7 30 9 -10 -11 12 -13 13 -15 17 -17 -18 19 -20 -21 -22 23 -24 -25 26 -27 -28 -29 32 -31 -32 -33 -34
leaf_value=-2.3967635374855874e-05 -0.00057169493055220027 -0.0025574613196049254 -0.011241037178490653 -0.0053383979593375755 0.0094216406215995915 -0.0094933516845362928 -0.014169741247370197 -0.0035538210273190988 0.0023302819591991281 -0.00066445132345529893 -0.0016881565232716687 0.0055040372531091073 -0.0032721909693131197 -0.0029435394358025115 -3.6443992086952808e-05 0.0013901985976570975 0.017576242109665782 0.0041550851525965138 -0.012735587237245447 0.015851428336067296 -0.011152805441256505 0.0041807400864921273 0.0161968306834053 -0.0054289731402737979 0.015223440095077277 -0.010444140731051639 0.0036079082844930528 -0.0077207956450176859 0.00041518868200391275 0.017895220547734264 -0.00090382488381367211 -0.0031641462694025663 0.0039325529348358396
leaf_weight=245191.38018213212 7849.9579912126064 5073.5641993582249 65.043965131044388 53.890987053513527 55.596596464514732 217.45804409682751 146.17778007686138 1860.7486697435379 3582.2574950307608 7642.5383190959692 3235.1053365170956 769.14290454983711 44.604089707136154 990.20854793488979 11892.095719307661 11284.336778387427 109.49377910792828 474.80064621567726 98.094537153840065 89.13124842941761 58.184559136629105 1037.7040179222822 129.36974929273129 291.74530827999115 136.05792242288589 125.56920002400875 1563.6559510082006 162.36377330124378 3450.13609790802 64.526772379875183 1797.6162065267563 409.48135711252689 1189.8790503293276
leaf_count=989097 31667 20441 262 216 227 886 592 7499 14441 30818 13084 3090 179 3980 48217 45273 439 1923 395 361 235 4592 520 1175 552 504 6327 661 13991 263 7240 1657 4802
internal_value=-8.33299e-06 -0.000799968 6.38779e-05 0.000603141 0.0018207 -0.00564207 0.000275066 -0.000374052 0.000337633 -0.00123019 0.000468778 0.00419838 0.000358749 0.000623194 0.000770042 0.00152696 0.0115416 8.3576e-05 -0.000140339 0.00439913 0.00248396 0.00206905 0.00986402 0.00189097 0.00216724 0.00149909 0.0045377 0.00175308 0.00202095 0.00498361 -0.00212117 -0.0060594 0.00131718
internal_weight=311142 26009.1 285133 39941.5 8477.95 273.055 31463.5 20935.5 11432.2 9503.29 29110.2 834.187 28276.1 25040.9 24050.7 11438.4 154.098 12612.3 11990.2 622.116 532.985 8204.9 183.261 8021.64 7729.89 6030.18 1699.71 5904.61 5742.25 1102.23 2353.28 555.659 4640.02
internal_count=1255606 104866 1150740 161643 34716 1113 126927 84425 46108 38317 117438 3352 114086 101002 97022 45891 618 51131 48612 2519 2158 33603 736 32867 31692 24813 6879 24309 23648 4855 9489 2249 18793
is_linear=0
shrinkage=0.0343682


Tree=130
num_leaves=34
num_cat=0
split_feature=13 24 3 11 28 11 25 14 28 27 11 20 25 28 14 11 13 24 6 27 27 13 8 27 6 3 3 3 13 11 8 8 3
split_gain=15.1512 11.253 10.7434 15.593 11.3736 11.2924 9.90087 10.4538 9.57238 9.55755 8.89394 8.47067 20.2096 14.3513 13.4742 16.4274 14.043 12.094 16.1509 11.6463 11.774 11.1827 10.8008 10.2763 10.2709 11.341 11.8927 11.3573 9.23048 8.77584 8.44116 8.42176 8.36735
threshold=0.49366100000000007 2.5000000000000004 0.11811100000000001 0.18157550000000003 1.5000000000000002 0.13525600000000002 1.0000000180025095e-35 0.15076750000000003 1.0000000180025095e-35 27.550000000000004 0.074483350000000018 1.0000000180025095e-35 1.5000000000000002 1.5000000000000002 0.14671250000000005 0.095028600000000005 0.53100850000000011 1.0000000180025095e-35 0.30060250000000005 55.150000000000013 53.550000000000004 0.52873650000000005 0.43465000000000004 76.850000000000009 0.20112350000000004 0.19184200000000004 0.16993600000000003 0.16655850000000003 0.53572050000000015 0.14085900000000004 0.54414400000000007 0.61184850000000013 0.17738850000000003
decision_type=8 2 10 10 2 8 2 10 2 2 10 2 2 2 10 10 8 2 10 2 2 10 10 2 8 10 10 10 10 10 10 10 10
left_child=6 11 3 4 5 -3 7 -1 -9 -6 -11 24 13 14 16 -16 19 18 -14 20 -13 22 23 -17 25 26 27 -2 -28 -21 -20 -24 -30
right_child=1 2 -4 -5 9 -7 -8 8 -10 10 -12 12 17 -15 15 21 -18 -19 30 29 -22 -23 31 -25 -26 -27 28 -29 32 -31 -32 -33 -34
leaf_value=0.00042539656225791663 -0.0018967814961618321 -0.00051025435401354062 -0.00092980551893444632 -0.017998430623763689 -0.00085517338403025961 0.005521732614813102 -0.00023925661903739302 -0.0033344288197617584 -0.00099198477158598738 -0.00036414219492307635 0.011576909281998218 0.0047827503364153041 0.0090111194631980942 -0.00068043371255938707 0.0050336979830264078 -0.00076435631652682244 0.0014855831508662222 -4.2462495342056239e-05 -0.002064480433472658 -0.0020904935839113209 0.013737205236723287 -0.0020885219282255349 0.0017823282254953536 -0.010273547482322749 8.4185123442779268e-05 0.0084080207369011464 -0.011661223828906928 0.0085845820070646305 -0.009353002208673843 0.0037193773607589807 -0.006551927845816324 -0.0067485757073043537 0.0079130689616472832
leaf_weight=2325.5947343409061 2801.4378400743008 2134.4719925522804 20776.859872505069 49.168853163719177 175.64864541590214 442.60506920516491 15156.071119681001 4194.4418512284756 4050.5089101791382 96.650343507528305 309.93870630860329 1893.3390974849463 127.20176307857037 4476.0089414715767 784.4950272589922 555.6849727332592 11206.387648701668 6985.2533406466246 1463.651886343956 504.25698892772198 190.93569092452526 2449.8548728227615 3842.5441104620695 176.98787343502045 221736.54476372898 123.73683339357376 255.4827913492918 127.67577087879181 64.572277575731277 785.40711882710457 748.2467190772295 141.72844414412975 68.132915735244751
leaf_count=9369 11305 8649 83717 198 709 1789 60997 16884 16306 392 1256 7644 513 18128 3187 2252 45631 28219 5877 2042 771 9884 15442 716 894681 501 1035 516 260 3163 3053 584 275
internal_value=-3.49113e-06 6.84933e-05 -0.00064397 0.00120698 0.00150588 0.000525721 -0.000802321 -0.00160964 -0.00218365 0.00584422 0.0087384 0.00013384 0.000620796 0.00109707 0.00145018 0.000312089 0.00207083 -0.000758714 -0.00289766 0.00401471 0.00560305 -0.00020475 0.000773631 -0.00306144 5.52701e-05 -0.00180798 -0.00218904 -0.00143991 -0.00784168 0.00144773 -0.00358251 0.00147887 -0.000488332
internal_weight=311222 285495 23985.3 3208.48 3159.31 2577.08 25726.6 10570.5 8244.95 582.238 406.589 261510 36332 27007.6 22531.6 7951.3 14580.3 9324.35 2339.1 3373.94 2084.27 7166.8 4716.95 732.673 225178 3441.04 3317.3 2929.11 388.188 1289.66 2211.9 3984.27 132.705
internal_count=1255945 1152389 96710 12993 12795 10438 103556 42559 33190 2357 1648 1055679 147106 109444 91316 32065 59251 37662 9443 13620 8415 28878 18994 2968 908573 13892 13391 11821 1570 5205 8930 16026 535
is_linear=0
shrinkage=0.0343682


Tree=131
num_leaves=34
num_cat=0
split_feature=13 13 0 16 14 21 8 0 8 16 8 9 14 8 10 18 5 14 28 7 14 13 10 5 10 0 10 7 7 10 5 18 13
split_gain=12.7166 10.3181 18.2837 19.1786 14.9227 12.7252 14.4654 12.111 37.8745 11.8633 11.7736 11.4289 10.8878 10.9551 10.5809 11.5844 11.5268 10.0412 9.97097 14.1274 13.1098 11.8551 10.9771 10.7972 10.2477 9.70481 9.49395 14.5432 12.2741 11.0521 10.1984 12.373 9.54799
threshold=0.48009300000000005 0.56724300000000005 2371.5000000000005 0.50137250000000011 0.14628350000000004 1.0000000180025095e-35 0.55661300000000014 344.50000000000006 0.51015500000000014 0.66472900000000001 0.60440700000000014 0.082413550000000016 0.11477300000000001 0.54047850000000008 0.12379450000000002 0.020870550000000005 0.41779250000000007 0.12925850000000003 1.0000000180025095e-35 0.40037450000000008 0.1602625 0.52554250000000013 0.034683250000000006 0.36588800000000005 0.31296650000000009 147.50000000000003 0.19968850000000002 0.41272500000000006 0.61730650000000009 0.29460000000000003 0.5000285000000001 0.037458750000000006 0.55730750000000018
decision_type=8 8 2 10 8 2 10 2 10 10 10 10 10 10 8 10 10 10 2 10 10 10 10 10 10 2 10 10 10 10 10 10 10
left_child=-1 7 4 -4 5 14 9 8 -2 -7 11 -6 -5 -14 15 16 -3 -16 20 22 -9 -21 -20 -24 -25 -19 30 -28 29 32 -23 -32 -29
right_child=1 2 3 12 10 6 -8 18 -10 -11 -12 -13 13 -15 17 -17 -18 25 19 21 -22 26 23 24 -26 -27 27 28 -30 -31 31 -33 -34
leaf_value=-0.0010207581776095606 0.00049804901646162978 0.011391311725878733 0.0011802905469377649 -0.005123559681153831 0.0074151869153189472 0.0015196112302020013 -0.0032635346984193174 -2.6373033011798559e-05 -0.0021954901523686178 -0.0039465593063854132 -0.0013006099094602004 0.0026372759988311546 -0.0027872940548193778 0.00078574720525224147 0.0010323919491125007 0.0015253511690036172 0.0032381608280648631 0.0041211704981836458 0.011701528630821212 0.00083230935697449179 -0.0011172621422354066 -3.514004286553233e-05 -0.018163922506889918 -0.0013196903500885297 0.0036461118959292059 -0.001746805310581717 -0.0054153285616809826 0.0020258161885059562 0.01069681975179472 -0.0048766276983811816 0.0031363144190903781 -0.0061937745599975327 -0.0019999717863829801
leaf_weight=13537.216879278421 13371.887013047934 276.4096077978611 3475.9490695595741 1114.8148047924042 823.84656240046024 2640.9103372246027 1854.3828450590372 110094.28406333923 11442.715308994055 570.24210649728775 599.91622450947762 2095.3740161508322 2435.1213983297348 1736.2423196583986 9308.8630004674196 7579.8836751431227 790.8072747439146 372.40614944696426 79.638579994440079 44260.62262031436 14756.208856061101 46995.983439981937 43.660717695951462 8455.3599586635828 521.11816793680191 3138.830436527729 376.49649493396282 6311.994640365243 167.79585693776608 327.3964304625988 226.49999676644802 648.76682396233082 782.08506494760513
leaf_count=54480 53850 1117 14162 4526 3338 10631 7619 444052 46184 2301 2485 8444 9786 7104 37789 30986 3198 1510 322 178149 59413 189749 176 34196 2101 12681 1513 25381 680 1315 916 2616 3148
internal_value=9.4402e-06 5.62898e-05 0.000578835 -0.000802584 0.000981611 0.000702696 -0.000846738 -2.2061e-05 -0.000744018 0.000548919 0.00308451 0.00398567 -0.00210643 -0.00130009 0.00106831 0.00199736 0.00534983 0.000441667 5.44835e-05 0.000294346 -0.000155306 0.000412211 -0.00100217 -0.00111433 -0.00103141 -0.00112444 7.921e-05 0.00117782 0.0015049 0.00129707 -0.000103598 -0.00377935 0.00158199
internal_weight=311214 297677 38814 8762.13 30051.9 26532.7 5065.54 258863 24814.6 3211.15 3519.14 2919.22 5286.18 4171.36 21467.2 8647.1 1067.22 12820.1 234048 109197 124850 100098 9099.78 9020.14 8976.48 3511.24 55837 7965.77 7589.27 7421.48 47871.3 875.267 7094.08
internal_count=1255918 1201438 157677 35578 122099 107832 20551 1043761 100034 12932 14267 11782 21416 16890 87281 35301 4315 51980 943727 440262 503465 403467 36795 36473 36297 14191 225318 32037 30524 29844 193281 3532 28529
is_linear=0
shrinkage=0.0343682


Tree=132
num_leaves=34
num_cat=0
split_feature=24 0 4 7 0 0 1 9 7 25 28 0 1 4 0 9 12 18 1 8 5 5 7 25 8 1 9 4 4 4 9 9 0
split_gain=14.6882 14.0573 10.3911 17.4992 11.951 9.59008 15.101 9.30273 9.21018 11.0076 21.7862 12.0921 14.0265 13.7053 13.587 13.6187 12.4089 17.1925 14.7352 15.4744 14.3322 12.7556 11.6721 11.4506 17.882 17.9704 10.9977 10.8287 10.5662 10.5605 10.5304 10.4021 9.93198
threshold=2.5000000000000004 4496.5000000000009 0.4329340000000001 0.5553855000000002 876.50000000000011 770.50000000000011 0.47946150000000004 0.045663050000000004 0.31455050000000007 1.0000000180025095e-35 1.0000000180025095e-35 628.50000000000011 0.47761450000000005 0.33895350000000007 712.50000000000011 0.19248450000000003 7040.5000000000009 0.23929200000000003 0.51574350000000002 0.54490400000000017 0.48644650000000006 0.48440300000000008 0.34463600000000005 1.5000000000000002 0.44175300000000001 0.50291950000000007 0.46862750000000003 0.40304550000000006 0.32342300000000007 0.38511950000000006 0.11004600000000002 0.51190500000000017 2585.5000000000005
decision_type=2 2 8 10 2 2 10 10 10 2 2 2 10 10 2 10 2 10 10 10 10 10 10 2 10 10 10 10 10 10 10 10 2
left_child=2 -2 8 4 5 -4 -7 -3 -1 11 26 22 14 16 27 -16 -14 18 19 -18 -20 -19 30 31 25 -25 -11 -13 -17 -27 -10 -12 -22
right_child=1 7 3 -5 -6 6 -8 -9 9 10 23 12 13 -15 15 28 17 21 20 -21 32 -23 -24 24 -26 29 -28 -29 -30 -31 -32 -33 -34
leaf_value=-0.0012337469386940352 -0.00041307216872056687 0.0041752363695807546 -2.3816109487453348e-05 -0.0042073188850740174 -0.0031859421119770888 0.016207842006946759 -0.00015356914104059348 -0.0027566019990984776 -0.0045142916167508745 -9.4233729099925647e-05 0.0011937822835899165 -0.011896345314265453 0.00032989225841859363 -0.00035483817336577525 -0.002182809120432702 -0.011422913732196911 0.00091950263125312843 -0.0072267231749561147 0.008469594874066292 -0.020959696257626854 0.00657062650206937 0.0026259399189418587 0.00054049133271681041 0.00072961845877582052 -3.2542818068130484e-05 0.0077581836277037476 0.0053829137065238061 -0.00019586127677172842 0.00081450692998920522 0.0014205958589043957 0.012877300833420105 -0.0094660682705723174 -0.0021794018682852029
leaf_weight=6112.4283980578184 20962.219019606709 240.03011921048164 6161.9889332950115 1718.0264484882355 1461.3200932145119 112.60903909802437 163.19377185404301 4835.9479809254408 54.875269860029221 83320.131504625082 37536.682803481817 258.71833980083466 12493.512678384781 70840.334381848574 6389.197427675128 85.484027475118637 379.20582365989685 297.58575057983398 1001.1372120827436 42.457694053649902 281.76946792006493 324.39036393165588 20041.980843886733 2536.1541007906199 27642.313893094659 911.90746220946312 435.28137518465519 146.23961834609509 3322.3929926753044 470.95094403624535 164.08764737844467 108.43865092098713 335.87199623882771
leaf_count=24772 84536 967 24862 6923 5908 455 655 19485 222 336192 151539 1042 50719 285620 25813 344 1520 1200 4045 170 1143 1303 80958 10247 111403 3653 1751 590 13431 1889 664 436 1377
internal_value=-2.4651e-05 -0.000806028 4.66995e-05 -0.00106379 -0.000380087 0.000256817 0.00652672 -0.00242881 8.54597e-05 0.000115389 0.000307072 -0.000136375 -0.000297093 -0.000154154 -0.00150198 -0.00124698 0.000783864 0.00291414 0.00443894 -0.00128353 0.00592955 -0.00208809 0.000626713 0.000758293 0.000275484 0.00244812 -6.57687e-05 -0.00767103 0.00050754 0.00559983 0.00851872 0.00116308 0.00181238
internal_weight=311189 26038.2 285151 9617.14 7899.11 6437.79 275.803 5075.98 275534 269421 152962 116459 96198.3 85996.3 10202 9797.07 15155.9 2662.42 2040.44 421.664 1618.78 621.976 20260.9 69206.4 31561.3 3919.01 83755.4 404.958 3407.88 1382.86 218.963 37645.1 617.641
internal_count=1255834 104988 1150846 38803 31880 25972 1110 20452 1112043 1087271 617110 470161 388317 347097 41220 39588 61477 10758 8255 1690 6565 2503 81844 279167 127192 15789 337943 1632 13775 5542 886 151975 2520
is_linear=0
shrinkage=0.0343682


end of trees

feature_importances:
asof_batter_success_rate=287
asof_pitcher_n=273
asof_pitcher_reverse_rate=257
asof_pitcher_success_rate=241
asof_pitcher_middle_rate=226
asof_pitcher_prev5_game_success_rate=217
asof_pitcher_ball_rate=211
asof_pitcher_strike_rate=206
asof_pitcher_prev3_game_success_rate=202
asof_pitcher_offspeed_rate=195
asof_pitcher_fastball_rate=191
asof_pitcher_prev1_game_success_rate=180
asof_batter_middle_rate=172
asof_batter_n=156
asof_pitcher_breaking_rate=154
balls_before=117
asof_pitcher_pitchmix_n=113
asof_pitcher_prev5_game_middle_rate=111
asof_pitcher_prev3_game_middle_rate=106
li=104
inning=94
matchup_1_1=91
asof_pitcher_prev1_game_middle_rate=89
same_hand=84
strikes_before=84
home_win_expectancy=84
matchup_1_2=55
num_runners_on=39
matchup_2_1=30
matchup_2_2=20

parameters:
[boosting: gbdt]
[objective: binary]
[metric: binary_logloss]
[tree_learner: serial]
[device_type: cpu]
[data_sample_strategy: bagging]
[data: ]
[valid: ]
[num_iterations: 133]
[learning_rate: 0.0343682]
[num_leaves: 34]
[num_threads: 16]
[seed: 0]
[deterministic: 0]
[force_col_wise: 0]
[force_row_wise: 0]
[histogram_pool_size: -1]
[max_depth: -1]
[min_data_in_leaf: 168]
[min_sum_hessian_in_leaf: 0.001]
[bagging_fraction: 0.955738]
[pos_bagging_fraction: 1]
[neg_bagging_fraction: 1]
[bagging_freq: 1]
[bagging_seed: 7719]
[bagging_by_query: 0]
[feature_fraction: 0.443005]
[feature_fraction_bynode: 1]
[feature_fraction_seed: 2437]
[extra_trees: 0]
[extra_seed: 11797]
[early_stopping_round: 0]
[early_stopping_min_delta: 0]
[first_metric_only: 0]
[max_delta_step: 0]
[lambda_l1: 0]
[lambda_l2: 0]
[linear_lambda: 0]
[min_gain_to_split: 0]
[drop_rate: 0.1]
[max_drop: 50]
[skip_drop: 0.5]
[xgboost_dart_mode: 0]
[uniform_drop: 0]
[drop_seed: 21238]
[top_rate: 0.2]
[other_rate: 0.1]
[min_data_per_group: 100]
[max_cat_threshold: 32]
[cat_l2: 10]
[cat_smooth: 10]
[max_cat_to_onehot: 4]
[top_k: 20]
[monotone_constraints: ]
[monotone_constraints_method: basic]
[monotone_penalty: 0]
[feature_contri: ]
[forcedsplits_filename: ]
[refit_decay_rate: 0.9]
[cegb_tradeoff: 1]
[cegb_penalty_split: 0]
[cegb_penalty_feature_lazy: ]
[cegb_penalty_feature_coupled: ]
[path_smooth: 0]
[interaction_constraints: ]
[verbosity: -1]
[saved_feature_importance_type: 0]
[use_quantized_grad: 0]
[num_grad_quant_bins: 4]
[quant_train_renew_leaf: 0]
[stochastic_rounding: 1]
[linear_tree: 0]
[max_bin: 255]
[max_bin_by_feature: ]
[min_data_in_bin: 3]
[bin_construct_sample_cnt: 200000]
[data_random_seed: 38]
[is_enable_sparse: 1]
[enable_bundle: 1]
[use_missing: 1]
[zero_as_missing: 0]
[feature_pre_filter: 1]
[pre_partition: 0]
[two_round: 0]
[header: 0]
[label_column: ]
[weight_column: ]
[group_column: ]
[ignore_column: ]
[categorical_feature: ]
[forcedbins_filename: ]
[precise_float_parser: 0]
[parser_config_file: ]
[objective_seed: 8855]
[num_class: 1]
[is_unbalance: 0]
[scale_pos_weight: 1]
[sigmoid: 1]
[boost_from_average: 1]
[reg_sqrt: 0]
[alpha: 0.9]
[fair_c: 1]
[poisson_max_delta_step: 0.7]
[tweedie_variance_power: 1.5]
[lambdarank_truncation_level: 30]
[lambdarank_norm: 1]
[label_gain: ]
[lambdarank_position_bias_regularization: 0]
[eval_at: ]
[multi_error_top_k: 1]
[auc_mu_weights: ]
[num_machines: 1]
[local_listen_port: 12400]
[time_out: 120]
[machine_list_filename: ]
[machines: ]
[gpu_platform_id: -1]
[gpu_device_id: -1]
[gpu_device_id_list: ]
[gpu_use_dp: 0]
[num_gpu: 1]

end of parameters

pandas_categorical:null
